Godot Engine v4.7.2.stable.official.ed1daf0bf - https://godotengine.org

[   0% ] [90m[1mfirst_scan_filesystem[22m | Started Project initialization (5 steps)[39m[0m
[   0% ] [90m[1mfirst_scan_filesystem[22m | Scanning file structure...[39m[0m
[  16% ] [90m[1mfirst_scan_filesystem[22m | Loading global class names...[39m[0m
[  33% ] [90m[1mfirst_scan_filesystem[22m | Verifying GDExtensions...[39m[0m
[  50% ] [90m[1mfirst_scan_filesystem[22m | Creating autoload scripts...[39m[0m
[  66% ] [90m[1mfirst_scan_filesystem[22m | Initializing plugins...[39m[0m
[  83% ] [90m[1mfirst_scan_filesystem[22m | Starting file scan...[39m[0m
[92m[ DONE ][39m [1mfirst_scan_filesystem[22m
[0m
[   0% ] [90m[1msavepack[22m | Started Packing (102 steps)[39m[0m
[   1% ] [90m[1msavepack[22m | Storing File: res://.godot/imported/sheet.png-9c015237799dfd91d3deefc26b0e50bb.ctex[39m[0m
[   1% ] [90m[1msavepack[22m | Storing File: res://assets/classes/healer/sheet.png.import[39m[0m
[   1% ] [90m[1msavepack[22m | Storing File: res://.godot/imported/slasher_sheet.png-d45b2867154fcd742ff8363fa12cc162.ctex[39m[0m
[   1% ] [90m[1msavepack[22m | Storing File: res://assets/classes/healer/slasher_sheet.png.import[39m[0m
[   1% ] [90m[1msavepack[22m | Storing File: res://.godot/imported/source.png-46331cf09a37ac3383d89dc3dee7ba82.ctex[39m[0m
[   1% ] [90m[1msavepack[22m | Storing File: res://assets/classes/healer/source.png.import[39m[0m
[   1% ] [90m[1msavepack[22m | Storing File: res://.godot/imported/sheet.png-3ca7b49d7790244642989e69f9460779.ctex[39m[0m
[   1% ] [90m[1msavepack[22m | Storing File: res://assets/classes/mage/sheet.png.import[39m[0m
[   1% ] [90m[1msavepack[22m | Storing File: res://.godot/imported/slasher_sheet.png-bcbdd30f5086917c4aa2b705467aae60.ctex[39m[0m
[   1% ] [90m[1msavepack[22m | Storing File: res://assets/classes/mage/slasher_sheet.png.import[39m[0m
[   1% ] [90m[1msavepack[22m | Storing File: res://.godot/imported/source.png-d10f019844cfea0bde22014d3b1d5074.ctex[39m[0m
[   1% ] [90m[1msavepack[22m | Storing File: res://assets/classes/mage/source.png.import[39m[0m
[   1% ] [90m[1msavepack[22m | Storing File: res://.godot/imported/sheet.png-a92e67f849f9a8925240d17dc4d94e97.ctex[39m[0m
[   1% ] [90m[1msavepack[22m | Storing File: res://assets/classes/phantom/sheet.png.import[39m[0m
[   1% ] [90m[1msavepack[22m | Storing File: res://.godot/imported/slasher_sheet.png-0e7d7d4b1e6ee26efb084f1439e98690.ctex[39m[0m
[   1% ] [90m[1msavepack[22m | Storing File: res://assets/classes/phantom/slasher_sheet.png.import[39m[0m
[   1% ] [90m[1msavepack[22m | Storing File: res://.godot/imported/source.png-1400b8a732ea963c25138bf0b2bc42c9.ctex[39m[0m
[   1% ] [90m[1msavepack[22m | Storing File: res://assets/classes/phantom/source.png.import[39m[0m
[   1% ] [90m[1msavepack[22m | Storing File: res://.godot/imported/sheet.png-06d9b7d4c1874b21f9890574c11ba01a.ctex[39m[0m
[   1% ] [90m[1msavepack[22m | Storing File: res://assets/classes/rogue/sheet.png.import[39m[0m
[   1% ] [90m[1msavepack[22m | Storing File: res://.godot/imported/slasher_sheet.png-52b61bd87c5ab293acb1d676a6c3124a.ctex[39m[0m
[   1% ] [90m[1msavepack[22m | Storing File: res://assets/classes/rogue/slasher_sheet.png.import[39m[0m
[   1% ] [90m[1msavepack[22m | Storing File: res://.godot/imported/source.png-07d784af076f93b0b0eadeb0eacdfd4b.ctex[39m[0m
[   1% ] [90m[1msavepack[22m | Storing File: res://assets/classes/rogue/source.png.import[39m[0m
[   1% ] [90m[1msavepack[22m | Storing File: res://.godot/imported/sheet.png-a2372778750006ecc36cd4ced5704960.ctex[39m[0m
[   1% ] [90m[1msavepack[22m | Storing File: res://assets/classes/summoner/sheet.png.import[39m[0m
[   1% ] [90m[1msavepack[22m | Storing File: res://.godot/imported/slasher_sheet.png-ac3576bca3bc5e79267ebc537da8e2f0.ctex[39m[0m
[   1% ] [90m[1msavepack[22m | Storing File: res://assets/classes/summoner/slasher_sheet.png.import[39m[0m
[   1% ] [90m[1msavepack[22m | Storing File: res://.godot/imported/source.png-8203d4b852de46669976b93ef8bf83a2.ctex[39m[0m
[   1% ] [90m[1msavepack[22m | Storing File: res://assets/classes/summoner/source.png.import[39m[0m
[   1% ] [90m[1msavepack[22m | Storing File: res://.godot/imported/sheet.png-f0599210962d4ddf748f43241919aae4.ctex[39m[0m
[   1% ] [90m[1msavepack[22m | Storing File: res://assets/classes/tank/sheet.png.import[39m[0m
[   1% ] [90m[1msavepack[22m | Storing File: res://.godot/imported/slasher_sheet.png-16d7392f915ad9d04368fc0122b9c5ca.ctex[39m[0m
[   1% ] [90m[1msavepack[22m | Storing File: res://assets/classes/tank/slasher_sheet.png.import[39m[0m
[   1% ] [90m[1msavepack[22m | Storing File: res://.godot/imported/source.png-d3eaad409d048f0f2b717148c1363590.ctex[39m[0m
[   1% ] [90m[1msavepack[22m | Storing File: res://assets/classes/tank/source.png.import[39m[0m
[   1% ] [90m[1msavepack[22m | Storing File: res://.godot/imported/sheet.png-eb200fe40756e40b1497132507225cc7.ctex[39m[0m
[   1% ] [90m[1msavepack[22m | Storing File: res://assets/classes/wolf_companion/sheet.png.import[39m[0m
[   1% ] [90m[1msavepack[22m | Storing File: res://.godot/imported/source.png-648107f7b2ef54a6678e997c805fe4d9.ctex[39m[0m
[   1% ] [90m[1msavepack[22m | Storing File: res://assets/classes/wolf_companion/source.png.import[39m[0m
[   2% ] [90m[1msavepack[22m | Storing File: res://.godot/imported/VFX 1 Hit1.png-9ed5fe0815f3ce926c9a847391475a5d.ctex[39m[0m
[   2% ] [90m[1msavepack[22m | Storing File: res://assets/effect_packs/Aether Effect 01/Aether VFX 1/Separated Frames/VFX 1 Hit1.png.import[39m[0m
[   2% ] [90m[1msavepack[22m | Storing File: res://.godot/imported/VFX 1 Hit2.png-402a663ec703b2bfdf3b6244fc34f206.ctex[39m[0m
[   2% ] [90m[1msavepack[22m | Storing File: res://assets/effect_packs/Aether Effect 01/Aether VFX 1/Separated Frames/VFX 1 Hit2.png.import[39m[0m
[   2% ] [90m[1msavepack[22m | Storing File: res://.godot/imported/VFX 1 Hit3.png-14222b93ca78e95095a25b13a3935076.ctex[39m[0m
[   2% ] [90m[1msavepack[22m | Storing File: res://assets/effect_packs/Aether Effect 01/Aether VFX 1/Separated Frames/VFX 1 Hit3.png.import[39m[0m
[   2% ] [90m[1msavepack[22m | Storing File: res://.godot/imported/VFX 1 Hit4.png-cfd9ad01451c889b97b117d846150583.ctex[39m[0m
[   2% ] [90m[1msavepack[22m | Storing File: res://assets/effect_packs/Aether Effect 01/Aether VFX 1/Separated Frames/VFX 1 Hit4.png.import[39m[0m
[   2% ] [90m[1msavepack[22m | Storing File: res://.godot/imported/VFX 1 Hit5.png-9af5adf5922acad68b7e6d58c2699273.ctex[39m[0m
[   2% ] [90m[1msavepack[22m | Storing File: res://assets/effect_packs/Aether Effect 01/Aether VFX 1/Separated Frames/VFX 1 Hit5.png.import[39m[0m
[   2% ] [90m[1msavepack[22m | Storing File: res://.godot/imported/VFX 1 Hit6.png-37faee18f4ae9706a84f61cfd817844c.ctex[39m[0m
[   2% ] [90m[1msavepack[22m | Storing File: res://assets/effect_packs/Aether Effect 01/Aether VFX 1/Separated Frames/VFX 1 Hit6.png.import[39m[0m
[   2% ] [90m[1msavepack[22m | Storing File: res://.godot/imported/VFX 1 Hit7.png-c704092befc5ca497cdbaac4bdb26215.ctex[39m[0m
[   2% ] [90m[1msavepack[22m | Storing File: res://assets/effect_packs/Aether Effect 01/Aether VFX 1/Separated Frames/VFX 1 Hit7.png.import[39m[0m
[   2% ] [90m[1msavepack[22m | Storing File: res://.godot/imported/VFX 1 Hit8.png-0ed036a97b3ecc1007c686ec63beec71.ctex[39m[0m
[   2% ] [90m[1msavepack[22m | Storing File: res://assets/effect_packs/Aether Effect 01/Aether VFX 1/Separated Frames/VFX 1 Hit8.png.import[39m[0m
[   2% ] [90m[1msavepack[22m | Storing File: res://.godot/imported/VFX 1 Repeatable1.png-3f7868c0abf0b341dcbda572cfde5b65.ctex[39m[0m
[   2% ] [90m[1msavepack[22m | Storing File: res://assets/effect_packs/Aether Effect 01/Aether VFX 1/Separated Frames/VFX 1 Repeatable1.png.import[39m[0m
[   2% ] [90m[1msavepack[22m | Storing File: res://.godot/imported/VFX 1 Repeatable2.png-41f0a50fa7dcdeb455485bd1c88632a6.ctex[39m[0m
[   2% ] [90m[1msavepack[22m | Storing File: res://assets/effect_packs/Aether Effect 01/Aether VFX 1/Separated Frames/VFX 1 Repeatable2.png.import[39m[0m
[   2% ] [90m[1msavepack[22m | Storing File: res://.godot/imported/VFX 1 Repeatable3.png-ee28dfac0087ae949808b2908af9427f.ctex[39m[0m
[   2% ] [90m[1msavepack[22m | Storing File: res://assets/effect_packs/Aether Effect 01/Aether VFX 1/Separated Frames/VFX 1 Repeatable3.png.import[39m[0m
[   2% ] [90m[1msavepack[22m | Storing File: res://.godot/imported/VFX 1 Repeatable4.png-29fd6adb043dddc077dffd0ab37c14fc.ctex[39m[0m
[   2% ] [90m[1msavepack[22m | Storing File: res://assets/effect_packs/Aether Effect 01/Aether VFX 1/Separated Frames/VFX 1 Repeatable4.png.import[39m[0m
[   2% ] [90m[1msavepack[22m | Storing File: res://.godot/imported/VFX 1 Repeatable5.png-c4c28c22dcb1d0d86bb21ce72d8bc3c5.ctex[39m[0m
[   2% ] [90m[1msavepack[22m | Storing File: res://assets/effect_packs/Aether Effect 01/Aether VFX 1/Separated Frames/VFX 1 Repeatable5.png.import[39m[0m
[   2% ] [90m[1msavepack[22m | Storing File: res://.godot/imported/VFX 1 Repeatable6.png-7fed73afaa7c1c8d14c63f8473423e58.ctex[39m[0m
[   2% ] [90m[1msavepack[22m | Storing File: res://assets/effect_packs/Aether Effect 01/Aether VFX 1/Separated Frames/VFX 1 Repeatable6.png.import[39m[0m
[   2% ] [90m[1msavepack[22m | Storing File: res://.godot/imported/VFX 1 Repeatable7.png-6ef7b9a0f275ddcd139503d4ffaf42e0.ctex[39m[0m
[   2% ] [90m[1msavepack[22m | Storing File: res://assets/effect_packs/Aether Effect 01/Aether VFX 1/Separated Frames/VFX 1 Repeatable7.png.import[39m[0m
[   2% ] [90m[1msavepack[22m | Storing File: res://.godot/imported/VFX 1 Repeatable8.png-36a49fbb9a790d47481bd8910eabeedb.ctex[39m[0m
[   2% ] [90m[1msavepack[22m | Storing File: res://assets/effect_packs/Aether Effect 01/Aether VFX 1/Separated Frames/VFX 1 Repeatable8.png.import[39m[0m
[   2% ] [90m[1msavepack[22m | Storing File: res://.godot/imported/VFX 1 Repeatable9.png-70805b6b526a0c0caf2318bb426f944d.ctex[39m[0m
[   2% ] [90m[1msavepack[22m | Storing File: res://assets/effect_packs/Aether Effect 01/Aether VFX 1/Separated Frames/VFX 1 Repeatable9.png.import[39m[0m
[   2% ] [90m[1msavepack[22m | Storing File: res://.godot/imported/VFX 1 Repeatable10.png-133ffc4756c6715dac85fa4be3e8e2c9.ctex[39m[0m
[   2% ] [90m[1msavepack[22m | Storing File: res://assets/effect_packs/Aether Effect 01/Aether VFX 1/Separated Frames/VFX 1 Repeatable10.png.import[39m[0m
[   2% ] [90m[1msavepack[22m | Storing File: res://.godot/imported/VFX 1 Start1.png-4027c2403f9d3460265e0b7ac0b2a6b0.ctex[39m[0m
[   2% ] [90m[1msavepack[22m | Storing File: res://assets/effect_packs/Aether Effect 01/Aether VFX 1/Separated Frames/VFX 1 Start1.png.import[39m[0m
[   3% ] [90m[1msavepack[22m | Storing File: res://.godot/imported/VFX 1 Start2.png-2768c202778d77566cb6982b6fe407bd.ctex[39m[0m
[   3% ] [90m[1msavepack[22m | Storing File: res://assets/effect_packs/Aether Effect 01/Aether VFX 1/Separated Frames/VFX 1 Start2.png.import[39m[0m
[   3% ] [90m[1msavepack[22m | Storing File: res://.godot/imported/VFX 1 Start3.png-d7b37efc5afeaf311514a1610d53375f.ctex[39m[0m
[   3% ] [90m[1msavepack[22m | Storing File: res://assets/effect_packs/Aether Effect 01/Aether VFX 1/Separated Frames/VFX 1 Start3.png.import[39m[0m
[   3% ] [90m[1msavepack[22m | Storing File: res://.godot/imported/Ice VFX 1 192x192.png-3195a2d01e6c4a9a45a3a4649a1c5b79.ctex[39m[0m
[   3% ] [90m[1msavepack[22m | Storing File: res://assets/effect_packs/Aether Effect 01/Aether VFX 1/Ice VFX 1 192x192.png.import[39m[0m
[   3% ] [90m[1msavepack[22m | Storing File: res://.godot/imported/Ice VFX 1 Hit.png-addc62a1fc49f6cdbc3fea623b1210fc.ctex[39m[0m
[   3% ] [90m[1msavepack[22m | Storing File: res://assets/effect_packs/Aether Effect 01/Aether VFX 1/Ice VFX 1 Hit.png.import[39m[0m
[   3% ] [90m[1msavepack[22m | Storing File: res://.godot/imported/Ice VFX 1 Start.png-29dc7d9f2fe6e502d6f7487f8e97e4cc.ctex[39m[0m
[   3% ] [90m[1msavepack[22m | Storing File: res://assets/effect_packs/Aether Effect 01/Aether VFX 1/Ice VFX 1 Start.png.import[39m[0m
[   3% ] [90m[1msavepack[22m | Storing File: res://.godot/imported/IceVFX 1 Repeatable.png-9033d618dabe9447397f7d9a20567293.ctex[39m[0m
[   3% ] [90m[1msavepack[22m | Storing File: res://assets/effect_packs/Aether Effect 01/Aether VFX 1/IceVFX 1 Repeatable.png.import[39m[0m
[   3% ] [90m[1msavepack[22m | Storing File: res://.godot/imported/Ice VFX 2 Active1.png-aff2f1ef19dfb89662e07d1fac8c9260.ctex[39m[0m
[   3% ] [90m[1msavepack[22m | Storing File: res://assets/effect_packs/Aether Effect 01/Aether VFX 2/Separated Frames/Ice VFX 2 Active1.png.import[39m[0m
[   3% ] [90m[1msavepack[22m | Storing File: res://.godot/imported/Ice VFX 2 Active2.png-655091b83a63ff64360b668bc2982a88.ctex[39m[0m
[   3% ] [90m[1msavepack[22m | Storing File: res://assets/effect_packs/Aether Effect 01/Aether VFX 2/Separated Frames/Ice VFX 2 Active2.png.import[39m[0m
[   3% ] [90m[1msavepack[22m | Storing File: res://.godot/imported/Ice VFX 2 Active3.png-87f123081ba8ac93efeeb3668ff384d9.ctex[39m[0m
[   3% ] [90m[1msavepack[22m | Storing File: res://assets/effect_packs/Aether Effect 01/Aether VFX 2/Separated Frames/Ice VFX 2 Active3.png.import[39m[0m
[   3% ] [90m[1msavepack[22m | Storing File: res://.godot/imported/Ice VFX 2 Active4.png-339cff79c4761874bc118a07d1d33e76.ctex[39m[0m
[   3% ] [90m[1msavepack[22m | Storing File: res://assets/effect_packs/Aether Effect 01/Aether VFX 2/Separated Frames/Ice VFX 2 Active4.png.import[39m[0m
[   3% ] [90m[1msavepack[22m | Storing File: res://.godot/imported/Ice VFX 2 Active5.png-1808eed50dddf20affef2c2c6f966696.ctex[39m[0m
[   3% ] [90m[1msavepack[22m | Storing File: res://assets/effect_packs/Aether Effect 01/Aether VFX 2/Separated Frames/Ice VFX 2 Active5.png.import[39m[0m
[   3% ] [90m[1msavepack[22m | Storing File: res://.godot/imported/Ice VFX 2 Active6.png-e88f72af1c24ef773773836547261448.ctex[39m[0m
[   3% ] [90m[1msavepack[22m | Storing File: res://assets/effect_packs/Aether Effect 01/Aether VFX 2/Separated Frames/Ice VFX 2 Active6.png.import[39m[0m
[   3% ] [90m[1msavepack[22m | Storing File: res://.godot/imported/Ice VFX 2 Active7.png-bc0c52ab5be0802d4ff67b18dfa204da.ctex[39m[0m
[   3% ] [90m[1msavepack[22m | Storing File: res://assets/effect_packs/Aether Effect 01/Aether VFX 2/Separated Frames/Ice VFX 2 Active7.png.import[39m[0m
[   3% ] [90m[1msavepack[22m | Storing File: res://.godot/imported/Ice VFX 2 Active8.png-b31048e019886f0a12b591f6b71c6504.ctex[39m[0m
[   3% ] [90m[1msavepack[22m | Storing File: res://assets/effect_packs/Aether Effect 01/Aether VFX 2/Separated Frames/Ice VFX 2 Active8.png.import[39m[0m
[   3% ] [90m[1msavepack[22m | Storing File: res://.godot/imported/Ice VFX 2 Active9.png-5eca5b0d698ea9f5c35e7159edeb4f4e.ctex[39m[0m
[   3% ] [90m[1msavepack[22m | Storing File: res://assets/effect_packs/Aether Effect 01/Aether VFX 2/Separated Frames/Ice VFX 2 Active9.png.import[39m[0m
[   3% ] [90m[1msavepack[22m | Storing File: res://.godot/imported/Ice VFX 2 Ending1.png-55ad906bceea336b469c8b3caaf7eeb7.ctex[39m[0m
[   3% ] [90m[1msavepack[22m | Storing File: res://assets/effect_packs/Aether Effect 01/Aether VFX 2/Separated Frames/Ice VFX 2 Ending1.png.import[39m[0m
[   3% ] [90m[1msavepack[22m | Storing File: res://.godot/imported/Ice VFX 2 Ending2.png-2f3ddc802e1fe0f4c3e14ec65059b41b.ctex[39m[0m
[   3% ] [90m[1msavepack[22m | Storing File: res://assets/effect_packs/Aether Effect 01/Aether VFX 2/Separated Frames/Ice VFX 2 Ending2.png.import[39m[0m
[   3% ] [90m[1msavepack[22m | Storing File: res://.godot/imported/Ice VFX 2 Ending3.png-332a638d27f3158dd527f5c57b8bec9e.ctex[39m[0m
[   3% ] [90m[1msavepack[22m | Storing File: res://assets/effect_packs/Aether Effect 01/Aether VFX 2/Separated Frames/Ice VFX 2 Ending3.png.import[39m[0m
[   3% ] [90m[1msavepack[22m | Storing File: res://.godot/imported/Ice VFX 2 Ending4.png-d46226f19edf49e3bfb50e0cc4a70d50.ctex[39m[0m
[   3% ] [90m[1msavepack[22m | Storing File: res://assets/effect_packs/Aether Effect 01/Aether VFX 2/Separated Frames/Ice VFX 2 Ending4.png.import[39m[0m
[   4% ] [90m[1msavepack[22m | Storing File: res://.godot/imported/Ice VFX 2 Ending5.png-cdb46b7c5079a69c33ed4ceb5efce461.ctex[39m[0m
[   4% ] [90m[1msavepack[22m | Storing File: res://assets/effect_packs/Aether Effect 01/Aether VFX 2/Separated Frames/Ice VFX 2 Ending5.png.import[39m[0m
[   4% ] [90m[1msavepack[22m | Storing File: res://.godot/imported/Ice VFX 2 Ending6.png-460f6e3ca98e2b9865acf44a1e00f37e.ctex[39m[0m
[   4% ] [90m[1msavepack[22m | Storing File: res://assets/effect_packs/Aether Effect 01/Aether VFX 2/Separated Frames/Ice VFX 2 Ending6.png.import[39m[0m
[   4% ] [90m[1msavepack[22m | Storing File: res://.godot/imported/Ice VFX 2 Ending7.png-8be5bb54c2ba41d8aa598952ce929b48.ctex[39m[0m
[   4% ] [90m[1msavepack[22m | Storing File: res://assets/effect_packs/Aether Effect 01/Aether VFX 2/Separated Frames/Ice VFX 2 Ending7.png.import[39m[0m
[   4% ] [90m[1msavepack[22m | Storing File: res://.godot/imported/Ice VFX 2 Ending8.png-0967c4f407b2d5f1b0ab55d25e51f982.ctex[39m[0m
[   4% ] [90m[1msavepack[22m | Storing File: res://assets/effect_packs/Aether Effect 01/Aether VFX 2/Separated Frames/Ice VFX 2 Ending8.png.import[39m[0m
[   4% ] [90m[1msavepack[22m | Storing File: res://.godot/imported/Ice VFX 2 Ending9.png-23de36774742486174003f13a7d572a7.ctex[39m[0m
[   4% ] [90m[1msavepack[22m | Storing File: res://assets/effect_packs/Aether Effect 01/Aether VFX 2/Separated Frames/Ice VFX 2 Ending9.png.import[39m[0m
[   4% ] [90m[1msavepack[22m | Storing File: res://.godot/imported/Ice VFX 2 Ending10.png-1cc4e5418b65b000bbf766a0309f5b3c.ctex[39m[0m
[   4% ] [90m[1msavepack[22m | Storing File: res://assets/effect_packs/Aether Effect 01/Aether VFX 2/Separated Frames/Ice VFX 2 Ending10.png.import[39m[0m
[   4% ] [90m[1msavepack[22m | Storing File: res://.godot/imported/Ice VFX 2 Ending11.png-55c0bdde56acc2a1fe6bf80f71c0d42b.ctex[39m[0m
[   4% ] [90m[1msavepack[22m | Storing File: res://assets/effect_packs/Aether Effect 01/Aether VFX 2/Separated Frames/Ice VFX 2 Ending11.png.import[39m[0m
[   4% ] [90m[1msavepack[22m | Storing File: res://.godot/imported/Ice VFX 2 Ending12.png-5c43d8c369482af7b35a0cf8a80642ce.ctex[39m[0m
[   4% ] [90m[1msavepack[22m | Storing File: res://assets/effect_packs/Aether Effect 01/Aether VFX 2/Separated Frames/Ice VFX 2 Ending12.png.import[39m[0m
[   4% ] [90m[1msavepack[22m | Storing File: res://.godot/imported/Ice VFX 2 Ending13.png-7a1f03c30e18b2876c43c765edd237fe.ctex[39m[0m
[   4% ] [90m[1msavepack[22m | Storing File: res://assets/effect_packs/Aether Effect 01/Aether VFX 2/Separated Frames/Ice VFX 2 Ending13.png.import[39m[0m
[   4% ] [90m[1msavepack[22m | Storing File: res://.godot/imported/Ice VFX 2 Ending14.png-9b874aba3dcc239b263eb5e69faf0f42.ctex[39m[0m
[   4% ] [90m[1msavepack[22m | Storing File: res://assets/effect_packs/Aether Effect 01/Aether VFX 2/Separated Frames/Ice VFX 2 Ending14.png.import[39m[0m
[   4% ] [90m[1msavepack[22m | Storing File: res://.godot/imported/Ice VFX 2 Ending15.png-7f5235f3485add384d508e93ff31514a.ctex[39m[0m
[   4% ] [90m[1msavepack[22m | Storing File: res://assets/effect_packs/Aether Effect 01/Aether VFX 2/Separated Frames/Ice VFX 2 Ending15.png.import[39m[0m
[   4% ] [90m[1msavepack[22m | Storing File: res://.godot/imported/Ice VFX 2 Ending16.png-f919c1d3d1540a2588198227ba153b65.ctex[39m[0m
[   4% ] [90m[1msavepack[22m | Storing File: res://assets/effect_packs/Aether Effect 01/Aether VFX 2/Separated Frames/Ice VFX 2 Ending16.png.import[39m[0m
[   4% ] [90m[1msavepack[22m | Storing File: res://.godot/imported/Ice VFX 2 Ending17.png-6c93ebd0a1a552bd33728f1179d9522c.ctex[39m[0m
[   4% ] [90m[1msavepack[22m | Storing File: res://assets/effect_packs/Aether Effect 01/Aether VFX 2/Separated Frames/Ice VFX 2 Ending17.png.import[39m[0m
[   4% ] [90m[1msavepack[22m | Storing File: res://.godot/imported/Ice VFX 2 Ending18.png-be485cdf3b3c6a9ea36c296842f78cee.ctex[39m[0m
[   4% ] [90m[1msavepack[22m | Storing File: res://assets/effect_packs/Aether Effect 01/Aether VFX 2/Separated Frames/Ice VFX 2 Ending18.png.import[39m[0m
[   4% ] [90m[1msavepack[22m | Storing File: res://.godot/imported/Ice VFX 2 Start1.png-39f3be902deec59f0afcb7d208c805ec.ctex[39m[0m
[   4% ] [90m[1msavepack[22m | Storing File: res://assets/effect_packs/Aether Effect 01/Aether VFX 2/Separated Frames/Ice VFX 2 Start1.png.import[39m[0m
[   4% ] [90m[1msavepack[22m | Storing File: res://.godot/imported/Ice VFX 2 Start2.png-4de814383dd0faf4c7e7a7d2ce3b34e2.ctex[39m[0m
[   4% ] [90m[1msavepack[22m | Storing File: res://assets/effect_packs/Aether Effect 01/Aether VFX 2/Separated Frames/Ice VFX 2 Start2.png.import[39m[0m
[   4% ] [90m[1msavepack[22m | Storing File: res://.godot/imported/Ice VFX 2 Start3.png-a4357dbeea5befff9720d3f03cdc7721.ctex[39m[0m
[   4% ] [90m[1msavepack[22m | Storing File: res://assets/effect_packs/Aether Effect 01/Aether VFX 2/Separated Frames/Ice VFX 2 Start3.png.import[39m[0m
[   4% ] [90m[1msavepack[22m | Storing File: res://.godot/imported/Ice VFX 2 Start4.png-e2650a6c10533727ab0989c660df14dd.ctex[39m[0m
[   4% ] [90m[1msavepack[22m | Storing File: res://assets/effect_packs/Aether Effect 01/Aether VFX 2/Separated Frames/Ice VFX 2 Start4.png.import[39m[0m
[   4% ] [90m[1msavepack[22m | Storing File: res://.godot/imported/Ice VFX 2 Start5.png-438c471b520061aebe7e4f1333c445f5.ctex[39m[0m
[   4% ] [90m[1msavepack[22m | Storing File: res://assets/effect_packs/Aether Effect 01/Aether VFX 2/Separated Frames/Ice VFX 2 Start5.png.import[39m[0m
[   4% ] [90m[1msavepack[22m | Storing File: res://.godot/imported/Ice VFX 2 Start6.png-0eb04152ce214c3b247add79dfec91fa.ctex[39m[0m
[   4% ] [90m[1msavepack[22m | Storing File: res://assets/effect_packs/Aether Effect 01/Aether VFX 2/Separated Frames/Ice VFX 2 Start6.png.import[39m[0m
[   5% ] [90m[1msavepack[22m | Storing File: res://.godot/imported/Ice VFX 2 Start7.png-f111803d389a5bcd319ac6248ed1ced2.ctex[39m[0m
[   5% ] [90m[1msavepack[22m | Storing File: res://assets/effect_packs/Aether Effect 01/Aether VFX 2/Separated Frames/Ice VFX 2 Start7.png.import[39m[0m
[   5% ] [90m[1msavepack[22m | Storing File: res://.godot/imported/Ice VFX 2 Start8.png-f0a13c06d7ca2ab84d608daec8971027.ctex[39m[0m
[   5% ] [90m[1msavepack[22m | Storing File: res://assets/effect_packs/Aether Effect 01/Aether VFX 2/Separated Frames/Ice VFX 2 Start8.png.import[39m[0m
[   5% ] [90m[1msavepack[22m | Storing File: res://.godot/imported/Ice VFX 2 Start9.png-e53866374e5ed505724e4f5fbd7f7a90.ctex[39m[0m
[   5% ] [90m[1msavepack[22m | Storing File: res://assets/effect_packs/Aether Effect 01/Aether VFX 2/Separated Frames/Ice VFX 2 Start9.png.import[39m[0m
[   5% ] [90m[1msavepack[22m | Storing File: res://.godot/imported/Ice VFX 2 192x192.png-def5caf70ba6fca61484637ed4cc2779.ctex[39m[0m
[   5% ] [90m[1msavepack[22m | Storing File: res://assets/effect_packs/Aether Effect 01/Aether VFX 2/Ice VFX 2 192x192.png.import[39m[0m
[   5% ] [90m[1msavepack[22m | Storing File: res://.godot/imported/Ice VFX 2 Active.png-9b564e5e2f2d8be9f25246146a8ac7a2.ctex[39m[0m
[   5% ] [90m[1msavepack[22m | Storing File: res://assets/effect_packs/Aether Effect 01/Aether VFX 2/Ice VFX 2 Active.png.import[39m[0m
[   5% ] [90m[1msavepack[22m | Storing File: res://.godot/imported/Ice VFX 2 Ending.png-6288e74dcaa8d70e4487d6b06dea6b98.ctex[39m[0m
[   5% ] [90m[1msavepack[22m | Storing File: res://assets/effect_packs/Aether Effect 01/Aether VFX 2/Ice VFX 2 Ending.png.import[39m[0m
[   5% ] [90m[1msavepack[22m | Storing File: res://.godot/imported/Ice VFX 2 Start.png-0237b7ef256188cc0a4d1b68932d3b03.ctex[39m[0m
[   5% ] [90m[1msavepack[22m | Storing File: res://assets/effect_packs/Aether Effect 01/Aether VFX 2/Ice VFX 2 Start.png.import[39m[0m
[   5% ] [90m[1msavepack[22m | Storing File: res://.godot/imported/fireball_flight.png-2c1884784585b17c405b4cff87c2a916.ctex[39m[0m
[   5% ] [90m[1msavepack[22m | Storing File: res://assets/effect_packs/fireball/fireball_flight.png.import[39m[0m
[   5% ] [90m[1msavepack[22m | Storing File: res://.godot/imported/fireball_generated_source.png-cceee4832ac425d4a1352bb6b8471d3c.ctex[39m[0m
[   5% ] [90m[1msavepack[22m | Storing File: res://assets/effect_packs/fireball/fireball_generated_source.png.import[39m[0m
[   5% ] [90m[1msavepack[22m | Storing File: res://.godot/imported/fireball_impact.png-f8843cb9cf00aff2f061e084cac3bc86.ctex[39m[0m
[   5% ] [90m[1msavepack[22m | Storing File: res://assets/effect_packs/fireball/fireball_impact.png.import[39m[0m
[   5% ] [90m[1msavepack[22m | Storing File: res://.godot/imported/fireball_start.png-56fa990c0c31f5df198d2d22f1dcb615.ctex[39m[0m
[   5% ] [90m[1msavepack[22m | Storing File: res://assets/effect_packs/fireball/fireball_start.png.import[39m[0m
[   5% ] [90m[1msavepack[22m | Storing File: res://.godot/imported/slasher_animation_source.png-93ae9a88a13448b4e7c29719107fc2f6.ctex[39m[0m
[   5% ] [90m[1msavepack[22m | Storing File: res://assets/enemies/ash_rat/sources/slasher_animation_source.png.import[39m[0m
[   5% ] [90m[1msavepack[22m | Storing File: res://.godot/imported/generated_source.png-a80d92edcab3f5615341fc329dfd996a.ctex[39m[0m
[   5% ] [90m[1msavepack[22m | Storing File: res://assets/enemies/ash_rat/generated_source.png.import[39m[0m
[   5% ] [90m[1msavepack[22m | Storing File: res://.godot/imported/slasher_animation_source.png-f3dd2529f423bc6479e93956afe2f897.ctex[39m[0m
[   5% ] [90m[1msavepack[22m | Storing File: res://assets/enemies/blighted_farmhand/sources/slasher_animation_source.png.import[39m[0m
[   5% ] [90m[1msavepack[22m | Storing File: res://.godot/imported/generated_source.png-3eceb7b8512e6919dcb9ede6e73fb1f2.ctex[39m[0m
[   5% ] [90m[1msavepack[22m | Storing File: res://assets/enemies/blighted_farmhand/generated_source.png.import[39m[0m
[   5% ] [90m[1msavepack[22m | Storing File: res://.godot/imported/generated_boss_lineup.png-7a3aea48678d226f038dd8bd91837b85.ctex[39m[0m
[   5% ] [90m[1msavepack[22m | Storing File: res://assets/enemies/boss_atlas/generated_boss_lineup.png.import[39m[0m
[   5% ] [90m[1msavepack[22m | Storing File: res://.godot/imported/generated_source.png-12db0989069768276b92c3d717b24c96.ctex[39m[0m
[   5% ] [90m[1msavepack[22m | Storing File: res://assets/enemies/briar_guardian/generated_source.png.import[39m[0m
[   5% ] [90m[1msavepack[22m | Storing File: res://.godot/imported/crypt_boss.png-ef1a7f91f19166bf3f6b6ac92ef8b443.ctex[39m[0m
[   5% ] [90m[1msavepack[22m | Storing File: res://assets/enemies/crypt/crypt_boss.png.import[39m[0m
[   5% ] [90m[1msavepack[22m | Storing File: res://.godot/imported/crypt_enemy_sheet.png-13a4a700bfb101753209f8f6d8091b37.ctex[39m[0m
[   5% ] [90m[1msavepack[22m | Storing File: res://assets/enemies/crypt/crypt_enemy_sheet.png.import[39m[0m
[   6% ] [90m[1msavepack[22m | Storing File: res://.godot/imported/ghoul.png-0476b1a413ebcda1945cce9ec03d0b5c.ctex[39m[0m
[   6% ] [90m[1msavepack[22m | Storing File: res://assets/enemies/crypt/ghoul.png.import[39m[0m
[   6% ] [90m[1msavepack[22m | Storing File: res://.godot/imported/necromancer.png-cfee59ddbf9ab1126157ebf71ba52efd.ctex[39m[0m
[   6% ] [90m[1msavepack[22m | Storing File: res://assets/enemies/crypt/necromancer.png.import[39m[0m
[   6% ] [90m[1msavepack[22m | Storing File: res://.godot/imported/skeleton.png-e4029194666b8cb921a9dd40c32e9a99.ctex[39m[0m
[   6% ] [90m[1msavepack[22m | Storing File: res://assets/enemies/crypt/skeleton.png.import[39m[0m
[   6% ] [90m[1msavepack[22m | Storing File: res://.godot/imported/generated_source.png-20cfefc748a4b4c37bf9495d5fec1a94.ctex[39m[0m
[   6% ] [90m[1msavepack[22m | Storing File: res://assets/enemies/crypt_boss/generated_source.png.import[39m[0m
[   6% ] [90m[1msavepack[22m | Storing File: res://.godot/exported/133200997/export-de2b32625411a8b7740405b8918c829b-frames.res[39m[0m
[   6% ] [90m[1msavepack[22m | Storing File: res://.godot/imported/generated_source.png-ede74cadb3e45d85c815364212187a93.ctex[39m[0m
[   6% ] [90m[1msavepack[22m | Storing File: res://assets/enemies/drowned_foreman/generated_source.png.import[39m[0m
[   6% ] [90m[1msavepack[22m | Storing File: res://.godot/imported/slasher_animation_source.png-fd372d623b3cda41fe62e8e0a680558b.ctex[39m[0m
[   6% ] [90m[1msavepack[22m | Storing File: res://assets/enemies/ember_crow/sources/slasher_animation_source.png.import[39m[0m
[   6% ] [90m[1msavepack[22m | Storing File: res://.godot/imported/generated_source.png-c38ff262165e5205392aecc2c93e96d3.ctex[39m[0m
[   6% ] [90m[1msavepack[22m | Storing File: res://assets/enemies/ember_crow/generated_source.png.import[39m[0m
[   6% ] [90m[1msavepack[22m | Storing File: res://.godot/exported/133200997/export-1063ec564c297469ca617c772e3c8740-frames.res[39m[0m
[   6% ] [90m[1msavepack[22m | Storing File: res://.godot/imported/generated_source.png-154d2d8166153e5c49e0c3b7f1e594d8.ctex[39m[0m
[   6% ] [90m[1msavepack[22m | Storing File: res://assets/enemies/feral_wolf/generated_source.png.import[39m[0m
[   6% ] [90m[1msavepack[22m | Storing File: res://.godot/imported/normalized_sheet.png-8ca42cb42d846e2bb0f75b766dc629fd.ctex[39m[0m
[   6% ] [90m[1msavepack[22m | Storing File: res://assets/enemies/feral_wolf/normalized_sheet.png.import[39m[0m
[   6% ] [90m[1msavepack[22m | Storing File: res://.godot/exported/133200997/export-6393fe40abbd07e7fe0ee597a9749f29-frames.res[39m[0m
[   6% ] [90m[1msavepack[22m | Storing File: res://.godot/imported/generated_source.png-572e440144a0a937b726c43ef0e36b2b.ctex[39m[0m
[   6% ] [90m[1msavepack[22m | Storing File: res://assets/enemies/fire_mage/generated_source.png.import[39m[0m
[   6% ] [90m[1msavepack[22m | Storing File: res://.godot/imported/normalized_sheet.png-23988a58bf55898e50cf00f5b7f52614.ctex[39m[0m
[   6% ] [90m[1msavepack[22m | Storing File: res://assets/enemies/fire_mage/normalized_sheet.png.import[39m[0m
[   6% ] [90m[1msavepack[22m | Storing File: res://.godot/imported/slasher_animation_source.png-cc05ad72fe72c9a99d026f33ecb0a9a3.ctex[39m[0m
[   6% ] [90m[1msavepack[22m | Storing File: res://assets/enemies/harvest_wretch/sources/slasher_animation_source.png.import[39m[0m
[   6% ] [90m[1msavepack[22m | Storing File: res://.godot/imported/generated_source.png-7ed214637399cd689fb92d87e0a13117.ctex[39m[0m
[   6% ] [90m[1msavepack[22m | Storing File: res://assets/enemies/harvest_wretch/generated_source.png.import[39m[0m
[   6% ] [90m[1msavepack[22m | Storing File: res://.godot/exported/133200997/export-33cce27ae5dc2415146e15a9393be3b2-frames.res[39m[0m
[   6% ] [90m[1msavepack[22m | Storing File: res://.godot/imported/generated_source.png-dd6e01f1908e9190c96a6ee70db4e9a7.ctex[39m[0m
[   6% ] [90m[1msavepack[22m | Storing File: res://assets/enemies/ice_mage/generated_source.png.import[39m[0m
[   6% ] [90m[1msavepack[22m | Storing File: res://.godot/imported/normalized_sheet.png-26f41d5059c45eb15060b98fac04df99.ctex[39m[0m
[   6% ] [90m[1msavepack[22m | Storing File: res://assets/enemies/ice_mage/normalized_sheet.png.import[39m[0m
[   7% ] [90m[1msavepack[22m | Storing File: res://.godot/imported/generated_source.png-0c005e3cec22442356013216fdebd8a2.ctex[39m[0m
[   7% ] [90m[1msavepack[22m | Storing File: res://assets/enemies/last_warmachine/generated_source.png.import[39m[0m
[   7% ] [90m[1msavepack[22m | Storing File: res://.godot/imported/generated_source.png-12350ac8247bacf11587debc7636b6ed.ctex[39m[0m
[   7% ] [90m[1msavepack[22m | Storing File: res://assets/enemies/moon_court_huntress/generated_source.png.import[39m[0m
[   7% ] [90m[1msavepack[22m | Storing File: res://.godot/exported/133200997/export-1937a6e52805f5ea431b4f162768fa92-frames.res[39m[0m
[   7% ] [90m[1msavepack[22m | Storing File: res://.godot/imported/generated_source.png-b5a7bb27c76d923cb534f176138a1d96.ctex[39m[0m
[   7% ] [90m[1msavepack[22m | Storing File: res://assets/enemies/poison_ranger/generated_source.png.import[39m[0m
[   7% ] [90m[1msavepack[22m | Storing File: res://.godot/imported/normalized_sheet.png-45f2e9c31e20a4254e6b085a19bfcaa1.ctex[39m[0m
[   7% ] [90m[1msavepack[22m | Storing File: res://assets/enemies/poison_ranger/normalized_sheet.png.import[39m[0m
[   7% ] [90m[1msavepack[22m | Storing File: res://.godot/imported/slasher_animation_source.png-28d84407526dd012ffa54a5ae51a59c1.ctex[39m[0m
[   7% ] [90m[1msavepack[22m | Storing File: res://assets/enemies/possessed_scarecrow/sources/slasher_animation_source.png.import[39m[0m
[   7% ] [90m[1msavepack[22m | Storing File: res://.godot/imported/generated_source.png-15456cd0b85935f70561f4b6783a8779.ctex[39m[0m
[   7% ] [90m[1msavepack[22m | Storing File: res://assets/enemies/possessed_scarecrow/generated_source.png.import[39m[0m
[   7% ] [90m[1msavepack[22m | Storing File: res://.godot/exported/133200997/export-5dadf4a1f63633789fbf5858497df77c-frames.res[39m[0m
[   7% ] [90m[1msavepack[22m | Storing File: res://.godot/imported/generated_source.png-59d762ee9db9312db871126211180c22.ctex[39m[0m
[   7% ] [90m[1msavepack[22m | Storing File: res://assets/enemies/thornback_boar/generated_source.png.import[39m[0m
[   7% ] [90m[1msavepack[22m | Storing File: res://.godot/imported/generated_source.png-4c6ad7d733e60de7ee4664283b004078.ctex[39m[0m
[   7% ] [90m[1msavepack[22m | Storing File: res://assets/enemies/unwritten_curator/generated_source.png.import[39m[0m
[   7% ] [90m[1msavepack[22m | Storing File: res://.godot/imported/generated_source.png-5c192c73fbac933acb4df8d16894e54b.ctex[39m[0m
[   7% ] [90m[1msavepack[22m | Storing File: res://assets/enemies/wolf_charger/generated_source.png.import[39m[0m
[   7% ] [90m[1msavepack[22m | Storing File: res://.godot/imported/generated_source.png-5393dfbf2876632a996f3f1ac005f678.ctex[39m[0m
[   7% ] [90m[1msavepack[22m | Storing File: res://assets/enemies/wolf_howler/generated_source.png.import[39m[0m
[   7% ] [90m[1msavepack[22m | Storing File: res://.godot/imported/generated_source.png-6f195689ca92992142408c1b5c858de3.ctex[39m[0m
[   7% ] [90m[1msavepack[22m | Storing File: res://assets/enemies/wolf_hunter/generated_source.png.import[39m[0m
[   7% ] [90m[1msavepack[22m | Storing File: res://.godot/imported/generated_source.png-5964c230c2e4ee00820f50a9871522b4.ctex[39m[0m
[   7% ] [90m[1msavepack[22m | Storing File: res://assets/enemies/wolf_lurker/generated_source.png.import[39m[0m
[   7% ] [90m[1msavepack[22m | Storing File: res://.godot/imported/generated_source.png-a2aa253722799c9244e5369c2bbf30a4.ctex[39m[0m
[   7% ] [90m[1msavepack[22m | Storing File: res://assets/enemies/wolf_vanguard/generated_source.png.import[39m[0m
[   7% ] [90m[1msavepack[22m | Storing File: res://.godot/imported/barn.png-70c5a6843cf147477a5d36d9e7aaa165.ctex[39m[0m
[   7% ] [90m[1msavepack[22m | Storing File: res://assets/field/farmstead/backgrounds/barn.png.import[39m[0m
[   7% ] [90m[1msavepack[22m | Storing File: res://.godot/imported/cellar.png-fbb6fb8eed34c506b431c2d57203962c.ctex[39m[0m
[   7% ] [90m[1msavepack[22m | Storing File: res://assets/field/farmstead/backgrounds/cellar.png.import[39m[0m
[   7% ] [90m[1msavepack[22m | Storing File: res://.godot/imported/crossroads.png-c571106721277d65ed97db9956dfd9df.ctex[39m[0m
[   7% ] [90m[1msavepack[22m | Storing File: res://assets/field/farmstead/backgrounds/crossroads.png.import[39m[0m
[   7% ] [90m[1msavepack[22m | Storing File: res://.godot/imported/farmyard.png-73f5a6d19cf443238a00239a2d8b4bd6.ctex[39m[0m
[   7% ] [90m[1msavepack[22m | Storing File: res://assets/field/farmstead/backgrounds/farmyard.png.import[39m[0m
[   8% ] [90m[1msavepack[22m | Storing File: res://.godot/imported/harvest_field.png-311d9d6ce33de73e09521f3215976bc1.ctex[39m[0m
[   8% ] [90m[1msavepack[22m | Storing File: res://assets/field/farmstead/backgrounds/harvest_field.png.import[39m[0m
[   8% ] [90m[1msavepack[22m | Storing File: res://.godot/imported/storehouse.png-e62ce46b26118299cac6fffec78dec36.ctex[39m[0m
[   8% ] [90m[1msavepack[22m | Storing File: res://assets/field/farmstead/backgrounds/storehouse.png.import[39m[0m
[   8% ] [90m[1msavepack[22m | Storing File: res://.godot/imported/farmstead_atlas_source.png-802a5802d193e6fb5c3a95abb4bc11ea.ctex[39m[0m
[   8% ] [90m[1msavepack[22m | Storing File: res://assets/field/farmstead/sources/farmstead_atlas_source.png.import[39m[0m
[   8% ] [90m[1msavepack[22m | Storing File: res://.godot/imported/ash_rat.png-6beed707a88329493bfaae17a52428ee.ctex[39m[0m
[   8% ] [90m[1msavepack[22m | Storing File: res://assets/field/farmstead/ash_rat.png.import[39m[0m
[   8% ] [90m[1msavepack[22m | Storing File: res://.godot/imported/barrel.png-ffa19e56231471bebfb69ee8edc81462.ctex[39m[0m
[   8% ] [90m[1msavepack[22m | Storing File: res://assets/field/farmstead/barrel.png.import[39m[0m
[   8% ] [90m[1msavepack[22m | Storing File: res://.godot/imported/blighted_farmhand.png-92b675e3198396e7226e096b4df0ac8a.ctex[39m[0m
[   8% ] [90m[1msavepack[22m | Storing File: res://assets/field/farmstead/blighted_farmhand.png.import[39m[0m
[   8% ] [90m[1msavepack[22m | Storing File: res://.godot/imported/ember_crow.png-7ba9948be64b3c338b046db8d4fd23a3.ctex[39m[0m
[   8% ] [90m[1msavepack[22m | Storing File: res://assets/field/farmstead/ember_crow.png.import[39m[0m
[   8% ] [90m[1msavepack[22m | Storing File: res://.godot/imported/fence.png-49d1ae065dcfbaa151db762123e5b615.ctex[39m[0m
[   8% ] [90m[1msavepack[22m | Storing File: res://assets/field/farmstead/fence.png.import[39m[0m
[   8% ] [90m[1msavepack[22m | Storing File: res://.godot/imported/fire_patch.png-28e438c27893b63b5b768184edfdbc6e.ctex[39m[0m
[   8% ] [90m[1msavepack[22m | Storing File: res://assets/field/farmstead/fire_patch.png.import[39m[0m
[   8% ] [90m[1msavepack[22m | Storing File: res://.godot/imported/harvest_wretch.png-69a80a0b7203df062ed9f9343026e8ff.ctex[39m[0m
[   8% ] [90m[1msavepack[22m | Storing File: res://assets/field/farmstead/harvest_wretch.png.import[39m[0m
[   8% ] [90m[1msavepack[22m | Storing File: res://.godot/imported/hay_bale.png-f8afc5bec06f9ba1fe39ffea33ce0553.ctex[39m[0m
[   8% ] [90m[1msavepack[22m | Storing File: res://assets/field/farmstead/hay_bale.png.import[39m[0m
[   8% ] [90m[1msavepack[22m | Storing File: res://.godot/imported/merchant_orin.png-f647667a9264425d1bff50702c50666c.ctex[39m[0m
[   8% ] [90m[1msavepack[22m | Storing File: res://assets/field/farmstead/merchant_orin.png.import[39m[0m
[   8% ] [90m[1msavepack[22m | Storing File: res://.godot/imported/merchant_orin_portrait.png-797da4e5578164bdd18a36b763248b5c.ctex[39m[0m
[   8% ] [90m[1msavepack[22m | Storing File: res://assets/field/farmstead/merchant_orin_portrait.png.import[39m[0m
[   8% ] [90m[1msavepack[22m | Storing File: res://.godot/imported/possessed_scarecrow.png-ecde1727879e4da5e3d4ec0a0d940bfd.ctex[39m[0m
[   8% ] [90m[1msavepack[22m | Storing File: res://assets/field/farmstead/possessed_scarecrow.png.import[39m[0m
[   8% ] [90m[1msavepack[22m | Storing File: res://.godot/imported/return_gate.png-e274b860a4aae82b10d07ca637f03fa3.ctex[39m[0m
[   8% ] [90m[1msavepack[22m | Storing File: res://assets/field/farmstead/return_gate.png.import[39m[0m
[   8% ] [90m[1msavepack[22m | Storing File: res://.godot/imported/tavern_keeper.png-9b41937584927634a8c526f554e8060d.ctex[39m[0m
[   8% ] [90m[1msavepack[22m | Storing File: res://assets/generated_characters/tavern_keeper.png.import[39m[0m
[   8% ] [90m[1msavepack[22m | Storing File: res://.godot/imported/tavern_floor_wood.png-95d04d60dcc9da25101116496e0515aa.ctex[39m[0m
[   8% ] [90m[1msavepack[22m | Storing File: res://assets/generated_maps/tavern_floor_wood.png.import[39m[0m
[   8% ] [90m[1msavepack[22m | Storing File: res://.godot/imported/wooden_exit_door.png-095bc0309a463e13e5d315aa35e14115.ctex[39m[0m
[   8% ] [90m[1msavepack[22m | Storing File: res://assets/generated_ui/wooden_exit_door.png.import[39m[0m
[   8% ] [90m[1msavepack[22m | Storing File: res://.godot/imported/wooden_exit_door.webp-133544dccfb145273d7af36f31cb6104.ctex[39m[0m
[   8% ] [90m[1msavepack[22m | Storing File: res://assets/generated_ui/wooden_exit_door.webp.import[39m[0m
[   8% ] [90m[1msavepack[22m | Storing File: res://.godot/imported/flamethrower_active.png-d702551e5eda3f4e4d094ed0019fdea3.ctex[39m[0m
[   8% ] [90m[1msavepack[22m | Storing File: res://assets/generated_vfx/flamethrower/flamethrower_active.png.import[39m[0m
[   9% ] [90m[1msavepack[22m | Storing File: res://.godot/imported/flamethrower_end.png-189658b976da04da3e77f03dbd9852fe.ctex[39m[0m
[   9% ] [90m[1msavepack[22m | Storing File: res://assets/generated_vfx/flamethrower/flamethrower_end.png.import[39m[0m
[   9% ] [90m[1msavepack[22m | Storing File: res://.godot/imported/flamethrower_generated_source.png-5c90be385cde38a1427666fa62caef49.ctex[39m[0m
[   9% ] [90m[1msavepack[22m | Storing File: res://assets/generated_vfx/flamethrower/flamethrower_generated_source.png.import[39m[0m
[   9% ] [90m[1msavepack[22m | Storing File: res://.godot/imported/flamethrower_start.png-e674072d846ff39876f0437b1baa5b05.ctex[39m[0m
[   9% ] [90m[1msavepack[22m | Storing File: res://assets/generated_vfx/flamethrower/flamethrower_start.png.import[39m[0m
[   9% ] [90m[1msavepack[22m | Storing File: res://.godot/imported/1.png-e80634744d1db73eeb5d3fe6b2cbee43.ctex[39m[0m
[   9% ] [90m[1msavepack[22m | Storing File: res://assets/Humble Gift - Paper UI System v1.1/Sprites/Book Desk/1.png.import[39m[0m
[   9% ] [90m[1msavepack[22m | Storing File: res://.godot/imported/2.png-b304a95c803d3e62c95124bd828b8f91.ctex[39m[0m
[   9% ] [90m[1msavepack[22m | Storing File: res://assets/Humble Gift - Paper UI System v1.1/Sprites/Book Desk/2.png.import[39m[0m
[   9% ] [90m[1msavepack[22m | Storing File: res://.godot/imported/3.png-084864d284b4560af9c5dc8b4938b868.ctex[39m[0m
[   9% ] [90m[1msavepack[22m | Storing File: res://assets/Humble Gift - Paper UI System v1.1/Sprites/Book Desk/3.png.import[39m[0m
[   9% ] [90m[1msavepack[22m | Storing File: res://.godot/imported/4.png-ca0883036dc6e3b67a1cf36a9641c7fb.ctex[39m[0m
[   9% ] [90m[1msavepack[22m | Storing File: res://assets/Humble Gift - Paper UI System v1.1/Sprites/Book Desk/4.png.import[39m[0m
[   9% ] [90m[1msavepack[22m | Storing File: res://.godot/imported/5.png-6e701c88f502ce1561481da186fb6b4b.ctex[39m[0m
[   9% ] [90m[1msavepack[22m | Storing File: res://assets/Humble Gift - Paper UI System v1.1/Sprites/Book Desk/5.png.import[39m[0m
[   9% ] [90m[1msavepack[22m | Storing File: res://.godot/imported/6.png-e005abc346eb1bd6c6814fa8f22f98d9.ctex[39m[0m
[   9% ] [90m[1msavepack[22m | Storing File: res://assets/Humble Gift - Paper UI System v1.1/Sprites/Book Desk/6.png.import[39m[0m
[   9% ] [90m[1msavepack[22m | Storing File: res://.godot/imported/7.png-4a6aecef6912ff625e59f725d4d84b95.ctex[39m[0m
[   9% ] [90m[1msavepack[22m | Storing File: res://assets/Humble Gift - Paper UI System v1.1/Sprites/Book Desk/7.png.import[39m[0m
[   9% ] [90m[1msavepack[22m | Storing File: res://.godot/imported/1.png-3c4af2d039f16fa9d694d2ee07ca5742.ctex[39m[0m
[   9% ] [90m[1msavepack[22m | Storing File: res://assets/Humble Gift - Paper UI System v1.1/Sprites/Content/1 Items/1.png.import[39m[0m
[   9% ] [90m[1msavepack[22m | Storing File: res://.godot/imported/2.png-e60d613e3894a253c4865fadc413ae26.ctex[39m[0m
[   9% ] [90m[1msavepack[22m | Storing File: res://assets/Humble Gift - Paper UI System v1.1/Sprites/Content/1 Items/2.png.import[39m[0m
[   9% ] [90m[1msavepack[22m | Storing File: res://.godot/imported/3.png-47b35b2ebb2336f037b749cbbab57b8e.ctex[39m[0m
[   9% ] [90m[1msavepack[22m | Storing File: res://assets/Humble Gift - Paper UI System v1.1/Sprites/Content/1 Items/3.png.import[39m[0m
[   9% ] [90m[1msavepack[22m | Storing File: res://.godot/imported/4.png-d00f74c18eaf2af54fa053927ccbb551.ctex[39m[0m
[   9% ] [90m[1msavepack[22m | Storing File: res://assets/Humble Gift - Paper UI System v1.1/Sprites/Content/1 Items/4.png.import[39m[0m
[   9% ] [90m[1msavepack[22m | Storing File: res://.godot/imported/5.png-679e844673c55ba75f0832622a2f327c.ctex[39m[0m
[   9% ] [90m[1msavepack[22m | Storing File: res://assets/Humble Gift - Paper UI System v1.1/Sprites/Content/1 Items/5.png.import[39m[0m
[   9% ] [90m[1msavepack[22m | Storing File: res://.godot/imported/6.png-58e24cb98a0aa453203f2a5f095f69c7.ctex[39m[0m
[   9% ] [90m[1msavepack[22m | Storing File: res://assets/Humble Gift - Paper UI System v1.1/Sprites/Content/1 Items/6.png.import[39m[0m
[   9% ] [90m[1msavepack[22m | Storing File: res://.godot/imported/7.png-faffcdb4c83b6d3ccdd0bc01b5add1b6.ctex[39m[0m
[   9% ] [90m[1msavepack[22m | Storing File: res://assets/Humble Gift - Paper UI System v1.1/Sprites/Content/1 Items/7.png.import[39m[0m
[   9% ] [90m[1msavepack[22m | Storing File: res://.godot/imported/8.png-53854270237bd50219f04243decec79b.ctex[39m[0m
[   9% ] [90m[1msavepack[22m | Storing File: res://assets/Humble Gift - Paper UI System v1.1/Sprites/Content/1 Items/8.png.import[39m[0m
[   9% ] [90m[1msavepack[22m | Storing File: res://.godot/imported/9.png-7ab4582df0bba9b07de762ac5527014e.ctex[39m[0m
[   9% ] [90m[1msavepack[22m | Storing File: res://assets/Humble Gift - Paper UI System v1.1/Sprites/Content/1 Items/9.png.import[39m[0m
[  10% ] [90m[1msavepack[22m | Storing File: res://.godot/imported/10.png-93b73acb30fca4f29718d34523aec9a7.ctex[39m[0m
[  10% ] [90m[1msavepack[22m | Storing File: res://assets/Humble Gift - Paper UI System v1.1/Sprites/Content/1 Items/10.png.import[39m[0m
[  10% ] [90m[1msavepack[22m | Storing File: res://.godot/imported/11.png-637077474c52f90684bbd22d257a3a73.ctex[39m[0m
[  10% ] [90m[1msavepack[22m | Storing File: res://assets/Humble Gift - Paper UI System v1.1/Sprites/Content/1 Items/11.png.import[39m[0m
[  10% ] [90m[1msavepack[22m | Storing File: res://.godot/imported/12.png-645a4e71ac299f04a7f68b0ffc2057c8.ctex[39m[0m
[  10% ] [90m[1msavepack[22m | Storing File: res://assets/Humble Gift - Paper UI System v1.1/Sprites/Content/1 Items/12.png.import[39m[0m
[  10% ] [90m[1msavepack[22m | Storing File: res://.godot/imported/13.png-fc1d16100649146e7912d95fcc1bee25.ctex[39m[0m
[  10% ] [90m[1msavepack[22m | Storing File: res://assets/Humble Gift - Paper UI System v1.1/Sprites/Content/1 Items/13.png.import[39m[0m
[  10% ] [90m[1msavepack[22m | Storing File: res://.godot/imported/14.png-578aa9e5bc1eec4974322f5c48f7fbfa.ctex[39m[0m
[  10% ] [90m[1msavepack[22m | Storing File: res://assets/Humble Gift - Paper UI System v1.1/Sprites/Content/1 Items/14.png.import[39m[0m
[  10% ] [90m[1msavepack[22m | Storing File: res://.godot/imported/15.png-29de4e39390598430b25c0a8b5a8d5ac.ctex[39m[0m
[  10% ] [90m[1msavepack[22m | Storing File: res://assets/Humble Gift - Paper UI System v1.1/Sprites/Content/1 Items/15.png.import[39m[0m
[  10% ] [90m[1msavepack[22m | Storing File: res://.godot/imported/16.png-6adbf199ceb556af18f7daabb3a4b422.ctex[39m[0m
[  10% ] [90m[1msavepack[22m | Storing File: res://assets/Humble Gift - Paper UI System v1.1/Sprites/Content/1 Items/16.png.import[39m[0m
[  10% ] [90m[1msavepack[22m | Storing File: res://.godot/imported/17.png-2ef58bc49c9ec9a97860a68e5bf4597d.ctex[39m[0m
[  10% ] [90m[1msavepack[22m | Storing File: res://assets/Humble Gift - Paper UI System v1.1/Sprites/Content/1 Items/17.png.import[39m[0m
[  10% ] [90m[1msavepack[22m | Storing File: res://.godot/imported/18.png-12d8f19d4d20fe0ad83b6184e0edffc3.ctex[39m[0m
[  10% ] [90m[1msavepack[22m | Storing File: res://assets/Humble Gift - Paper UI System v1.1/Sprites/Content/1 Items/18.png.import[39m[0m
[  10% ] [90m[1msavepack[22m | Storing File: res://.godot/imported/19.png-bc5e460d86a11eb734d29ff049c26e0c.ctex[39m[0m
[  10% ] [90m[1msavepack[22m | Storing File: res://assets/Humble Gift - Paper UI System v1.1/Sprites/Content/1 Items/19.png.import[39m[0m
[  10% ] [90m[1msavepack[22m | Storing File: res://.godot/imported/20.png-359f82e77bf2441d3f0c90294cd182a1.ctex[39m[0m
[  10% ] [90m[1msavepack[22m | Storing File: res://assets/Humble Gift - Paper UI System v1.1/Sprites/Content/1 Items/20.png.import[39m[0m
[  10% ] [90m[1msavepack[22m | Storing File: res://.godot/imported/21.png-2d6dea89618c726058326aeb6803b3c5.ctex[39m[0m
[  10% ] [90m[1msavepack[22m | Storing File: res://assets/Humble Gift - Paper UI System v1.1/Sprites/Content/1 Items/21.png.import[39m[0m
[  10% ] [90m[1msavepack[22m | Storing File: res://.godot/imported/22.png-400c8a9e8a5c032ad76255dd5821fa6a.ctex[39m[0m
[  10% ] [90m[1msavepack[22m | Storing File: res://assets/Humble Gift - Paper UI System v1.1/Sprites/Content/1 Items/22.png.import[39m[0m
[  10% ] [90m[1msavepack[22m | Storing File: res://.godot/imported/23.png-7714c11992646f13efeafa4f86b0a2e3.ctex[39m[0m
[  10% ] [90m[1msavepack[22m | Storing File: res://assets/Humble Gift - Paper UI System v1.1/Sprites/Content/1 Items/23.png.import[39m[0m
[  10% ] [90m[1msavepack[22m | Storing File: res://.godot/imported/24.png-bdce0b44bf65b112cebdf29c093bd646.ctex[39m[0m
[  10% ] [90m[1msavepack[22m | Storing File: res://assets/Humble Gift - Paper UI System v1.1/Sprites/Content/1 Items/24.png.import[39m[0m
[  10% ] [90m[1msavepack[22m | Storing File: res://.godot/imported/25.png-febe46bd4031df15262be0f527e15ac4.ctex[39m[0m
[  10% ] [90m[1msavepack[22m | Storing File: res://assets/Humble Gift - Paper UI System v1.1/Sprites/Content/1 Items/25.png.import[39m[0m
[  10% ] [90m[1msavepack[22m | Storing File: res://.godot/imported/26.png-1022f7bfeb12b4dc24816b7acfee1490.ctex[39m[0m
[  10% ] [90m[1msavepack[22m | Storing File: res://assets/Humble Gift - Paper UI System v1.1/Sprites/Content/1 Items/26.png.import[39m[0m
[  10% ] [90m[1msavepack[22m | Storing File: res://.godot/imported/27.png-b4719ca999b1a254a9e1567a0ef8f70d.ctex[39m[0m
[  10% ] [90m[1msavepack[22m | Storing File: res://assets/Humble Gift - Paper UI System v1.1/Sprites/Content/1 Items/27.png.import[39m[0m
[  10% ] [90m[1msavepack[22m | Storing File: res://.godot/imported/1.png-70a1f101bc15332f1b31d81e6b584a5f.ctex[39m[0m
[  10% ] [90m[1msavepack[22m | Storing File: res://assets/Humble Gift - Paper UI System v1.1/Sprites/Content/2 Icons/1.png.import[39m[0m
[  11% ] [90m[1msavepack[22m | Storing File: res://.godot/imported/2.png-e30ad32ef6ea8db70f31393222355db5.ctex[39m[0m
[  11% ] [90m[1msavepack[22m | Storing File: res://assets/Humble Gift - Paper UI System v1.1/Sprites/Content/2 Icons/2.png.import[39m[0m
[  11% ] [90m[1msavepack[22m | Storing File: res://.godot/imported/3.png-861699466d3f8ce574de839d8a71bf46.ctex[39m[0m
[  11% ] [90m[1msavepack[22m | Storing File: res://assets/Humble Gift - Paper UI System v1.1/Sprites/Content/2 Icons/3.png.import[39m[0m
[  11% ] [90m[1msavepack[22m | Storing File: res://.godot/imported/4.png-9f1c60fb33636a0f3c56d99d946d6cfe.ctex[39m[0m
[  11% ] [90m[1msavepack[22m | Storing File: res://assets/Humble Gift - Paper UI System v1.1/Sprites/Content/2 Icons/4.png.import[39m[0m
[  11% ] [90m[1msavepack[22m | Storing File: res://.godot/imported/5.png-d9e81e4d750a8e52350aa78963fafa55.ctex[39m[0m
[  11% ] [90m[1msavepack[22m | Storing File: res://assets/Humble Gift - Paper UI System v1.1/Sprites/Content/2 Icons/5.png.import[39m[0m
[  11% ] [90m[1msavepack[22m | Storing File: res://.godot/imported/6.png-9a49581f79ddd16b4e746083e74a0c06.ctex[39m[0m
[  11% ] [90m[1msavepack[22m | Storing File: res://assets/Humble Gift - Paper UI System v1.1/Sprites/Content/2 Icons/6.png.import[39m[0m
[  11% ] [90m[1msavepack[22m | Storing File: res://.godot/imported/7.png-9056b6035e7ced28f0e22fc26aa03a4e.ctex[39m[0m
[  11% ] [90m[1msavepack[22m | Storing File: res://assets/Humble Gift - Paper UI System v1.1/Sprites/Content/2 Icons/7.png.import[39m[0m
[  11% ] [90m[1msavepack[22m | Storing File: res://.godot/imported/8.png-6cfb05a3f27da04dc8c069804f0b1bee.ctex[39m[0m
[  11% ] [90m[1msavepack[22m | Storing File: res://assets/Humble Gift - Paper UI System v1.1/Sprites/Content/2 Icons/8.png.import[39m[0m
[  11% ] [90m[1msavepack[22m | Storing File: res://.godot/imported/9.png-28c2ffea97bd74f15f1b54f5243b99f6.ctex[39m[0m
[  11% ] [90m[1msavepack[22m | Storing File: res://assets/Humble Gift - Paper UI System v1.1/Sprites/Content/2 Icons/9.png.import[39m[0m
[  11% ] [90m[1msavepack[22m | Storing File: res://.godot/imported/10.png-40d154555b5db132b8052b65c03b4426.ctex[39m[0m
[  11% ] [90m[1msavepack[22m | Storing File: res://assets/Humble Gift - Paper UI System v1.1/Sprites/Content/2 Icons/10.png.import[39m[0m
[  11% ] [90m[1msavepack[22m | Storing File: res://.godot/imported/11.png-6dc8c98180df667eb465347a1c214c3f.ctex[39m[0m
[  11% ] [90m[1msavepack[22m | Storing File: res://assets/Humble Gift - Paper UI System v1.1/Sprites/Content/2 Icons/11.png.import[39m[0m
[  11% ] [90m[1msavepack[22m | Storing File: res://.godot/imported/12.png-9de73d6dd8fa0c7ecb4083cff8334ecb.ctex[39m[0m
[  11% ] [90m[1msavepack[22m | Storing File: res://assets/Humble Gift - Paper UI System v1.1/Sprites/Content/2 Icons/12.png.import[39m[0m
[  11% ] [90m[1msavepack[22m | Storing File: res://.godot/imported/13.png-e8675a811f969ed90a0ce19affbe94ba.ctex[39m[0m
[  11% ] [90m[1msavepack[22m | Storing File: res://assets/Humble Gift - Paper UI System v1.1/Sprites/Content/2 Icons/13.png.import[39m[0m
[  11% ] [90m[1msavepack[22m | Storing File: res://.godot/imported/14.png-e557d5009af3506f4782fdfce2e38a3d.ctex[39m[0m
[  11% ] [90m[1msavepack[22m | Storing File: res://assets/Humble Gift - Paper UI System v1.1/Sprites/Content/2 Icons/14.png.import[39m[0m
[  11% ] [90m[1msavepack[22m | Storing File: res://.godot/imported/15.png-4f2a552f58c91a762cc12e0297c47714.ctex[39m[0m
[  11% ] [90m[1msavepack[22m | Storing File: res://assets/Humble Gift - Paper UI System v1.1/Sprites/Content/2 Icons/15.png.import[39m[0m
[  11% ] [90m[1msavepack[22m | Storing File: res://.godot/imported/16.png-7bbddb0be0944b3ca734d05eb872254b.ctex[39m[0m
[  11% ] [90m[1msavepack[22m | Storing File: res://assets/Humble Gift - Paper UI System v1.1/Sprites/Content/2 Icons/16.png.import[39m[0m
[  11% ] [90m[1msavepack[22m | Storing File: res://.godot/imported/17.png-763c665d14c95d876bca96c8ff767350.ctex[39m[0m
[  11% ] [90m[1msavepack[22m | Storing File: res://assets/Humble Gift - Paper UI System v1.1/Sprites/Content/2 Icons/17.png.import[39m[0m
[  11% ] [90m[1msavepack[22m | Storing File: res://.godot/imported/18.png-ba93fc95d075eff633b4919d2b7f9055.ctex[39m[0m
[  11% ] [90m[1msavepack[22m | Storing File: res://assets/Humble Gift - Paper UI System v1.1/Sprites/Content/2 Icons/18.png.import[39m[0m
[  11% ] [90m[1msavepack[22m | Storing File: res://.godot/imported/19.png-0ebc322a3837c895c2b17f253cb52cf2.ctex[39m[0m
[  11% ] [90m[1msavepack[22m | Storing File: res://assets/Humble Gift - Paper UI System v1.1/Sprites/Content/2 Icons/19.png.import[39m[0m
[  11% ] [90m[1msavepack[22m | Storing File: res://.godot/imported/20.png-4ed4e116b51fd65d91d53c3bf030ddd6.ctex[39m[0m
[  11% ] [90m[1msavepack[22m | Storing File: res://assets/Humble Gift - Paper UI System v1.1/Sprites/Content/2 Icons/20.png.import[39m[0m
[  12% ] [90m[1msavepack[22m | Storing File: res://.godot/imported/21.png-7c5d656a0d4f80a66a40a013cd2c3fe3.ctex[39m[0m
[  12% ] [90m[1msavepack[22m | Storing File: res://assets/Humble Gift - Paper UI System v1.1/Sprites/Content/2 Icons/21.png.import[39m[0m
[  12% ] [90m[1msavepack[22m | Storing File: res://.godot/imported/22.png-37f1cc16f1a5725e1c82cc58e4096e5f.ctex[39m[0m
[  12% ] [90m[1msavepack[22m | Storing File: res://assets/Humble Gift - Paper UI System v1.1/Sprites/Content/2 Icons/22.png.import[39m[0m
[  12% ] [90m[1msavepack[22m | Storing File: res://.godot/imported/23.png-73c7f4e5200942e3e4cc2f268dbf46c4.ctex[39m[0m
[  12% ] [90m[1msavepack[22m | Storing File: res://assets/Humble Gift - Paper UI System v1.1/Sprites/Content/2 Icons/23.png.import[39m[0m
[  12% ] [90m[1msavepack[22m | Storing File: res://.godot/imported/24.png-afbd7ff3e6b3ff33381be1b3a48c03e2.ctex[39m[0m
[  12% ] [90m[1msavepack[22m | Storing File: res://assets/Humble Gift - Paper UI System v1.1/Sprites/Content/2 Icons/24.png.import[39m[0m
[  12% ] [90m[1msavepack[22m | Storing File: res://.godot/imported/25.png-e8b7e9cb28478656f551b13142e25df3.ctex[39m[0m
[  12% ] [90m[1msavepack[22m | Storing File: res://assets/Humble Gift - Paper UI System v1.1/Sprites/Content/2 Icons/25.png.import[39m[0m
[  12% ] [90m[1msavepack[22m | Storing File: res://.godot/imported/26.png-ac5e0e24b536d3e69b5cf30bfb3bad44.ctex[39m[0m
[  12% ] [90m[1msavepack[22m | Storing File: res://assets/Humble Gift - Paper UI System v1.1/Sprites/Content/2 Icons/26.png.import[39m[0m
[  12% ] [90m[1msavepack[22m | Storing File: res://.godot/imported/1.png-96707aba02056589da2edb13b370718e.ctex[39m[0m
[  12% ] [90m[1msavepack[22m | Storing File: res://assets/Humble Gift - Paper UI System v1.1/Sprites/Content/3 Progress Bars/1.png.import[39m[0m
[  12% ] [90m[1msavepack[22m | Storing File: res://.godot/imported/2.png-1fa94618b80d4088a80af672efd0b7ab.ctex[39m[0m
[  12% ] [90m[1msavepack[22m | Storing File: res://assets/Humble Gift - Paper UI System v1.1/Sprites/Content/3 Progress Bars/2.png.import[39m[0m
[  12% ] [90m[1msavepack[22m | Storing File: res://.godot/imported/3.png-2ed5332ef9466b5444c5c3fe5c1cca9b.ctex[39m[0m
[  12% ] [90m[1msavepack[22m | Storing File: res://assets/Humble Gift - Paper UI System v1.1/Sprites/Content/3 Progress Bars/3.png.import[39m[0m
[  12% ] [90m[1msavepack[22m | Storing File: res://.godot/imported/4.png-2a1a7c126f79ab769e07048a0058add5.ctex[39m[0m
[  12% ] [90m[1msavepack[22m | Storing File: res://assets/Humble Gift - Paper UI System v1.1/Sprites/Content/3 Progress Bars/4.png.import[39m[0m
[  12% ] [90m[1msavepack[22m | Storing File: res://.godot/imported/5.png-5e2209191dba9d6b5053727a7239cd45.ctex[39m[0m
[  12% ] [90m[1msavepack[22m | Storing File: res://assets/Humble Gift - Paper UI System v1.1/Sprites/Content/3 Progress Bars/5.png.import[39m[0m
[  12% ] [90m[1msavepack[22m | Storing File: res://.godot/imported/6.png-c2563624786952d41f0aa5ad87ab1af7.ctex[39m[0m
[  12% ] [90m[1msavepack[22m | Storing File: res://assets/Humble Gift - Paper UI System v1.1/Sprites/Content/3 Progress Bars/6.png.import[39m[0m
[  12% ] [90m[1msavepack[22m | Storing File: res://.godot/imported/7.png-515759e052d7fc1b6c893b7b7800c43c.ctex[39m[0m
[  12% ] [90m[1msavepack[22m | Storing File: res://assets/Humble Gift - Paper UI System v1.1/Sprites/Content/3 Progress Bars/7.png.import[39m[0m
[  12% ] [90m[1msavepack[22m | Storing File: res://.godot/imported/8.png-bb7863deeae11db49ff8eb9ce244a77b.ctex[39m[0m
[  12% ] [90m[1msavepack[22m | Storing File: res://assets/Humble Gift - Paper UI System v1.1/Sprites/Content/3 Progress Bars/8.png.import[39m[0m
[  12% ] [90m[1msavepack[22m | Storing File: res://.godot/imported/9.png-36feb269a94f3cea8110af490e644409.ctex[39m[0m
[  12% ] [90m[1msavepack[22m | Storing File: res://assets/Humble Gift - Paper UI System v1.1/Sprites/Content/3 Progress Bars/9.png.import[39m[0m
[  12% ] [90m[1msavepack[22m | Storing File: res://.godot/imported/10.png-4debc162a1c9d86de259ce152a3c292c.ctex[39m[0m
[  12% ] [90m[1msavepack[22m | Storing File: res://assets/Humble Gift - Paper UI System v1.1/Sprites/Content/3 Progress Bars/10.png.import[39m[0m
[  12% ] [90m[1msavepack[22m | Storing File: res://.godot/imported/11.png-54853e45d82ad81bb7cfc840403202a6.ctex[39m[0m
[  12% ] [90m[1msavepack[22m | Storing File: res://assets/Humble Gift - Paper UI System v1.1/Sprites/Content/3 Progress Bars/11.png.import[39m[0m
[  12% ] [90m[1msavepack[22m | Storing File: res://.godot/imported/12.png-72a6123be144ecb262d8e3f477cb93ce.ctex[39m[0m
[  12% ] [90m[1msavepack[22m | Storing File: res://assets/Humble Gift - Paper UI System v1.1/Sprites/Content/3 Progress Bars/12.png.import[39m[0m
[  12% ] [90m[1msavepack[22m | Storing File: res://.godot/imported/13.png-3640f0092ca2fd3ec92cdd7802a2db40.ctex[39m[0m
[  12% ] [90m[1msavepack[22m | Storing File: res://assets/Humble Gift - Paper UI System v1.1/Sprites/Content/3 Progress Bars/13.png.import[39m[0m
[  12% ] [90m[1msavepack[22m | Storing File: res://.godot/imported/14.png-8380d1430ec9ff50c497e56f57f698c8.ctex[39m[0m
[  12% ] [90m[1msavepack[22m | Storing File: res://assets/Humble Gift - Paper UI System v1.1/Sprites/Content/3 Progress Bars/14.png.import[39m[0m
[  13% ] [90m[1msavepack[22m | Storing File: res://.godot/imported/15.png-d23d55fb96b4c02f2a3f091ac7476797.ctex[39m[0m
[  13% ] [90m[1msavepack[22m | Storing File: res://assets/Humble Gift - Paper UI System v1.1/Sprites/Content/3 Progress Bars/15.png.import[39m[0m
[  13% ] [90m[1msavepack[22m | Storing File: res://.godot/imported/1.png-0fd72b0784e4413c19c35b2a0a65c58f.ctex[39m[0m
[  13% ] [90m[1msavepack[22m | Storing File: res://assets/Humble Gift - Paper UI System v1.1/Sprites/Content/4 Buttons/Sliced/1.png.import[39m[0m
[  13% ] [90m[1msavepack[22m | Storing File: res://.godot/imported/2.png-9d8f2695b1aff87270e41e30e8a6cae4.ctex[39m[0m
[  13% ] [90m[1msavepack[22m | Storing File: res://assets/Humble Gift - Paper UI System v1.1/Sprites/Content/4 Buttons/Sliced/2.png.import[39m[0m
[  13% ] [90m[1msavepack[22m | Storing File: res://.godot/imported/3.png-14dd415f4a5d5db05b169160e9ee1fc6.ctex[39m[0m
[  13% ] [90m[1msavepack[22m | Storing File: res://assets/Humble Gift - Paper UI System v1.1/Sprites/Content/4 Buttons/Sliced/3.png.import[39m[0m
[  13% ] [90m[1msavepack[22m | Storing File: res://.godot/imported/4.png-7910987288b69a995f67efd082282c9e.ctex[39m[0m
[  13% ] [90m[1msavepack[22m | Storing File: res://assets/Humble Gift - Paper UI System v1.1/Sprites/Content/4 Buttons/Sliced/4.png.import[39m[0m
[  13% ] [90m[1msavepack[22m | Storing File: res://.godot/imported/5.png-47c35480a6574b4280b5ad25baf1d364.ctex[39m[0m
[  13% ] [90m[1msavepack[22m | Storing File: res://assets/Humble Gift - Paper UI System v1.1/Sprites/Content/4 Buttons/Sliced/5.png.import[39m[0m
[  13% ] [90m[1msavepack[22m | Storing File: res://.godot/imported/6.png-889f53e347a7ac9f590c1748123846ef.ctex[39m[0m
[  13% ] [90m[1msavepack[22m | Storing File: res://assets/Humble Gift - Paper UI System v1.1/Sprites/Content/4 Buttons/Sliced/6.png.import[39m[0m
[  13% ] [90m[1msavepack[22m | Storing File: res://.godot/imported/7.png-21fa79b94131c65f84a83f2311fb78d9.ctex[39m[0m
[  13% ] [90m[1msavepack[22m | Storing File: res://assets/Humble Gift - Paper UI System v1.1/Sprites/Content/4 Buttons/Sliced/7.png.import[39m[0m
[  13% ] [90m[1msavepack[22m | Storing File: res://.godot/imported/8.png-17e87c62abe9f8f4c7e0340398c8b447.ctex[39m[0m
[  13% ] [90m[1msavepack[22m | Storing File: res://assets/Humble Gift - Paper UI System v1.1/Sprites/Content/4 Buttons/Sliced/8.png.import[39m[0m
[  13% ] [90m[1msavepack[22m | Storing File: res://.godot/imported/9.png-55f56ecafe1fb5bbd82ab2a624bbbab0.ctex[39m[0m
[  13% ] [90m[1msavepack[22m | Storing File: res://assets/Humble Gift - Paper UI System v1.1/Sprites/Content/4 Buttons/Sliced/9.png.import[39m[0m
[  13% ] [90m[1msavepack[22m | Storing File: res://.godot/imported/10.png-db620ea8dcc5412996dc0a0a6502d6e5.ctex[39m[0m
[  13% ] [90m[1msavepack[22m | Storing File: res://assets/Humble Gift - Paper UI System v1.1/Sprites/Content/4 Buttons/Sliced/10.png.import[39m[0m
[  13% ] [90m[1msavepack[22m | Storing File: res://.godot/imported/11.png-36b87a839a6539f11b926e1b6727fa70.ctex[39m[0m
[  13% ] [90m[1msavepack[22m | Storing File: res://assets/Humble Gift - Paper UI System v1.1/Sprites/Content/4 Buttons/Sliced/11.png.import[39m[0m
[  13% ] [90m[1msavepack[22m | Storing File: res://.godot/imported/12.png-ffe307d7b8b6839d1ea194774bc28cde.ctex[39m[0m
[  13% ] [90m[1msavepack[22m | Storing File: res://assets/Humble Gift - Paper UI System v1.1/Sprites/Content/4 Buttons/Sliced/12.png.import[39m[0m
[  13% ] [90m[1msavepack[22m | Storing File: res://.godot/imported/13.png-fab462853727249fe5f616b188ec60b4.ctex[39m[0m
[  13% ] [90m[1msavepack[22m | Storing File: res://assets/Humble Gift - Paper UI System v1.1/Sprites/Content/4 Buttons/Sliced/13.png.import[39m[0m
[  13% ] [90m[1msavepack[22m | Storing File: res://.godot/imported/14.png-eed80942400faeaf093fa504475663f1.ctex[39m[0m
[  13% ] [90m[1msavepack[22m | Storing File: res://assets/Humble Gift - Paper UI System v1.1/Sprites/Content/4 Buttons/Sliced/14.png.import[39m[0m
[  13% ] [90m[1msavepack[22m | Storing File: res://.godot/imported/15.png-6b22d8c021826b37aeb74c26d08d8dc5.ctex[39m[0m
[  13% ] [90m[1msavepack[22m | Storing File: res://assets/Humble Gift - Paper UI System v1.1/Sprites/Content/4 Buttons/Sliced/15.png.import[39m[0m
[  13% ] [90m[1msavepack[22m | Storing File: res://.godot/imported/16.png-854a7f31091486ebd320bb28d5971702.ctex[39m[0m
[  13% ] [90m[1msavepack[22m | Storing File: res://assets/Humble Gift - Paper UI System v1.1/Sprites/Content/4 Buttons/Sliced/16.png.import[39m[0m
[  13% ] [90m[1msavepack[22m | Storing File: res://.godot/imported/17.png-69e845ab208bd9a3adb347cbd0b94c5a.ctex[39m[0m
[  13% ] [90m[1msavepack[22m | Storing File: res://assets/Humble Gift - Paper UI System v1.1/Sprites/Content/4 Buttons/Sliced/17.png.import[39m[0m
[  13% ] [90m[1msavepack[22m | Storing File: res://.godot/imported/18.png-5f8bd4bfb961c93fef2c81be0de9d917.ctex[39m[0m
[  13% ] [90m[1msavepack[22m | Storing File: res://assets/Humble Gift - Paper UI System v1.1/Sprites/Content/4 Buttons/Sliced/18.png.import[39m[0m
[  14% ] [90m[1msavepack[22m | Storing File: res://.godot/imported/19.png-c2a193ebe0e2bf137468e49f0b8d5350.ctex[39m[0m
[  14% ] [90m[1msavepack[22m | Storing File: res://assets/Humble Gift - Paper UI System v1.1/Sprites/Content/4 Buttons/Sliced/19.png.import[39m[0m
[  14% ] [90m[1msavepack[22m | Storing File: res://.godot/imported/20.png-6fd19c5cd74c8bbedd9389e8d306716b.ctex[39m[0m
[  14% ] [90m[1msavepack[22m | Storing File: res://assets/Humble Gift - Paper UI System v1.1/Sprites/Content/4 Buttons/Sliced/20.png.import[39m[0m
[  14% ] [90m[1msavepack[22m | Storing File: res://.godot/imported/21.png-fdc5892542c2d70c0db0b2fbc13e40b5.ctex[39m[0m
[  14% ] [90m[1msavepack[22m | Storing File: res://assets/Humble Gift - Paper UI System v1.1/Sprites/Content/4 Buttons/Sliced/21.png.import[39m[0m
[  14% ] [90m[1msavepack[22m | Storing File: res://.godot/imported/22.png-39c3a323d42e7630f0205b2e70bfbb20.ctex[39m[0m
[  14% ] [90m[1msavepack[22m | Storing File: res://assets/Humble Gift - Paper UI System v1.1/Sprites/Content/4 Buttons/Sliced/22.png.import[39m[0m
[  14% ] [90m[1msavepack[22m | Storing File: res://.godot/imported/23.png-a0a2481c30218db289aa503d5c154d0a.ctex[39m[0m
[  14% ] [90m[1msavepack[22m | Storing File: res://assets/Humble Gift - Paper UI System v1.1/Sprites/Content/4 Buttons/Sliced/23.png.import[39m[0m
[  14% ] [90m[1msavepack[22m | Storing File: res://.godot/imported/24.png-b03c4c69f74a389b3d44a1a9809c1620.ctex[39m[0m
[  14% ] [90m[1msavepack[22m | Storing File: res://assets/Humble Gift - Paper UI System v1.1/Sprites/Content/4 Buttons/Sliced/24.png.import[39m[0m
[  14% ] [90m[1msavepack[22m | Storing File: res://.godot/imported/25.png-b8caaf5b3e79881071090461a9b9291c.ctex[39m[0m
[  14% ] [90m[1msavepack[22m | Storing File: res://assets/Humble Gift - Paper UI System v1.1/Sprites/Content/4 Buttons/Sliced/25.png.import[39m[0m
[  14% ] [90m[1msavepack[22m | Storing File: res://.godot/imported/26.png-360e89df0d0a7ede5aab43a1d65d1816.ctex[39m[0m
[  14% ] [90m[1msavepack[22m | Storing File: res://assets/Humble Gift - Paper UI System v1.1/Sprites/Content/4 Buttons/Sliced/26.png.import[39m[0m
[  14% ] [90m[1msavepack[22m | Storing File: res://.godot/imported/27.png-aa72c55402a3cd0d7530372d9a7afa93.ctex[39m[0m
[  14% ] [90m[1msavepack[22m | Storing File: res://assets/Humble Gift - Paper UI System v1.1/Sprites/Content/4 Buttons/Sliced/27.png.import[39m[0m
[  14% ] [90m[1msavepack[22m | Storing File: res://.godot/imported/28.png-694c04e427f71fe1b5505fa17e40c4ac.ctex[39m[0m
[  14% ] [90m[1msavepack[22m | Storing File: res://assets/Humble Gift - Paper UI System v1.1/Sprites/Content/4 Buttons/Sliced/28.png.import[39m[0m
[  14% ] [90m[1msavepack[22m | Storing File: res://.godot/imported/29.png-c1e1215b538a530320136a12d898157f.ctex[39m[0m
[  14% ] [90m[1msavepack[22m | Storing File: res://assets/Humble Gift - Paper UI System v1.1/Sprites/Content/4 Buttons/Sliced/29.png.import[39m[0m
[  14% ] [90m[1msavepack[22m | Storing File: res://.godot/imported/30.png-c65f0efb4c6de4568cf2ef7d72e67ab4.ctex[39m[0m
[  14% ] [90m[1msavepack[22m | Storing File: res://assets/Humble Gift - Paper UI System v1.1/Sprites/Content/4 Buttons/Sliced/30.png.import[39m[0m
[  14% ] [90m[1msavepack[22m | Storing File: res://.godot/imported/31.png-20fa541f5303e8c5f89b3e3c30f4cfd5.ctex[39m[0m
[  14% ] [90m[1msavepack[22m | Storing File: res://assets/Humble Gift - Paper UI System v1.1/Sprites/Content/4 Buttons/Sliced/31.png.import[39m[0m
[  14% ] [90m[1msavepack[22m | Storing File: res://.godot/imported/32.png-1c0e4b600c92fec5674aea59c8820270.ctex[39m[0m
[  14% ] [90m[1msavepack[22m | Storing File: res://assets/Humble Gift - Paper UI System v1.1/Sprites/Content/4 Buttons/Sliced/32.png.import[39m[0m
[  14% ] [90m[1msavepack[22m | Storing File: res://.godot/imported/33.png-44c932b37aac774c45be67e3c331a374.ctex[39m[0m
[  14% ] [90m[1msavepack[22m | Storing File: res://assets/Humble Gift - Paper UI System v1.1/Sprites/Content/4 Buttons/Sliced/33.png.import[39m[0m
[  14% ] [90m[1msavepack[22m | Storing File: res://.godot/imported/0.png-f6ec0054a67781ead6a06aca894442b4.ctex[39m[0m
[  14% ] [90m[1msavepack[22m | Storing File: res://assets/Humble Gift - Paper UI System v1.1/Sprites/Content/4 Buttons/0.png.import[39m[0m
[  14% ] [90m[1msavepack[22m | Storing File: res://.godot/imported/1.png-2b1f2ebc1bac5fe06622cf2925c76268.ctex[39m[0m
[  14% ] [90m[1msavepack[22m | Storing File: res://assets/Humble Gift - Paper UI System v1.1/Sprites/Content/4 Buttons/1.png.import[39m[0m
[  14% ] [90m[1msavepack[22m | Storing File: res://.godot/imported/2.png-131777273708f107e9a6f26e7d51102e.ctex[39m[0m
[  14% ] [90m[1msavepack[22m | Storing File: res://assets/Humble Gift - Paper UI System v1.1/Sprites/Content/4 Buttons/2.png.import[39m[0m
[  14% ] [90m[1msavepack[22m | Storing File: res://.godot/imported/3.png-7993c9f951d75e5164cac7c099a582a9.ctex[39m[0m
[  14% ] [90m[1msavepack[22m | Storing File: res://assets/Humble Gift - Paper UI System v1.1/Sprites/Content/4 Buttons/3.png.import[39m[0m
[  15% ] [90m[1msavepack[22m | Storing File: res://.godot/imported/4.png-530bd149625b4199213cc3081356661a.ctex[39m[0m
[  15% ] [90m[1msavepack[22m | Storing File: res://assets/Humble Gift - Paper UI System v1.1/Sprites/Content/4 Buttons/4.png.import[39m[0m
[  15% ] [90m[1msavepack[22m | Storing File: res://.godot/imported/5.png-61f9b1232b45d57f062c3839b09998c3.ctex[39m[0m
[  15% ] [90m[1msavepack[22m | Storing File: res://assets/Humble Gift - Paper UI System v1.1/Sprites/Content/4 Buttons/5.png.import[39m[0m
[  15% ] [90m[1msavepack[22m | Storing File: res://.godot/imported/6.png-81a8a270a57312bc721da99b667ae41d.ctex[39m[0m
[  15% ] [90m[1msavepack[22m | Storing File: res://assets/Humble Gift - Paper UI System v1.1/Sprites/Content/4 Buttons/6.png.import[39m[0m
[  15% ] [90m[1msavepack[22m | Storing File: res://.godot/imported/7.png-40baed718832130621c7a3e767b030a4.ctex[39m[0m
[  15% ] [90m[1msavepack[22m | Storing File: res://assets/Humble Gift - Paper UI System v1.1/Sprites/Content/4 Buttons/7.png.import[39m[0m
[  15% ] [90m[1msavepack[22m | Storing File: res://.godot/imported/8.png-e5a5b3b8c401d8ac45829c8fb08643aa.ctex[39m[0m
[  15% ] [90m[1msavepack[22m | Storing File: res://assets/Humble Gift - Paper UI System v1.1/Sprites/Content/4 Buttons/8.png.import[39m[0m
[  15% ] [90m[1msavepack[22m | Storing File: res://.godot/imported/9.png-495b4d1a2bed5e8f57db109668a80ea3.ctex[39m[0m
[  15% ] [90m[1msavepack[22m | Storing File: res://assets/Humble Gift - Paper UI System v1.1/Sprites/Content/4 Buttons/9.png.import[39m[0m
[  15% ] [90m[1msavepack[22m | Storing File: res://.godot/imported/1.png-ff1ab100791be7799cfc931499115502.ctex[39m[0m
[  15% ] [90m[1msavepack[22m | Storing File: res://assets/Humble Gift - Paper UI System v1.1/Sprites/Content/5 Holders/1.png.import[39m[0m
[  15% ] [90m[1msavepack[22m | Storing File: res://.godot/imported/2.png-3114bb3236f79eae8d4ec14b64528ea0.ctex[39m[0m
[  15% ] [90m[1msavepack[22m | Storing File: res://assets/Humble Gift - Paper UI System v1.1/Sprites/Content/5 Holders/2.png.import[39m[0m
[  15% ] [90m[1msavepack[22m | Storing File: res://.godot/imported/3.png-f48d79bc7570e21efe1dc90d53a1eafb.ctex[39m[0m
[  15% ] [90m[1msavepack[22m | Storing File: res://assets/Humble Gift - Paper UI System v1.1/Sprites/Content/5 Holders/3.png.import[39m[0m
[  15% ] [90m[1msavepack[22m | Storing File: res://.godot/imported/4.png-c9afcfb6f0a93544d38a3ed84326f15e.ctex[39m[0m
[  15% ] [90m[1msavepack[22m | Storing File: res://assets/Humble Gift - Paper UI System v1.1/Sprites/Content/5 Holders/4.png.import[39m[0m
[  15% ] [90m[1msavepack[22m | Storing File: res://.godot/imported/5.png-6117c965e2063cdd1ba1281e474d5ac0.ctex[39m[0m
[  15% ] [90m[1msavepack[22m | Storing File: res://assets/Humble Gift - Paper UI System v1.1/Sprites/Content/5 Holders/5.png.import[39m[0m
[  15% ] [90m[1msavepack[22m | Storing File: res://.godot/imported/6.png-141fc218027805ba77afe7e88329a03e.ctex[39m[0m
[  15% ] [90m[1msavepack[22m | Storing File: res://assets/Humble Gift - Paper UI System v1.1/Sprites/Content/5 Holders/6.png.import[39m[0m
[  15% ] [90m[1msavepack[22m | Storing File: res://.godot/imported/7.png-821f9e5d0dedaa81ac4ac0d19f833125.ctex[39m[0m
[  15% ] [90m[1msavepack[22m | Storing File: res://assets/Humble Gift - Paper UI System v1.1/Sprites/Content/5 Holders/7.png.import[39m[0m
[  15% ] [90m[1msavepack[22m | Storing File: res://.godot/imported/8.png-8f0749520d45f1b92ac369b38980a19d.ctex[39m[0m
[  15% ] [90m[1msavepack[22m | Storing File: res://assets/Humble Gift - Paper UI System v1.1/Sprites/Content/5 Holders/8.png.import[39m[0m
[  15% ] [90m[1msavepack[22m | Storing File: res://.godot/imported/9.png-cf04b4bfd12e33de25e6715045ca29de.ctex[39m[0m
[  15% ] [90m[1msavepack[22m | Storing File: res://assets/Humble Gift - Paper UI System v1.1/Sprites/Content/5 Holders/9.png.import[39m[0m
[  15% ] [90m[1msavepack[22m | Storing File: res://.godot/imported/10.png-0a35227e2567c379023d0bf5b4139b5c.ctex[39m[0m
[  15% ] [90m[1msavepack[22m | Storing File: res://assets/Humble Gift - Paper UI System v1.1/Sprites/Content/5 Holders/10.png.import[39m[0m
[  15% ] [90m[1msavepack[22m | Storing File: res://.godot/imported/11.png-c20cab47b44f077658552e31a1f0be92.ctex[39m[0m
[  15% ] [90m[1msavepack[22m | Storing File: res://assets/Humble Gift - Paper UI System v1.1/Sprites/Content/5 Holders/11.png.import[39m[0m
[  15% ] [90m[1msavepack[22m | Storing File: res://.godot/imported/12.png-088ac346f711b6f7916ccac3276493f2.ctex[39m[0m
[  15% ] [90m[1msavepack[22m | Storing File: res://assets/Humble Gift - Paper UI System v1.1/Sprites/Content/5 Holders/12.png.import[39m[0m
[  15% ] [90m[1msavepack[22m | Storing File: res://.godot/imported/13.png-be5b167b501f8b0c5ecd0c2480c25978.ctex[39m[0m
[  15% ] [90m[1msavepack[22m | Storing File: res://assets/Humble Gift - Paper UI System v1.1/Sprites/Content/5 Holders/13.png.import[39m[0m
[  16% ] [90m[1msavepack[22m | Storing File: res://.godot/imported/14.png-a53d3de4332787b38be5416b222c16ac.ctex[39m[0m
[  16% ] [90m[1msavepack[22m | Storing File: res://assets/Humble Gift - Paper UI System v1.1/Sprites/Content/5 Holders/14.png.import[39m[0m
[  16% ] [90m[1msavepack[22m | Storing File: res://.godot/imported/15.png-611526e06bf4d72d61960b5b938157ec.ctex[39m[0m
[  16% ] [90m[1msavepack[22m | Storing File: res://assets/Humble Gift - Paper UI System v1.1/Sprites/Content/5 Holders/15.png.import[39m[0m
[  16% ] [90m[1msavepack[22m | Storing File: res://.godot/imported/16.png-b3e515859eaf75d82a6f18d4fca83b86.ctex[39m[0m
[  16% ] [90m[1msavepack[22m | Storing File: res://assets/Humble Gift - Paper UI System v1.1/Sprites/Content/5 Holders/16.png.import[39m[0m
[  16% ] [90m[1msavepack[22m | Storing File: res://.godot/imported/17.png-5396f6ba5fa3177a5ced34634af05c91.ctex[39m[0m
[  16% ] [90m[1msavepack[22m | Storing File: res://assets/Humble Gift - Paper UI System v1.1/Sprites/Content/5 Holders/17.png.import[39m[0m
[  16% ] [90m[1msavepack[22m | Storing File: res://.godot/imported/18.png-29673e6bad4aa952d3c753e65a8e29bb.ctex[39m[0m
[  16% ] [90m[1msavepack[22m | Storing File: res://assets/Humble Gift - Paper UI System v1.1/Sprites/Content/5 Holders/18.png.import[39m[0m
[  16% ] [90m[1msavepack[22m | Storing File: res://.godot/imported/19.png-0b5d287499346182d645e73ae5a98be8.ctex[39m[0m
[  16% ] [90m[1msavepack[22m | Storing File: res://assets/Humble Gift - Paper UI System v1.1/Sprites/Content/5 Holders/19.png.import[39m[0m
[  16% ] [90m[1msavepack[22m | Storing File: res://.godot/imported/20.png-3671603efc589a60840f36dd614dc73b.ctex[39m[0m
[  16% ] [90m[1msavepack[22m | Storing File: res://assets/Humble Gift - Paper UI System v1.1/Sprites/Content/5 Holders/20.png.import[39m[0m
[  16% ] [90m[1msavepack[22m | Storing File: res://.godot/imported/21.png-e1213419836f870cf1fc8f4d941ffd69.ctex[39m[0m
[  16% ] [90m[1msavepack[22m | Storing File: res://assets/Humble Gift - Paper UI System v1.1/Sprites/Content/5 Holders/21.png.import[39m[0m
[  16% ] [90m[1msavepack[22m | Storing File: res://.godot/imported/22.png-1e18e499878e98867268eb5911be44cd.ctex[39m[0m
[  16% ] [90m[1msavepack[22m | Storing File: res://assets/Humble Gift - Paper UI System v1.1/Sprites/Content/5 Holders/22.png.import[39m[0m
[  16% ] [90m[1msavepack[22m | Storing File: res://.godot/imported/23.png-b6c22af7106540667f79d6175b556e84.ctex[39m[0m
[  16% ] [90m[1msavepack[22m | Storing File: res://assets/Humble Gift - Paper UI System v1.1/Sprites/Content/5 Holders/23.png.import[39m[0m
[  16% ] [90m[1msavepack[22m | Storing File: res://.godot/imported/24.png-20594eaa6908186ffba2538634c82a20.ctex[39m[0m
[  16% ] [90m[1msavepack[22m | Storing File: res://assets/Humble Gift - Paper UI System v1.1/Sprites/Content/5 Holders/24.png.import[39m[0m
[  16% ] [90m[1msavepack[22m | Storing File: res://.godot/imported/25.png-9ac106a448f4487cca1e3965ca1d8b8d.ctex[39m[0m
[  16% ] [90m[1msavepack[22m | Storing File: res://assets/Humble Gift - Paper UI System v1.1/Sprites/Content/5 Holders/25.png.import[39m[0m
[  16% ] [90m[1msavepack[22m | Storing File: res://.godot/imported/1.png-19695800b220d2ecf729dec203e14fcc.ctex[39m[0m
[  16% ] [90m[1msavepack[22m | Storing File: res://assets/Humble Gift - Paper UI System v1.1/Sprites/Content/6 Highlighter/1.png.import[39m[0m
[  16% ] [90m[1msavepack[22m | Storing File: res://.godot/imported/2.png-8b63ed61aa575c8be9525b47987e3acd.ctex[39m[0m
[  16% ] [90m[1msavepack[22m | Storing File: res://assets/Humble Gift - Paper UI System v1.1/Sprites/Content/6 Highlighter/2.png.import[39m[0m
[  16% ] [90m[1msavepack[22m | Storing File: res://.godot/imported/3.png-421d5f08dca8fa5bdb1fdfb468ffe95c.ctex[39m[0m
[  16% ] [90m[1msavepack[22m | Storing File: res://assets/Humble Gift - Paper UI System v1.1/Sprites/Content/6 Highlighter/3.png.import[39m[0m
[  16% ] [90m[1msavepack[22m | Storing File: res://.godot/imported/4.png-2fb2c6ab88f96acb074ca0f6baaa5a39.ctex[39m[0m
[  16% ] [90m[1msavepack[22m | Storing File: res://assets/Humble Gift - Paper UI System v1.1/Sprites/Content/6 Highlighter/4.png.import[39m[0m
[  16% ] [90m[1msavepack[22m | Storing File: res://.godot/imported/5.png-bde65c646f503b105b298be8468d84ec.ctex[39m[0m
[  16% ] [90m[1msavepack[22m | Storing File: res://assets/Humble Gift - Paper UI System v1.1/Sprites/Content/6 Highlighter/5.png.import[39m[0m
[  16% ] [90m[1msavepack[22m | Storing File: res://.godot/imported/6.png-8c4cfe5f43ac3da9098fb76ea260469d.ctex[39m[0m
[  16% ] [90m[1msavepack[22m | Storing File: res://assets/Humble Gift - Paper UI System v1.1/Sprites/Content/6 Highlighter/6.png.import[39m[0m
[  16% ] [90m[1msavepack[22m | Storing File: res://.godot/imported/7.png-4b5d5c1778be8cd3c16ec6481b817bab.ctex[39m[0m
[  16% ] [90m[1msavepack[22m | Storing File: res://assets/Humble Gift - Paper UI System v1.1/Sprites/Content/6 Highlighter/7.png.import[39m[0m
[  16% ] [90m[1msavepack[22m | Storing File: res://.godot/imported/8.png-9e5f6864edf00c81defc9fce16acff5a.ctex[39m[0m
[  16% ] [90m[1msavepack[22m | Storing File: res://assets/Humble Gift - Paper UI System v1.1/Sprites/Content/6 Highlighter/8.png.import[39m[0m
[  17% ] [90m[1msavepack[22m | Storing File: res://.godot/imported/1.png-358122f73590404a68efdc020f4490c2.ctex[39m[0m
[  17% ] [90m[1msavepack[22m | Storing File: res://assets/Humble Gift - Paper UI System v1.1/Sprites/Content/7 Day & Night Cycle/1.png.import[39m[0m
[  17% ] [90m[1msavepack[22m | Storing File: res://.godot/imported/2.png-3c368f697bd12301a82edac20523232b.ctex[39m[0m
[  17% ] [90m[1msavepack[22m | Storing File: res://assets/Humble Gift - Paper UI System v1.1/Sprites/Content/7 Day & Night Cycle/2.png.import[39m[0m
[  17% ] [90m[1msavepack[22m | Storing File: res://.godot/imported/3.png-57cf8a226ec8fae05f8475f4a6525942.ctex[39m[0m
[  17% ] [90m[1msavepack[22m | Storing File: res://assets/Humble Gift - Paper UI System v1.1/Sprites/Content/7 Day & Night Cycle/3.png.import[39m[0m
[  17% ] [90m[1msavepack[22m | Storing File: res://.godot/imported/4.png-1a5f223e2c4f1067a9cad0be1b8385f6.ctex[39m[0m
[  17% ] [90m[1msavepack[22m | Storing File: res://assets/Humble Gift - Paper UI System v1.1/Sprites/Content/7 Day & Night Cycle/4.png.import[39m[0m
[  17% ] [90m[1msavepack[22m | Storing File: res://.godot/imported/5.png-730a98beb34d7c3ce4ff0325a528624b.ctex[39m[0m
[  17% ] [90m[1msavepack[22m | Storing File: res://assets/Humble Gift - Paper UI System v1.1/Sprites/Content/7 Day & Night Cycle/5.png.import[39m[0m
[  17% ] [90m[1msavepack[22m | Storing File: res://.godot/imported/6.png-3b8a87c666b84b0a861abec525e892f9.ctex[39m[0m
[  17% ] [90m[1msavepack[22m | Storing File: res://assets/Humble Gift - Paper UI System v1.1/Sprites/Content/7 Day & Night Cycle/6.png.import[39m[0m
[  17% ] [90m[1msavepack[22m | Storing File: res://.godot/imported/7.png-037357a75f5a29f25670e5d11897c521.ctex[39m[0m
[  17% ] [90m[1msavepack[22m | Storing File: res://assets/Humble Gift - Paper UI System v1.1/Sprites/Content/7 Day & Night Cycle/7.png.import[39m[0m
[  17% ] [90m[1msavepack[22m | Storing File: res://.godot/imported/8.png-d421723176b51196fde4f29d9ee1553d.ctex[39m[0m
[  17% ] [90m[1msavepack[22m | Storing File: res://assets/Humble Gift - Paper UI System v1.1/Sprites/Content/7 Day & Night Cycle/8.png.import[39m[0m
[  17% ] [90m[1msavepack[22m | Storing File: res://.godot/imported/9.png-09a4a83b12d47ae79e99bfcc865b4ed3.ctex[39m[0m
[  17% ] [90m[1msavepack[22m | Storing File: res://assets/Humble Gift - Paper UI System v1.1/Sprites/Content/7 Day & Night Cycle/9.png.import[39m[0m
[  17% ] [90m[1msavepack[22m | Storing File: res://.godot/imported/10.png-2e4a6aafc86db6d179890cd90f6f8688.ctex[39m[0m
[  17% ] [90m[1msavepack[22m | Storing File: res://assets/Humble Gift - Paper UI System v1.1/Sprites/Content/7 Day & Night Cycle/10.png.import[39m[0m
[  17% ] [90m[1msavepack[22m | Storing File: res://.godot/imported/11.png-ab51ff19b5a4fea1835ae94020aa6799.ctex[39m[0m
[  17% ] [90m[1msavepack[22m | Storing File: res://assets/Humble Gift - Paper UI System v1.1/Sprites/Content/7 Day & Night Cycle/11.png.import[39m[0m
[  17% ] [90m[1msavepack[22m | Storing File: res://.godot/imported/12.png-d19b986e736ebc7b2d6280057e7e01e5.ctex[39m[0m
[  17% ] [90m[1msavepack[22m | Storing File: res://assets/Humble Gift - Paper UI System v1.1/Sprites/Content/7 Day & Night Cycle/12.png.import[39m[0m
[  17% ] [90m[1msavepack[22m | Storing File: res://.godot/imported/13.png-b018139b9d6a27eeae614a124f4c22c8.ctex[39m[0m
[  17% ] [90m[1msavepack[22m | Storing File: res://assets/Humble Gift - Paper UI System v1.1/Sprites/Content/7 Day & Night Cycle/13.png.import[39m[0m
[  17% ] [90m[1msavepack[22m | Storing File: res://.godot/imported/14.png-10e69ec2a941e2bb00dcac10c85a4c88.ctex[39m[0m
[  17% ] [90m[1msavepack[22m | Storing File: res://assets/Humble Gift - Paper UI System v1.1/Sprites/Content/7 Day & Night Cycle/14.png.import[39m[0m
[  17% ] [90m[1msavepack[22m | Storing File: res://.godot/imported/15.png-a3baf55c1becf69e6416d7c49af0a18b.ctex[39m[0m
[  17% ] [90m[1msavepack[22m | Storing File: res://assets/Humble Gift - Paper UI System v1.1/Sprites/Content/7 Day & Night Cycle/15.png.import[39m[0m
[  17% ] [90m[1msavepack[22m | Storing File: res://.godot/imported/16.png-8f86857f00b0805d3f1fcb29828deef6.ctex[39m[0m
[  17% ] [90m[1msavepack[22m | Storing File: res://assets/Humble Gift - Paper UI System v1.1/Sprites/Content/7 Day & Night Cycle/16.png.import[39m[0m
[  17% ] [90m[1msavepack[22m | Storing File: res://.godot/imported/1.png-1c8e22d0e3addef991c28da9f3dccc33.ctex[39m[0m
[  17% ] [90m[1msavepack[22m | Storing File: res://assets/Humble Gift - Paper UI System v1.1/Sprites/Content/8 Equipment/1.png.import[39m[0m
[  17% ] [90m[1msavepack[22m | Storing File: res://.godot/imported/2.png-12f3ce1edb48f09619fae4c152805f05.ctex[39m[0m
[  17% ] [90m[1msavepack[22m | Storing File: res://assets/Humble Gift - Paper UI System v1.1/Sprites/Content/8 Equipment/2.png.import[39m[0m
[  17% ] [90m[1msavepack[22m | Storing File: res://.godot/imported/3.png-f4dd86b3bf5ae7d159ba24ca65d71c59.ctex[39m[0m
[  17% ] [90m[1msavepack[22m | Storing File: res://assets/Humble Gift - Paper UI System v1.1/Sprites/Content/8 Equipment/3.png.import[39m[0m
[  18% ] [90m[1msavepack[22m | Storing File: res://.godot/imported/4.png-061e737e88ec8049ab3379c301329611.ctex[39m[0m
[  18% ] [90m[1msavepack[22m | Storing File: res://assets/Humble Gift - Paper UI System v1.1/Sprites/Content/8 Equipment/4.png.import[39m[0m
[  18% ] [90m[1msavepack[22m | Storing File: res://.godot/imported/5.png-0c0988d27cd8f744af10dced8e35eab0.ctex[39m[0m
[  18% ] [90m[1msavepack[22m | Storing File: res://assets/Humble Gift - Paper UI System v1.1/Sprites/Content/8 Equipment/5.png.import[39m[0m
[  18% ] [90m[1msavepack[22m | Storing File: res://.godot/imported/6.png-d31add778d020f6d13bf97231867a6ac.ctex[39m[0m
[  18% ] [90m[1msavepack[22m | Storing File: res://assets/Humble Gift - Paper UI System v1.1/Sprites/Content/8 Equipment/6.png.import[39m[0m
[  18% ] [90m[1msavepack[22m | Storing File: res://.godot/imported/7.png-eb8622debafffb55396b894fa927c0ae.ctex[39m[0m
[  18% ] [90m[1msavepack[22m | Storing File: res://assets/Humble Gift - Paper UI System v1.1/Sprites/Content/8 Equipment/7.png.import[39m[0m
[  18% ] [90m[1msavepack[22m | Storing File: res://.godot/imported/8.png-b0dbd2640f570a41c357c54dbf072ce8.ctex[39m[0m
[  18% ] [90m[1msavepack[22m | Storing File: res://assets/Humble Gift - Paper UI System v1.1/Sprites/Content/8 Equipment/8.png.import[39m[0m
[  18% ] [90m[1msavepack[22m | Storing File: res://.godot/imported/9.png-b9be782b000fd4d71a165bf4190ad467.ctex[39m[0m
[  18% ] [90m[1msavepack[22m | Storing File: res://assets/Humble Gift - Paper UI System v1.1/Sprites/Content/8 Equipment/9.png.import[39m[0m
[  18% ] [90m[1msavepack[22m | Storing File: res://.godot/imported/10.png-28add2b84a5f1efd51cfcb91d37109df.ctex[39m[0m
[  18% ] [90m[1msavepack[22m | Storing File: res://assets/Humble Gift - Paper UI System v1.1/Sprites/Content/8 Equipment/10.png.import[39m[0m
[  18% ] [90m[1msavepack[22m | Storing File: res://.godot/imported/11.png-9b14196738c66d5dbdd448a570558769.ctex[39m[0m
[  18% ] [90m[1msavepack[22m | Storing File: res://assets/Humble Gift - Paper UI System v1.1/Sprites/Content/8 Equipment/11.png.import[39m[0m
[  18% ] [90m[1msavepack[22m | Storing File: res://.godot/imported/12.png-0fe3ecbc081a55da01eeee34ee6578a2.ctex[39m[0m
[  18% ] [90m[1msavepack[22m | Storing File: res://assets/Humble Gift - Paper UI System v1.1/Sprites/Content/8 Equipment/12.png.import[39m[0m
[  18% ] [90m[1msavepack[22m | Storing File: res://.godot/imported/13.png-e8676ef98e7fe787da684c6290e9ea55.ctex[39m[0m
[  18% ] [90m[1msavepack[22m | Storing File: res://assets/Humble Gift - Paper UI System v1.1/Sprites/Content/8 Equipment/13.png.import[39m[0m
[  18% ] [90m[1msavepack[22m | Storing File: res://.godot/imported/14.png-c4f4a053c8548979ac46436b9ccde443.ctex[39m[0m
[  18% ] [90m[1msavepack[22m | Storing File: res://assets/Humble Gift - Paper UI System v1.1/Sprites/Content/8 Equipment/14.png.import[39m[0m
[  18% ] [90m[1msavepack[22m | Storing File: res://.godot/imported/15.png-3fb201b5be2ee2fb51dffd7912410434.ctex[39m[0m
[  18% ] [90m[1msavepack[22m | Storing File: res://assets/Humble Gift - Paper UI System v1.1/Sprites/Content/8 Equipment/15.png.import[39m[0m
[  18% ] [90m[1msavepack[22m | Storing File: res://.godot/imported/16.png-d87a4221aa59fb7b788a34db1a041391.ctex[39m[0m
[  18% ] [90m[1msavepack[22m | Storing File: res://assets/Humble Gift - Paper UI System v1.1/Sprites/Content/8 Equipment/16.png.import[39m[0m
[  18% ] [90m[1msavepack[22m | Storing File: res://.godot/imported/17.png-994402faece3ee65c01a4b31f71d9419.ctex[39m[0m
[  18% ] [90m[1msavepack[22m | Storing File: res://assets/Humble Gift - Paper UI System v1.1/Sprites/Content/8 Equipment/17.png.import[39m[0m
[  18% ] [90m[1msavepack[22m | Storing File: res://.godot/imported/18.png-7870f0512253e92f361f2c6c44bb5e18.ctex[39m[0m
[  18% ] [90m[1msavepack[22m | Storing File: res://assets/Humble Gift - Paper UI System v1.1/Sprites/Content/8 Equipment/18.png.import[39m[0m
[  18% ] [90m[1msavepack[22m | Storing File: res://.godot/imported/1.png-4c95a262a5f38c840182af8cbf56dedf.ctex[39m[0m
[  18% ] [90m[1msavepack[22m | Storing File: res://assets/Humble Gift - Paper UI System v1.1/Sprites/Content/9 Stamp/Stamp/idle/1.png.import[39m[0m
[  18% ] [90m[1msavepack[22m | Storing File: res://.godot/imported/1.png-cd6254a8d5130ee677b84e4547a4b160.ctex[39m[0m
[  18% ] [90m[1msavepack[22m | Storing File: res://assets/Humble Gift - Paper UI System v1.1/Sprites/Content/9 Stamp/Stamp/Stamped/1.png.import[39m[0m
[  18% ] [90m[1msavepack[22m | Storing File: res://.godot/imported/2.png-d3ecefa26877c1fb74463ae56a950ee1.ctex[39m[0m
[  18% ] [90m[1msavepack[22m | Storing File: res://assets/Humble Gift - Paper UI System v1.1/Sprites/Content/9 Stamp/Stamp/Stamped/2.png.import[39m[0m
[  18% ] [90m[1msavepack[22m | Storing File: res://.godot/imported/3.png-9973d35a475c70add15df6a19120c8ca.ctex[39m[0m
[  18% ] [90m[1msavepack[22m | Storing File: res://assets/Humble Gift - Paper UI System v1.1/Sprites/Content/9 Stamp/Stamp/Stamped/3.png.import[39m[0m
[  19% ] [90m[1msavepack[22m | Storing File: res://.godot/imported/4.png-af31091a0852ed0b3c0458b5c50edac2.ctex[39m[0m
[  19% ] [90m[1msavepack[22m | Storing File: res://assets/Humble Gift - Paper UI System v1.1/Sprites/Content/9 Stamp/Stamp/Stamped/4.png.import[39m[0m
[  19% ] [90m[1msavepack[22m | Storing File: res://.godot/imported/5.png-b43705d0ea3d4ade72f665d55bb996e7.ctex[39m[0m
[  19% ] [90m[1msavepack[22m | Storing File: res://assets/Humble Gift - Paper UI System v1.1/Sprites/Content/9 Stamp/Stamp/Stamped/5.png.import[39m[0m
[  19% ] [90m[1msavepack[22m | Storing File: res://.godot/imported/6.png-f194aca31b85def646a598801b22c5db.ctex[39m[0m
[  19% ] [90m[1msavepack[22m | Storing File: res://assets/Humble Gift - Paper UI System v1.1/Sprites/Content/9 Stamp/Stamp/Stamped/6.png.import[39m[0m
[  19% ] [90m[1msavepack[22m | Storing File: res://.godot/imported/7.png-32bdb83a199dcb47d2f5e9e85c69adb4.ctex[39m[0m
[  19% ] [90m[1msavepack[22m | Storing File: res://assets/Humble Gift - Paper UI System v1.1/Sprites/Content/9 Stamp/Stamp/Stamped/7.png.import[39m[0m
[  19% ] [90m[1msavepack[22m | Storing File: res://.godot/imported/8.png-a614105acdf40b82e81d9b9bdf71759b.ctex[39m[0m
[  19% ] [90m[1msavepack[22m | Storing File: res://assets/Humble Gift - Paper UI System v1.1/Sprites/Content/9 Stamp/Stamp/Stamped/8.png.import[39m[0m
[  19% ] [90m[1msavepack[22m | Storing File: res://.godot/imported/9.png-e6095f5fb275ef1b5b373a936325cb91.ctex[39m[0m
[  19% ] [90m[1msavepack[22m | Storing File: res://assets/Humble Gift - Paper UI System v1.1/Sprites/Content/9 Stamp/Stamp/Stamped/9.png.import[39m[0m
[  19% ] [90m[1msavepack[22m | Storing File: res://.godot/imported/10.png-cda14bb0db644af0e5417e2022e1f3e4.ctex[39m[0m
[  19% ] [90m[1msavepack[22m | Storing File: res://assets/Humble Gift - Paper UI System v1.1/Sprites/Content/9 Stamp/Stamp/Stamped/10.png.import[39m[0m
[  19% ] [90m[1msavepack[22m | Storing File: res://.godot/imported/11.png-c3944cb180951e00e6ae3a01e9045a6c.ctex[39m[0m
[  19% ] [90m[1msavepack[22m | Storing File: res://assets/Humble Gift - Paper UI System v1.1/Sprites/Content/9 Stamp/Stamp/Stamped/11.png.import[39m[0m
[  19% ] [90m[1msavepack[22m | Storing File: res://.godot/imported/12.png-36f3a9648acae7b12b91b757d99c068e.ctex[39m[0m
[  19% ] [90m[1msavepack[22m | Storing File: res://assets/Humble Gift - Paper UI System v1.1/Sprites/Content/9 Stamp/Stamp/Stamped/12.png.import[39m[0m
[  19% ] [90m[1msavepack[22m | Storing File: res://.godot/imported/13.png-df533c6cda7286e08e0cb33e3ad84265.ctex[39m[0m
[  19% ] [90m[1msavepack[22m | Storing File: res://assets/Humble Gift - Paper UI System v1.1/Sprites/Content/9 Stamp/Stamp/Stamped/13.png.import[39m[0m
[  19% ] [90m[1msavepack[22m | Storing File: res://.godot/imported/14.png-f368239eb15d98cb0c5a23b0e7a1cf5d.ctex[39m[0m
[  19% ] [90m[1msavepack[22m | Storing File: res://assets/Humble Gift - Paper UI System v1.1/Sprites/Content/9 Stamp/Stamp/Stamped/14.png.import[39m[0m
[  19% ] [90m[1msavepack[22m | Storing File: res://.godot/imported/15.png-7f3488f7fd34cc05f0c1907710717087.ctex[39m[0m
[  19% ] [90m[1msavepack[22m | Storing File: res://assets/Humble Gift - Paper UI System v1.1/Sprites/Content/9 Stamp/Stamp/Stamped/15.png.import[39m[0m
[  19% ] [90m[1msavepack[22m | Storing File: res://.godot/imported/16.png-7595baed9b42564a4b996eeb92f950ab.ctex[39m[0m
[  19% ] [90m[1msavepack[22m | Storing File: res://assets/Humble Gift - Paper UI System v1.1/Sprites/Content/9 Stamp/Stamp/Stamped/16.png.import[39m[0m
[  19% ] [90m[1msavepack[22m | Storing File: res://.godot/imported/17.png-138579e25688417e03029c115738371c.ctex[39m[0m
[  19% ] [90m[1msavepack[22m | Storing File: res://assets/Humble Gift - Paper UI System v1.1/Sprites/Content/9 Stamp/Stamp/Stamped/17.png.import[39m[0m
[  19% ] [90m[1msavepack[22m | Storing File: res://.godot/imported/18.png-e7f4eb86b2f27a5932934912d994c0e0.ctex[39m[0m
[  19% ] [90m[1msavepack[22m | Storing File: res://assets/Humble Gift - Paper UI System v1.1/Sprites/Content/9 Stamp/Stamp/Stamped/18.png.import[39m[0m
[  19% ] [90m[1msavepack[22m | Storing File: res://.godot/imported/19.png-dc02b9c95dddc4f591caf2f46fd1c8e2.ctex[39m[0m
[  19% ] [90m[1msavepack[22m | Storing File: res://assets/Humble Gift - Paper UI System v1.1/Sprites/Content/9 Stamp/Stamp/Stamped/19.png.import[39m[0m
[  19% ] [90m[1msavepack[22m | Storing File: res://.godot/imported/20.png-3e85c1ddf8e04f64235b793a187fc143.ctex[39m[0m
[  19% ] [90m[1msavepack[22m | Storing File: res://assets/Humble Gift - Paper UI System v1.1/Sprites/Content/9 Stamp/Stamp/Stamped/20.png.import[39m[0m
[  19% ] [90m[1msavepack[22m | Storing File: res://.godot/imported/1.png-29921998fd0f02bc293863b9b5b137a6.ctex[39m[0m
[  19% ] [90m[1msavepack[22m | Storing File: res://assets/Humble Gift - Paper UI System v1.1/Sprites/Content/9 Stamp/Stamp Mark/1.png.import[39m[0m
[  19% ] [90m[1msavepack[22m | Storing File: res://.godot/imported/1.png-43324e47ae1e6be8dd3a8683ca55c1f9.ctex[39m[0m
[  19% ] [90m[1msavepack[22m | Storing File: res://assets/Humble Gift - Paper UI System v1.1/Sprites/Content/10 Banners & Headers/Cutout/1.png.import[39m[0m
[  20% ] [90m[1msavepack[22m | Storing File: res://.godot/imported/2.png-2b7669153dc0b8295b0d353218fcdb28.ctex[39m[0m
[  20% ] [90m[1msavepack[22m | Storing File: res://assets/Humble Gift - Paper UI System v1.1/Sprites/Content/10 Banners & Headers/Cutout/2.png.import[39m[0m
[  20% ] [90m[1msavepack[22m | Storing File: res://.godot/imported/3.png-2f681dae312c40bc17365c789f4119ce.ctex[39m[0m
[  20% ] [90m[1msavepack[22m | Storing File: res://assets/Humble Gift - Paper UI System v1.1/Sprites/Content/10 Banners & Headers/Cutout/3.png.import[39m[0m
[  20% ] [90m[1msavepack[22m | Storing File: res://.godot/imported/4.png-eb1ce348c41149c5a30215352f76e837.ctex[39m[0m
[  20% ] [90m[1msavepack[22m | Storing File: res://assets/Humble Gift - Paper UI System v1.1/Sprites/Content/10 Banners & Headers/Cutout/4.png.import[39m[0m
[  20% ] [90m[1msavepack[22m | Storing File: res://.godot/imported/5.png-f7b96d75298ced9dcc7118204247a078.ctex[39m[0m
[  20% ] [90m[1msavepack[22m | Storing File: res://assets/Humble Gift - Paper UI System v1.1/Sprites/Content/10 Banners & Headers/Cutout/5.png.import[39m[0m
[  20% ] [90m[1msavepack[22m | Storing File: res://.godot/imported/6.png-d001c3f2abe44d9f0d1530cc471698d5.ctex[39m[0m
[  20% ] [90m[1msavepack[22m | Storing File: res://assets/Humble Gift - Paper UI System v1.1/Sprites/Content/10 Banners & Headers/Cutout/6.png.import[39m[0m
[  20% ] [90m[1msavepack[22m | Storing File: res://.godot/imported/7.png-c8e684053b05ebae112e869fc7a5445c.ctex[39m[0m
[  20% ] [90m[1msavepack[22m | Storing File: res://assets/Humble Gift - Paper UI System v1.1/Sprites/Content/10 Banners & Headers/Cutout/7.png.import[39m[0m
[  20% ] [90m[1msavepack[22m | Storing File: res://.godot/imported/8.png-f398dddd5f607b8d6a580cc9b9167e45.ctex[39m[0m
[  20% ] [90m[1msavepack[22m | Storing File: res://assets/Humble Gift - Paper UI System v1.1/Sprites/Content/10 Banners & Headers/Cutout/8.png.import[39m[0m
[  20% ] [90m[1msavepack[22m | Storing File: res://.godot/imported/9.png-b12b98032b5130dc8e7ed6c595947984.ctex[39m[0m
[  20% ] [90m[1msavepack[22m | Storing File: res://assets/Humble Gift - Paper UI System v1.1/Sprites/Content/10 Banners & Headers/Cutout/9.png.import[39m[0m
[  20% ] [90m[1msavepack[22m | Storing File: res://.godot/imported/10.png-f7f4c35462c933926ff12aa4253b39ca.ctex[39m[0m
[  20% ] [90m[1msavepack[22m | Storing File: res://assets/Humble Gift - Paper UI System v1.1/Sprites/Content/10 Banners & Headers/Cutout/10.png.import[39m[0m
[  20% ] [90m[1msavepack[22m | Storing File: res://.godot/imported/11.png-23410cbb9ecad3c4352745e7c7218f86.ctex[39m[0m
[  20% ] [90m[1msavepack[22m | Storing File: res://assets/Humble Gift - Paper UI System v1.1/Sprites/Content/10 Banners & Headers/Cutout/11.png.import[39m[0m
[  20% ] [90m[1msavepack[22m | Storing File: res://.godot/imported/12.png-4ae44e83e405d71f373dd0d418da7f19.ctex[39m[0m
[  20% ] [90m[1msavepack[22m | Storing File: res://assets/Humble Gift - Paper UI System v1.1/Sprites/Content/10 Banners & Headers/Cutout/12.png.import[39m[0m
[  20% ] [90m[1msavepack[22m | Storing File: res://.godot/imported/13.png-eb35dfee44b619a65cae69249a67e4c1.ctex[39m[0m
[  20% ] [90m[1msavepack[22m | Storing File: res://assets/Humble Gift - Paper UI System v1.1/Sprites/Content/10 Banners & Headers/Cutout/13.png.import[39m[0m
[  20% ] [90m[1msavepack[22m | Storing File: res://.godot/imported/14.png-17c6303b20b12f602aa181af02ee0591.ctex[39m[0m
[  20% ] [90m[1msavepack[22m | Storing File: res://assets/Humble Gift - Paper UI System v1.1/Sprites/Content/10 Banners & Headers/Cutout/14.png.import[39m[0m
[  20% ] [90m[1msavepack[22m | Storing File: res://.godot/imported/15.png-bd71dc4ae1f9808f5d290cec148f67bf.ctex[39m[0m
[  20% ] [90m[1msavepack[22m | Storing File: res://assets/Humble Gift - Paper UI System v1.1/Sprites/Content/10 Banners & Headers/Cutout/15.png.import[39m[0m
[  20% ] [90m[1msavepack[22m | Storing File: res://.godot/imported/16.png-e6367a53aebaf21571172ddff5411952.ctex[39m[0m
[  20% ] [90m[1msavepack[22m | Storing File: res://assets/Humble Gift - Paper UI System v1.1/Sprites/Content/10 Banners & Headers/Cutout/16.png.import[39m[0m
[  20% ] [90m[1msavepack[22m | Storing File: res://.godot/imported/17.png-e6d2629f57b6aa1485613edd543066f0.ctex[39m[0m
[  20% ] [90m[1msavepack[22m | Storing File: res://assets/Humble Gift - Paper UI System v1.1/Sprites/Content/10 Banners & Headers/Cutout/17.png.import[39m[0m
[  20% ] [90m[1msavepack[22m | Storing File: res://.godot/imported/18.png-5c628befdf60f434cf6a45ff29f7a19b.ctex[39m[0m
[  20% ] [90m[1msavepack[22m | Storing File: res://assets/Humble Gift - Paper UI System v1.1/Sprites/Content/10 Banners & Headers/Cutout/18.png.import[39m[0m
[  20% ] [90m[1msavepack[22m | Storing File: res://.godot/imported/19.png-cc42df642eadaca8f5770c332b142a8c.ctex[39m[0m
[  20% ] [90m[1msavepack[22m | Storing File: res://assets/Humble Gift - Paper UI System v1.1/Sprites/Content/10 Banners & Headers/Cutout/19.png.import[39m[0m
[  20% ] [90m[1msavepack[22m | Storing File: res://.godot/imported/20.png-85dfde73cd831c01262b5ff9b17ed59b.ctex[39m[0m
[  20% ] [90m[1msavepack[22m | Storing File: res://assets/Humble Gift - Paper UI System v1.1/Sprites/Content/10 Banners & Headers/Cutout/20.png.import[39m[0m
[  20% ] [90m[1msavepack[22m | Storing File: res://.godot/imported/1.png-ebad99e50473cfefa054c7c0b70142b6.ctex[39m[0m
[  20% ] [90m[1msavepack[22m | Storing File: res://assets/Humble Gift - Paper UI System v1.1/Sprites/Content/10 Banners & Headers/Plain/1.png.import[39m[0m
[  21% ] [90m[1msavepack[22m | Storing File: res://.godot/imported/2.png-d7a91ca8ebc658f27f9c937a47ce2636.ctex[39m[0m
[  21% ] [90m[1msavepack[22m | Storing File: res://assets/Humble Gift - Paper UI System v1.1/Sprites/Content/10 Banners & Headers/Plain/2.png.import[39m[0m
[  21% ] [90m[1msavepack[22m | Storing File: res://.godot/imported/3.png-624ce530eff280b1903dce504cf19280.ctex[39m[0m
[  21% ] [90m[1msavepack[22m | Storing File: res://assets/Humble Gift - Paper UI System v1.1/Sprites/Content/10 Banners & Headers/Plain/3.png.import[39m[0m
[  21% ] [90m[1msavepack[22m | Storing File: res://.godot/imported/4.png-8d9332d0dd733d57dc5af8d6e0660ed6.ctex[39m[0m
[  21% ] [90m[1msavepack[22m | Storing File: res://assets/Humble Gift - Paper UI System v1.1/Sprites/Content/10 Banners & Headers/Plain/4.png.import[39m[0m
[  21% ] [90m[1msavepack[22m | Storing File: res://.godot/imported/5.png-f73499eeebaa31471b27f584dc08e140.ctex[39m[0m
[  21% ] [90m[1msavepack[22m | Storing File: res://assets/Humble Gift - Paper UI System v1.1/Sprites/Content/10 Banners & Headers/Plain/5.png.import[39m[0m
[  21% ] [90m[1msavepack[22m | Storing File: res://.godot/imported/6.png-be8112bcb204f9c1fb1339e0da6212f2.ctex[39m[0m
[  21% ] [90m[1msavepack[22m | Storing File: res://assets/Humble Gift - Paper UI System v1.1/Sprites/Content/10 Banners & Headers/Plain/6.png.import[39m[0m
[  21% ] [90m[1msavepack[22m | Storing File: res://.godot/imported/7.png-0213454dda86b6a3a2b832f7a1284002.ctex[39m[0m
[  21% ] [90m[1msavepack[22m | Storing File: res://assets/Humble Gift - Paper UI System v1.1/Sprites/Content/10 Banners & Headers/Plain/7.png.import[39m[0m
[  21% ] [90m[1msavepack[22m | Storing File: res://.godot/imported/8.png-63b943293c9e909c1e94e264a9e8578e.ctex[39m[0m
[  21% ] [90m[1msavepack[22m | Storing File: res://assets/Humble Gift - Paper UI System v1.1/Sprites/Content/10 Banners & Headers/Plain/8.png.import[39m[0m
[  21% ] [90m[1msavepack[22m | Storing File: res://.godot/imported/9.png-359eb6ae019b28604fbcc8b80e745226.ctex[39m[0m
[  21% ] [90m[1msavepack[22m | Storing File: res://assets/Humble Gift - Paper UI System v1.1/Sprites/Content/10 Banners & Headers/Plain/9.png.import[39m[0m
[  21% ] [90m[1msavepack[22m | Storing File: res://.godot/imported/10.png-320fa1ef7e07bd55cdb665b788095e5f.ctex[39m[0m
[  21% ] [90m[1msavepack[22m | Storing File: res://assets/Humble Gift - Paper UI System v1.1/Sprites/Content/10 Banners & Headers/Plain/10.png.import[39m[0m
[  21% ] [90m[1msavepack[22m | Storing File: res://.godot/imported/11.png-0a8d9e840849d3551ce050abe23bb60a.ctex[39m[0m
[  21% ] [90m[1msavepack[22m | Storing File: res://assets/Humble Gift - Paper UI System v1.1/Sprites/Content/10 Banners & Headers/Plain/11.png.import[39m[0m
[  21% ] [90m[1msavepack[22m | Storing File: res://.godot/imported/12.png-592900bf378e8019f5c42927f8ef6cf1.ctex[39m[0m
[  21% ] [90m[1msavepack[22m | Storing File: res://assets/Humble Gift - Paper UI System v1.1/Sprites/Content/10 Banners & Headers/Plain/12.png.import[39m[0m
[  21% ] [90m[1msavepack[22m | Storing File: res://.godot/imported/13.png-7459b93c3bb9b628d80a28075de51413.ctex[39m[0m
[  21% ] [90m[1msavepack[22m | Storing File: res://assets/Humble Gift - Paper UI System v1.1/Sprites/Content/10 Banners & Headers/Plain/13.png.import[39m[0m
[  21% ] [90m[1msavepack[22m | Storing File: res://.godot/imported/14.png-2554732886da88eb0148db48601aca1a.ctex[39m[0m
[  21% ] [90m[1msavepack[22m | Storing File: res://assets/Humble Gift - Paper UI System v1.1/Sprites/Content/10 Banners & Headers/Plain/14.png.import[39m[0m
[  21% ] [90m[1msavepack[22m | Storing File: res://.godot/imported/15.png-3a7ac155cc2891c1ccb50d2ebfb75720.ctex[39m[0m
[  21% ] [90m[1msavepack[22m | Storing File: res://assets/Humble Gift - Paper UI System v1.1/Sprites/Content/10 Banners & Headers/Plain/15.png.import[39m[0m
[  21% ] [90m[1msavepack[22m | Storing File: res://.godot/imported/16.png-809e9f871fc6cd0fc730584aa383a3d6.ctex[39m[0m
[  21% ] [90m[1msavepack[22m | Storing File: res://assets/Humble Gift - Paper UI System v1.1/Sprites/Content/10 Banners & Headers/Plain/16.png.import[39m[0m
[  21% ] [90m[1msavepack[22m | Storing File: res://.godot/imported/17.png-217b1cb30dd2c17f049f331c7dc51adc.ctex[39m[0m
[  21% ] [90m[1msavepack[22m | Storing File: res://assets/Humble Gift - Paper UI System v1.1/Sprites/Content/10 Banners & Headers/Plain/17.png.import[39m[0m
[  21% ] [90m[1msavepack[22m | Storing File: res://.godot/imported/18.png-437aee3cf78a5fa87a6f95319667c93b.ctex[39m[0m
[  21% ] [90m[1msavepack[22m | Storing File: res://assets/Humble Gift - Paper UI System v1.1/Sprites/Content/10 Banners & Headers/Plain/18.png.import[39m[0m
[  21% ] [90m[1msavepack[22m | Storing File: res://.godot/imported/19.png-2af1fddc725f73f280b6c934d3ae0a15.ctex[39m[0m
[  21% ] [90m[1msavepack[22m | Storing File: res://assets/Humble Gift - Paper UI System v1.1/Sprites/Content/10 Banners & Headers/Plain/19.png.import[39m[0m
[  21% ] [90m[1msavepack[22m | Storing File: res://.godot/imported/20.png-9fc0bb977df7c42717d6098ac19e78a4.ctex[39m[0m
[  21% ] [90m[1msavepack[22m | Storing File: res://assets/Humble Gift - Paper UI System v1.1/Sprites/Content/10 Banners & Headers/Plain/20.png.import[39m[0m
[  22% ] [90m[1msavepack[22m | Storing File: res://.godot/imported/1.png-4773e6ed2e005183b5e308e4cac66714.ctex[39m[0m
[  22% ] [90m[1msavepack[22m | Storing File: res://assets/Humble Gift - Paper UI System v1.1/Sprites/Content Appear Animation/Folding & Cutout/1 Headers/1/1.png.import[39m[0m
[  22% ] [90m[1msavepack[22m | Storing File: res://.godot/imported/2.png-3080c244d46bfc9d92be6499bd922540.ctex[39m[0m
[  22% ] [90m[1msavepack[22m | Storing File: res://assets/Humble Gift - Paper UI System v1.1/Sprites/Content Appear Animation/Folding & Cutout/1 Headers/1/2.png.import[39m[0m
[  22% ] [90m[1msavepack[22m | Storing File: res://.godot/imported/3.png-dc879f5e57fcf1718154e80b521a8aed.ctex[39m[0m
[  22% ] [90m[1msavepack[22m | Storing File: res://assets/Humble Gift - Paper UI System v1.1/Sprites/Content Appear Animation/Folding & Cutout/1 Headers/1/3.png.import[39m[0m
[  22% ] [90m[1msavepack[22m | Storing File: res://.godot/imported/4.png-dabde6e2ed62f7b041ac41b14162ecd7.ctex[39m[0m
[  22% ] [90m[1msavepack[22m | Storing File: res://assets/Humble Gift - Paper UI System v1.1/Sprites/Content Appear Animation/Folding & Cutout/1 Headers/1/4.png.import[39m[0m
[  22% ] [90m[1msavepack[22m | Storing File: res://.godot/imported/5.png-b56999b1b6d54366812db6571bb18e0c.ctex[39m[0m
[  22% ] [90m[1msavepack[22m | Storing File: res://assets/Humble Gift - Paper UI System v1.1/Sprites/Content Appear Animation/Folding & Cutout/1 Headers/1/5.png.import[39m[0m
[  22% ] [90m[1msavepack[22m | Storing File: res://.godot/imported/6.png-2770549252b833f9a8b7fe1635db1342.ctex[39m[0m
[  22% ] [90m[1msavepack[22m | Storing File: res://assets/Humble Gift - Paper UI System v1.1/Sprites/Content Appear Animation/Folding & Cutout/1 Headers/1/6.png.import[39m[0m
[  22% ] [90m[1msavepack[22m | Storing File: res://.godot/imported/7.png-0f44893be88a4f026c066d13a7eb1ec1.ctex[39m[0m
[  22% ] [90m[1msavepack[22m | Storing File: res://assets/Humble Gift - Paper UI System v1.1/Sprites/Content Appear Animation/Folding & Cutout/1 Headers/1/7.png.import[39m[0m
[  22% ] [90m[1msavepack[22m | Storing File: res://.godot/imported/8.png-e05bb79549c497854d9c07d7ae2118d0.ctex[39m[0m
[  22% ] [90m[1msavepack[22m | Storing File: res://assets/Humble Gift - Paper UI System v1.1/Sprites/Content Appear Animation/Folding & Cutout/1 Headers/1/8.png.import[39m[0m
[  22% ] [90m[1msavepack[22m | Storing File: res://.godot/imported/9.png-7d89d38fac598a8901252914f4210ee6.ctex[39m[0m
[  22% ] [90m[1msavepack[22m | Storing File: res://assets/Humble Gift - Paper UI System v1.1/Sprites/Content Appear Animation/Folding & Cutout/1 Headers/1/9.png.import[39m[0m
[  22% ] [90m[1msavepack[22m | Storing File: res://.godot/imported/10.png-0cc10befd5bdbd953ff2b6d7436e27d7.ctex[39m[0m
[  22% ] [90m[1msavepack[22m | Storing File: res://assets/Humble Gift - Paper UI System v1.1/Sprites/Content Appear Animation/Folding & Cutout/1 Headers/1/10.png.import[39m[0m
[  22% ] [90m[1msavepack[22m | Storing File: res://.godot/imported/11.png-583a2e4d2bfb37bdf9bfea1d7edde7d4.ctex[39m[0m
[  22% ] [90m[1msavepack[22m | Storing File: res://assets/Humble Gift - Paper UI System v1.1/Sprites/Content Appear Animation/Folding & Cutout/1 Headers/1/11.png.import[39m[0m
[  22% ] [90m[1msavepack[22m | Storing File: res://.godot/imported/12.png-4b62b0199fca6495631edde400b0b2dc.ctex[39m[0m
[  22% ] [90m[1msavepack[22m | Storing File: res://assets/Humble Gift - Paper UI System v1.1/Sprites/Content Appear Animation/Folding & Cutout/1 Headers/1/12.png.import[39m[0m
[  22% ] [90m[1msavepack[22m | Storing File: res://.godot/imported/13.png-482f41c9c19e641da09e0fc632706a80.ctex[39m[0m
[  22% ] [90m[1msavepack[22m | Storing File: res://assets/Humble Gift - Paper UI System v1.1/Sprites/Content Appear Animation/Folding & Cutout/1 Headers/1/13.png.import[39m[0m
[  22% ] [90m[1msavepack[22m | Storing File: res://.godot/imported/14.png-69c1866a1a5767790aa5c93717262eb7.ctex[39m[0m
[  22% ] [90m[1msavepack[22m | Storing File: res://assets/Humble Gift - Paper UI System v1.1/Sprites/Content Appear Animation/Folding & Cutout/1 Headers/1/14.png.import[39m[0m
[  22% ] [90m[1msavepack[22m | Storing File: res://.godot/imported/15.png-ffbc0fbde2be7ac013ae1cfc71f8e147.ctex[39m[0m
[  22% ] [90m[1msavepack[22m | Storing File: res://assets/Humble Gift - Paper UI System v1.1/Sprites/Content Appear Animation/Folding & Cutout/1 Headers/1/15.png.import[39m[0m
[  22% ] [90m[1msavepack[22m | Storing File: res://.godot/imported/16.png-68802a081c57dd4efd741699383789c8.ctex[39m[0m
[  22% ] [90m[1msavepack[22m | Storing File: res://assets/Humble Gift - Paper UI System v1.1/Sprites/Content Appear Animation/Folding & Cutout/1 Headers/1/16.png.import[39m[0m
[  22% ] [90m[1msavepack[22m | Storing File: res://.godot/imported/17.png-a2071463c2248e849a33d38d9dc32d99.ctex[39m[0m
[  22% ] [90m[1msavepack[22m | Storing File: res://assets/Humble Gift - Paper UI System v1.1/Sprites/Content Appear Animation/Folding & Cutout/1 Headers/1/17.png.import[39m[0m
[  22% ] [90m[1msavepack[22m | Storing File: res://.godot/imported/18.png-9cfc99fd1bc71bdde73620566bad98d3.ctex[39m[0m
[  22% ] [90m[1msavepack[22m | Storing File: res://assets/Humble Gift - Paper UI System v1.1/Sprites/Content Appear Animation/Folding & Cutout/1 Headers/1/18.png.import[39m[0m
[  22% ] [90m[1msavepack[22m | Storing File: res://.godot/imported/19.png-6b4b71f4ffc423e707c20875ee0483d8.ctex[39m[0m
[  22% ] [90m[1msavepack[22m | Storing File: res://assets/Humble Gift - Paper UI System v1.1/Sprites/Content Appear Animation/Folding & Cutout/1 Headers/1/19.png.import[39m[0m
[  23% ] [90m[1msavepack[22m | Storing File: res://.godot/imported/20.png-c761d236bf51749cd4e2dfd43e534814.ctex[39m[0m
[  23% ] [90m[1msavepack[22m | Storing File: res://assets/Humble Gift - Paper UI System v1.1/Sprites/Content Appear Animation/Folding & Cutout/1 Headers/1/20.png.import[39m[0m
[  23% ] [90m[1msavepack[22m | Storing File: res://.godot/imported/21.png-f67738fd3bc7ed887f9871dc717782c3.ctex[39m[0m
[  23% ] [90m[1msavepack[22m | Storing File: res://assets/Humble Gift - Paper UI System v1.1/Sprites/Content Appear Animation/Folding & Cutout/1 Headers/1/21.png.import[39m[0m
[  23% ] [90m[1msavepack[22m | Storing File: res://.godot/imported/22.png-e3516de37412b5ebd28c8b04dd89b14d.ctex[39m[0m
[  23% ] [90m[1msavepack[22m | Storing File: res://assets/Humble Gift - Paper UI System v1.1/Sprites/Content Appear Animation/Folding & Cutout/1 Headers/1/22.png.import[39m[0m
[  23% ] [90m[1msavepack[22m | Storing File: res://.godot/imported/23.png-ddd6b782dad4cd36f75b95dc7732a4f0.ctex[39m[0m
[  23% ] [90m[1msavepack[22m | Storing File: res://assets/Humble Gift - Paper UI System v1.1/Sprites/Content Appear Animation/Folding & Cutout/1 Headers/1/23.png.import[39m[0m
[  23% ] [90m[1msavepack[22m | Storing File: res://.godot/imported/24.png-9d5bfbb2666b33f825fa0aa38b26539b.ctex[39m[0m
[  23% ] [90m[1msavepack[22m | Storing File: res://assets/Humble Gift - Paper UI System v1.1/Sprites/Content Appear Animation/Folding & Cutout/1 Headers/1/24.png.import[39m[0m
[  23% ] [90m[1msavepack[22m | Storing File: res://.godot/imported/25.png-8c7938334f1cbb406106cfa7f55768b6.ctex[39m[0m
[  23% ] [90m[1msavepack[22m | Storing File: res://assets/Humble Gift - Paper UI System v1.1/Sprites/Content Appear Animation/Folding & Cutout/1 Headers/1/25.png.import[39m[0m
[  23% ] [90m[1msavepack[22m | Storing File: res://.godot/imported/26.png-98fb8023961a793390f222dbdfc0a650.ctex[39m[0m
[  23% ] [90m[1msavepack[22m | Storing File: res://assets/Humble Gift - Paper UI System v1.1/Sprites/Content Appear Animation/Folding & Cutout/1 Headers/1/26.png.import[39m[0m
[  23% ] [90m[1msavepack[22m | Storing File: res://.godot/imported/27.png-ae072d20d633001bea80de87cc499751.ctex[39m[0m
[  23% ] [90m[1msavepack[22m | Storing File: res://assets/Humble Gift - Paper UI System v1.1/Sprites/Content Appear Animation/Folding & Cutout/1 Headers/1/27.png.import[39m[0m
[  23% ] [90m[1msavepack[22m | Storing File: res://.godot/imported/28.png-9356571ef4f766d0bbbd509855e2ef33.ctex[39m[0m
[  23% ] [90m[1msavepack[22m | Storing File: res://assets/Humble Gift - Paper UI System v1.1/Sprites/Content Appear Animation/Folding & Cutout/1 Headers/1/28.png.import[39m[0m
[  23% ] [90m[1msavepack[22m | Storing File: res://.godot/imported/29.png-0265de8990c3a8dab6075e474bc48084.ctex[39m[0m
[  23% ] [90m[1msavepack[22m | Storing File: res://assets/Humble Gift - Paper UI System v1.1/Sprites/Content Appear Animation/Folding & Cutout/1 Headers/1/29.png.import[39m[0m
[  23% ] [90m[1msavepack[22m | Storing File: res://.godot/imported/30.png-6b96d7876cc6331bfc087ac196c2a441.ctex[39m[0m
[  23% ] [90m[1msavepack[22m | Storing File: res://assets/Humble Gift - Paper UI System v1.1/Sprites/Content Appear Animation/Folding & Cutout/1 Headers/1/30.png.import[39m[0m
[  23% ] [90m[1msavepack[22m | Storing File: res://.godot/imported/31.png-181b72f12756ba5f7930d617b6717b37.ctex[39m[0m
[  23% ] [90m[1msavepack[22m | Storing File: res://assets/Humble Gift - Paper UI System v1.1/Sprites/Content Appear Animation/Folding & Cutout/1 Headers/1/31.png.import[39m[0m
[  23% ] [90m[1msavepack[22m | Storing File: res://.godot/imported/32.png-d61841ad1d995503fead2f6afc29f695.ctex[39m[0m
[  23% ] [90m[1msavepack[22m | Storing File: res://assets/Humble Gift - Paper UI System v1.1/Sprites/Content Appear Animation/Folding & Cutout/1 Headers/1/32.png.import[39m[0m
[  23% ] [90m[1msavepack[22m | Storing File: res://.godot/imported/33.png-9fdb29bc038d4460bb5a0929e22f25ed.ctex[39m[0m
[  23% ] [90m[1msavepack[22m | Storing File: res://assets/Humble Gift - Paper UI System v1.1/Sprites/Content Appear Animation/Folding & Cutout/1 Headers/1/33.png.import[39m[0m
[  23% ] [90m[1msavepack[22m | Storing File: res://.godot/imported/34.png-2414b377c3add945743b4f0c25daeb46.ctex[39m[0m
[  23% ] [90m[1msavepack[22m | Storing File: res://assets/Humble Gift - Paper UI System v1.1/Sprites/Content Appear Animation/Folding & Cutout/1 Headers/1/34.png.import[39m[0m
[  23% ] [90m[1msavepack[22m | Storing File: res://.godot/imported/35.png-6bef02b2aa59b269a616412ef3d65e00.ctex[39m[0m
[  23% ] [90m[1msavepack[22m | Storing File: res://assets/Humble Gift - Paper UI System v1.1/Sprites/Content Appear Animation/Folding & Cutout/1 Headers/1/35.png.import[39m[0m
[  23% ] [90m[1msavepack[22m | Storing File: res://.godot/imported/1.png-a3570ee781e3bc72ad42d95e9495ae9b.ctex[39m[0m
[  23% ] [90m[1msavepack[22m | Storing File: res://assets/Humble Gift - Paper UI System v1.1/Sprites/Content Appear Animation/Folding & Cutout/1 Headers/2/1.png.import[39m[0m
[  23% ] [90m[1msavepack[22m | Storing File: res://.godot/imported/2.png-73472c0332db36e1b405422117bba11c.ctex[39m[0m
[  23% ] [90m[1msavepack[22m | Storing File: res://assets/Humble Gift - Paper UI System v1.1/Sprites/Content Appear Animation/Folding & Cutout/1 Headers/2/2.png.import[39m[0m
[  23% ] [90m[1msavepack[22m | Storing File: res://.godot/imported/3.png-811c5b3a8cc187b748837fcef86d1032.ctex[39m[0m
[  23% ] [90m[1msavepack[22m | Storing File: res://assets/Humble Gift - Paper UI System v1.1/Sprites/Content Appear Animation/Folding & Cutout/1 Headers/2/3.png.import[39m[0m
[  24% ] [90m[1msavepack[22m | Storing File: res://.godot/imported/4.png-73691265ced91e9333d98fb2f692140e.ctex[39m[0m
[  24% ] [90m[1msavepack[22m | Storing File: res://assets/Humble Gift - Paper UI System v1.1/Sprites/Content Appear Animation/Folding & Cutout/1 Headers/2/4.png.import[39m[0m
[  24% ] [90m[1msavepack[22m | Storing File: res://.godot/imported/5.png-4be05466126e7f0211e2099af52db53c.ctex[39m[0m
[  24% ] [90m[1msavepack[22m | Storing File: res://assets/Humble Gift - Paper UI System v1.1/Sprites/Content Appear Animation/Folding & Cutout/1 Headers/2/5.png.import[39m[0m
[  24% ] [90m[1msavepack[22m | Storing File: res://.godot/imported/6.png-977e9aafa9ad3c7207e77a00d9e5c63a.ctex[39m[0m
[  24% ] [90m[1msavepack[22m | Storing File: res://assets/Humble Gift - Paper UI System v1.1/Sprites/Content Appear Animation/Folding & Cutout/1 Headers/2/6.png.import[39m[0m
[  24% ] [90m[1msavepack[22m | Storing File: res://.godot/imported/7.png-a0e8c7d86a6147785371d8028ae2d88a.ctex[39m[0m
[  24% ] [90m[1msavepack[22m | Storing File: res://assets/Humble Gift - Paper UI System v1.1/Sprites/Content Appear Animation/Folding & Cutout/1 Headers/2/7.png.import[39m[0m
[  24% ] [90m[1msavepack[22m | Storing File: res://.godot/imported/8.png-760342c0e4cbb13530e2a306fed06e9d.ctex[39m[0m
[  24% ] [90m[1msavepack[22m | Storing File: res://assets/Humble Gift - Paper UI System v1.1/Sprites/Content Appear Animation/Folding & Cutout/1 Headers/2/8.png.import[39m[0m
[  24% ] [90m[1msavepack[22m | Storing File: res://.godot/imported/9.png-e7ca203a0def423cff9412b58a626230.ctex[39m[0m
[  24% ] [90m[1msavepack[22m | Storing File: res://assets/Humble Gift - Paper UI System v1.1/Sprites/Content Appear Animation/Folding & Cutout/1 Headers/2/9.png.import[39m[0m
[  24% ] [90m[1msavepack[22m | Storing File: res://.godot/imported/10.png-9890166ea4ef0b5874e55e7563503682.ctex[39m[0m
[  24% ] [90m[1msavepack[22m | Storing File: res://assets/Humble Gift - Paper UI System v1.1/Sprites/Content Appear Animation/Folding & Cutout/1 Headers/2/10.png.import[39m[0m
[  24% ] [90m[1msavepack[22m | Storing File: res://.godot/imported/11.png-187cd074549dc257475021f0e51c0258.ctex[39m[0m
[  24% ] [90m[1msavepack[22m | Storing File: res://assets/Humble Gift - Paper UI System v1.1/Sprites/Content Appear Animation/Folding & Cutout/1 Headers/2/11.png.import[39m[0m
[  24% ] [90m[1msavepack[22m | Storing File: res://.godot/imported/12.png-b105c24867e57d81e5919173adf6f6c1.ctex[39m[0m
[  24% ] [90m[1msavepack[22m | Storing File: res://assets/Humble Gift - Paper UI System v1.1/Sprites/Content Appear Animation/Folding & Cutout/1 Headers/2/12.png.import[39m[0m
[  24% ] [90m[1msavepack[22m | Storing File: res://.godot/imported/13.png-af73d735827c09dac6628bd2940e3802.ctex[39m[0m
[  24% ] [90m[1msavepack[22m | Storing File: res://assets/Humble Gift - Paper UI System v1.1/Sprites/Content Appear Animation/Folding & Cutout/1 Headers/2/13.png.import[39m[0m
[  24% ] [90m[1msavepack[22m | Storing File: res://.godot/imported/14.png-5e5c1e3af88453c5cdc16537a7a47fbe.ctex[39m[0m
[  24% ] [90m[1msavepack[22m | Storing File: res://assets/Humble Gift - Paper UI System v1.1/Sprites/Content Appear Animation/Folding & Cutout/1 Headers/2/14.png.import[39m[0m
[  24% ] [90m[1msavepack[22m | Storing File: res://.godot/imported/15.png-e0dfa1b60c7e034cf2271193064ea5de.ctex[39m[0m
[  24% ] [90m[1msavepack[22m | Storing File: res://assets/Humble Gift - Paper UI System v1.1/Sprites/Content Appear Animation/Folding & Cutout/1 Headers/2/15.png.import[39m[0m
[  24% ] [90m[1msavepack[22m | Storing File: res://.godot/imported/16.png-d4f0a0832c76353fce5ca7cd0c24e2a6.ctex[39m[0m
[  24% ] [90m[1msavepack[22m | Storing File: res://assets/Humble Gift - Paper UI System v1.1/Sprites/Content Appear Animation/Folding & Cutout/1 Headers/2/16.png.import[39m[0m
[  24% ] [90m[1msavepack[22m | Storing File: res://.godot/imported/17.png-9b31b7e8b2c8b6d2ed97d634db3bc22d.ctex[39m[0m
[  24% ] [90m[1msavepack[22m | Storing File: res://assets/Humble Gift - Paper UI System v1.1/Sprites/Content Appear Animation/Folding & Cutout/1 Headers/2/17.png.import[39m[0m
[  24% ] [90m[1msavepack[22m | Storing File: res://.godot/imported/18.png-b6a6f861190c91d60fe8da6e372664d0.ctex[39m[0m
[  24% ] [90m[1msavepack[22m | Storing File: res://assets/Humble Gift - Paper UI System v1.1/Sprites/Content Appear Animation/Folding & Cutout/1 Headers/2/18.png.import[39m[0m
[  24% ] [90m[1msavepack[22m | Storing File: res://.godot/imported/19.png-ab46bc305bc910664594ee6526eb4f76.ctex[39m[0m
[  24% ] [90m[1msavepack[22m | Storing File: res://assets/Humble Gift - Paper UI System v1.1/Sprites/Content Appear Animation/Folding & Cutout/1 Headers/2/19.png.import[39m[0m
[  24% ] [90m[1msavepack[22m | Storing File: res://.godot/imported/20.png-57b3aef130c45e88fcb81fe32adbfca9.ctex[39m[0m
[  24% ] [90m[1msavepack[22m | Storing File: res://assets/Humble Gift - Paper UI System v1.1/Sprites/Content Appear Animation/Folding & Cutout/1 Headers/2/20.png.import[39m[0m
[  24% ] [90m[1msavepack[22m | Storing File: res://.godot/imported/21.png-8f2ec094e470fb829af8c065093b3f45.ctex[39m[0m
[  24% ] [90m[1msavepack[22m | Storing File: res://assets/Humble Gift - Paper UI System v1.1/Sprites/Content Appear Animation/Folding & Cutout/1 Headers/2/21.png.import[39m[0m
[  24% ] [90m[1msavepack[22m | Storing File: res://.godot/imported/22.png-a320284e4fd068c9c3ecb30e150ea86d.ctex[39m[0m
[  24% ] [90m[1msavepack[22m | Storing File: res://assets/Humble Gift - Paper UI System v1.1/Sprites/Content Appear Animation/Folding & Cutout/1 Headers/2/22.png.import[39m[0m
[  24% ] [90m[1msavepack[22m | Storing File: res://.godot/imported/23.png-209dd13965360bc2081db3b415a1693e.ctex[39m[0m
[  24% ] [90m[1msavepack[22m | Storing File: res://assets/Humble Gift - Paper UI System v1.1/Sprites/Content Appear Animation/Folding & Cutout/1 Headers/2/23.png.import[39m[0m
[  25% ] [90m[1msavepack[22m | Storing File: res://.godot/imported/24.png-013825d9dddc33ba3906c09db2efda9f.ctex[39m[0m
[  25% ] [90m[1msavepack[22m | Storing File: res://assets/Humble Gift - Paper UI System v1.1/Sprites/Content Appear Animation/Folding & Cutout/1 Headers/2/24.png.import[39m[0m
[  25% ] [90m[1msavepack[22m | Storing File: res://.godot/imported/25.png-0e34261c568caba42d97d5dd7cd11d31.ctex[39m[0m
[  25% ] [90m[1msavepack[22m | Storing File: res://assets/Humble Gift - Paper UI System v1.1/Sprites/Content Appear Animation/Folding & Cutout/1 Headers/2/25.png.import[39m[0m
[  25% ] [90m[1msavepack[22m | Storing File: res://.godot/imported/26.png-3522ed1d1b9672a0c6b7f93c6bac4f0d.ctex[39m[0m
[  25% ] [90m[1msavepack[22m | Storing File: res://assets/Humble Gift - Paper UI System v1.1/Sprites/Content Appear Animation/Folding & Cutout/1 Headers/2/26.png.import[39m[0m
[  25% ] [90m[1msavepack[22m | Storing File: res://.godot/imported/27.png-126f6347069ebe09d36dec7e98f2874a.ctex[39m[0m
[  25% ] [90m[1msavepack[22m | Storing File: res://assets/Humble Gift - Paper UI System v1.1/Sprites/Content Appear Animation/Folding & Cutout/1 Headers/2/27.png.import[39m[0m
[  25% ] [90m[1msavepack[22m | Storing File: res://.godot/imported/28.png-69888a958c799f99a4a0dbaea5529e8e.ctex[39m[0m
[  25% ] [90m[1msavepack[22m | Storing File: res://assets/Humble Gift - Paper UI System v1.1/Sprites/Content Appear Animation/Folding & Cutout/1 Headers/2/28.png.import[39m[0m
[  25% ] [90m[1msavepack[22m | Storing File: res://.godot/imported/1.png-e4bac34ed106accbb85b588ec8a3eae5.ctex[39m[0m
[  25% ] [90m[1msavepack[22m | Storing File: res://assets/Humble Gift - Paper UI System v1.1/Sprites/Content Appear Animation/Folding & Cutout/1 Headers/3/1.png.import[39m[0m
[  25% ] [90m[1msavepack[22m | Storing File: res://.godot/imported/2.png-b46caba4d02047aead062b15c8c21848.ctex[39m[0m
[  25% ] [90m[1msavepack[22m | Storing File: res://assets/Humble Gift - Paper UI System v1.1/Sprites/Content Appear Animation/Folding & Cutout/1 Headers/3/2.png.import[39m[0m
[  25% ] [90m[1msavepack[22m | Storing File: res://.godot/imported/3.png-f4ed6d017664c8acd06efcd7018b2a87.ctex[39m[0m
[  25% ] [90m[1msavepack[22m | Storing File: res://assets/Humble Gift - Paper UI System v1.1/Sprites/Content Appear Animation/Folding & Cutout/1 Headers/3/3.png.import[39m[0m
[  25% ] [90m[1msavepack[22m | Storing File: res://.godot/imported/4.png-ea9c351507cf715139b401f2766f7e07.ctex[39m[0m
[  25% ] [90m[1msavepack[22m | Storing File: res://assets/Humble Gift - Paper UI System v1.1/Sprites/Content Appear Animation/Folding & Cutout/1 Headers/3/4.png.import[39m[0m
[  25% ] [90m[1msavepack[22m | Storing File: res://.godot/imported/5.png-6f7a0219a3270d23fa8c09d4a37280df.ctex[39m[0m
[  25% ] [90m[1msavepack[22m | Storing File: res://assets/Humble Gift - Paper UI System v1.1/Sprites/Content Appear Animation/Folding & Cutout/1 Headers/3/5.png.import[39m[0m
[  25% ] [90m[1msavepack[22m | Storing File: res://.godot/imported/6.png-adbfc5f68984ca5b7dc147197032b666.ctex[39m[0m
[  25% ] [90m[1msavepack[22m | Storing File: res://assets/Humble Gift - Paper UI System v1.1/Sprites/Content Appear Animation/Folding & Cutout/1 Headers/3/6.png.import[39m[0m
[  25% ] [90m[1msavepack[22m | Storing File: res://.godot/imported/7.png-8a01c907fcae55efb0900202c4fd91ea.ctex[39m[0m
[  25% ] [90m[1msavepack[22m | Storing File: res://assets/Humble Gift - Paper UI System v1.1/Sprites/Content Appear Animation/Folding & Cutout/1 Headers/3/7.png.import[39m[0m
[  25% ] [90m[1msavepack[22m | Storing File: res://.godot/imported/8.png-b6962f909a6077670277d2463b4990f2.ctex[39m[0m
[  25% ] [90m[1msavepack[22m | Storing File: res://assets/Humble Gift - Paper UI System v1.1/Sprites/Content Appear Animation/Folding & Cutout/1 Headers/3/8.png.import[39m[0m
[  25% ] [90m[1msavepack[22m | Storing File: res://.godot/imported/9.png-41f5faae655623bb85c5003a2039d8c5.ctex[39m[0m
[  25% ] [90m[1msavepack[22m | Storing File: res://assets/Humble Gift - Paper UI System v1.1/Sprites/Content Appear Animation/Folding & Cutout/1 Headers/3/9.png.import[39m[0m
[  25% ] [90m[1msavepack[22m | Storing File: res://.godot/imported/10.png-c5bcbd61d6e234282b7ec1e781e907bc.ctex[39m[0m
[  25% ] [90m[1msavepack[22m | Storing File: res://assets/Humble Gift - Paper UI System v1.1/Sprites/Content Appear Animation/Folding & Cutout/1 Headers/3/10.png.import[39m[0m
[  25% ] [90m[1msavepack[22m | Storing File: res://.godot/imported/11.png-6e5329e2e96ac4df5713185e2c29a64f.ctex[39m[0m
[  25% ] [90m[1msavepack[22m | Storing File: res://assets/Humble Gift - Paper UI System v1.1/Sprites/Content Appear Animation/Folding & Cutout/1 Headers/3/11.png.import[39m[0m
[  25% ] [90m[1msavepack[22m | Storing File: res://.godot/imported/12.png-f18d0630d2da9e514898dc14dd8f8726.ctex[39m[0m
[  25% ] [90m[1msavepack[22m | Storing File: res://assets/Humble Gift - Paper UI System v1.1/Sprites/Content Appear Animation/Folding & Cutout/1 Headers/3/12.png.import[39m[0m
[  25% ] [90m[1msavepack[22m | Storing File: res://.godot/imported/13.png-9e359a2466148160d37a4d521a5b5fa8.ctex[39m[0m
[  25% ] [90m[1msavepack[22m | Storing File: res://assets/Humble Gift - Paper UI System v1.1/Sprites/Content Appear Animation/Folding & Cutout/1 Headers/3/13.png.import[39m[0m
[  25% ] [90m[1msavepack[22m | Storing File: res://.godot/imported/14.png-a207a882dd01f1b7a605be6b8c3a21f5.ctex[39m[0m
[  25% ] [90m[1msavepack[22m | Storing File: res://assets/Humble Gift - Paper UI System v1.1/Sprites/Content Appear Animation/Folding & Cutout/1 Headers/3/14.png.import[39m[0m
[  26% ] [90m[1msavepack[22m | Storing File: res://.godot/imported/15.png-db8303707f8fb17d8e23cb64144a381d.ctex[39m[0m
[  26% ] [90m[1msavepack[22m | Storing File: res://assets/Humble Gift - Paper UI System v1.1/Sprites/Content Appear Animation/Folding & Cutout/1 Headers/3/15.png.import[39m[0m
[  26% ] [90m[1msavepack[22m | Storing File: res://.godot/imported/16.png-897e3641dd50aa8a0f983f2b5a34a8c1.ctex[39m[0m
[  26% ] [90m[1msavepack[22m | Storing File: res://assets/Humble Gift - Paper UI System v1.1/Sprites/Content Appear Animation/Folding & Cutout/1 Headers/3/16.png.import[39m[0m
[  26% ] [90m[1msavepack[22m | Storing File: res://.godot/imported/17.png-095facd70679f2d0952d3fc1711afa00.ctex[39m[0m
[  26% ] [90m[1msavepack[22m | Storing File: res://assets/Humble Gift - Paper UI System v1.1/Sprites/Content Appear Animation/Folding & Cutout/1 Headers/3/17.png.import[39m[0m
[  26% ] [90m[1msavepack[22m | Storing File: res://.godot/imported/18.png-d4764e476f4908b6db96ae801e160808.ctex[39m[0m
[  26% ] [90m[1msavepack[22m | Storing File: res://assets/Humble Gift - Paper UI System v1.1/Sprites/Content Appear Animation/Folding & Cutout/1 Headers/3/18.png.import[39m[0m
[  26% ] [90m[1msavepack[22m | Storing File: res://.godot/imported/19.png-8fb5c45713c37ec9734eda6d41106d0b.ctex[39m[0m
[  26% ] [90m[1msavepack[22m | Storing File: res://assets/Humble Gift - Paper UI System v1.1/Sprites/Content Appear Animation/Folding & Cutout/1 Headers/3/19.png.import[39m[0m
[  26% ] [90m[1msavepack[22m | Storing File: res://.godot/imported/20.png-b49e01e261455fe3319279df9aa029dc.ctex[39m[0m
[  26% ] [90m[1msavepack[22m | Storing File: res://assets/Humble Gift - Paper UI System v1.1/Sprites/Content Appear Animation/Folding & Cutout/1 Headers/3/20.png.import[39m[0m
[  26% ] [90m[1msavepack[22m | Storing File: res://.godot/imported/21.png-cfe82ab706aab53a90eec094b4023c67.ctex[39m[0m
[  26% ] [90m[1msavepack[22m | Storing File: res://assets/Humble Gift - Paper UI System v1.1/Sprites/Content Appear Animation/Folding & Cutout/1 Headers/3/21.png.import[39m[0m
[  26% ] [90m[1msavepack[22m | Storing File: res://.godot/imported/22.png-c88bb468296273119306321aaa083844.ctex[39m[0m
[  26% ] [90m[1msavepack[22m | Storing File: res://assets/Humble Gift - Paper UI System v1.1/Sprites/Content Appear Animation/Folding & Cutout/1 Headers/3/22.png.import[39m[0m
[  26% ] [90m[1msavepack[22m | Storing File: res://.godot/imported/23.png-507749648ee675f6be09c05bf7fd98e6.ctex[39m[0m
[  26% ] [90m[1msavepack[22m | Storing File: res://assets/Humble Gift - Paper UI System v1.1/Sprites/Content Appear Animation/Folding & Cutout/1 Headers/3/23.png.import[39m[0m
[  26% ] [90m[1msavepack[22m | Storing File: res://.godot/imported/24.png-b519dce3aab9c6c9f54c8c18cb4fa020.ctex[39m[0m
[  26% ] [90m[1msavepack[22m | Storing File: res://assets/Humble Gift - Paper UI System v1.1/Sprites/Content Appear Animation/Folding & Cutout/1 Headers/3/24.png.import[39m[0m
[  26% ] [90m[1msavepack[22m | Storing File: res://.godot/imported/25.png-e1ae8b2000d24450696a6a5b9449800e.ctex[39m[0m
[  26% ] [90m[1msavepack[22m | Storing File: res://assets/Humble Gift - Paper UI System v1.1/Sprites/Content Appear Animation/Folding & Cutout/1 Headers/3/25.png.import[39m[0m
[  26% ] [90m[1msavepack[22m | Storing File: res://.godot/imported/26.png-ae64161a64caf59530679eac73ed2ae8.ctex[39m[0m
[  26% ] [90m[1msavepack[22m | Storing File: res://assets/Humble Gift - Paper UI System v1.1/Sprites/Content Appear Animation/Folding & Cutout/1 Headers/3/26.png.import[39m[0m
[  26% ] [90m[1msavepack[22m | Storing File: res://.godot/imported/27.png-653258e4a7bfb0415b17628f621c3490.ctex[39m[0m
[  26% ] [90m[1msavepack[22m | Storing File: res://assets/Humble Gift - Paper UI System v1.1/Sprites/Content Appear Animation/Folding & Cutout/1 Headers/3/27.png.import[39m[0m
[  26% ] [90m[1msavepack[22m | Storing File: res://.godot/imported/28.png-973c7ee405c10b3aef841d6c7556267b.ctex[39m[0m
[  26% ] [90m[1msavepack[22m | Storing File: res://assets/Humble Gift - Paper UI System v1.1/Sprites/Content Appear Animation/Folding & Cutout/1 Headers/3/28.png.import[39m[0m
[  26% ] [90m[1msavepack[22m | Storing File: res://.godot/imported/1.png-bfab4044ac909f10613d8df70307599f.ctex[39m[0m
[  26% ] [90m[1msavepack[22m | Storing File: res://assets/Humble Gift - Paper UI System v1.1/Sprites/Content Appear Animation/Folding & Cutout/1 Headers/4/1.png.import[39m[0m
[  26% ] [90m[1msavepack[22m | Storing File: res://.godot/imported/2.png-1ae4130abf0345d277c0d408dcbba28e.ctex[39m[0m
[  26% ] [90m[1msavepack[22m | Storing File: res://assets/Humble Gift - Paper UI System v1.1/Sprites/Content Appear Animation/Folding & Cutout/1 Headers/4/2.png.import[39m[0m
[  26% ] [90m[1msavepack[22m | Storing File: res://.godot/imported/3.png-5ce6fe963513d4ef3de94c589e3b398a.ctex[39m[0m
[  26% ] [90m[1msavepack[22m | Storing File: res://assets/Humble Gift - Paper UI System v1.1/Sprites/Content Appear Animation/Folding & Cutout/1 Headers/4/3.png.import[39m[0m
[  26% ] [90m[1msavepack[22m | Storing File: res://.godot/imported/4.png-0dae3a04065f12165e07ba1918d5692b.ctex[39m[0m
[  26% ] [90m[1msavepack[22m | Storing File: res://assets/Humble Gift - Paper UI System v1.1/Sprites/Content Appear Animation/Folding & Cutout/1 Headers/4/4.png.import[39m[0m
[  26% ] [90m[1msavepack[22m | Storing File: res://.godot/imported/5.png-0adef0c79c27990e316ce00bdeafb939.ctex[39m[0m
[  26% ] [90m[1msavepack[22m | Storing File: res://assets/Humble Gift - Paper UI System v1.1/Sprites/Content Appear Animation/Folding & Cutout/1 Headers/4/5.png.import[39m[0m
[  27% ] [90m[1msavepack[22m | Storing File: res://.godot/imported/6.png-caaca7dc33ba8c9ef3ba67e6487c6fa5.ctex[39m[0m
[  27% ] [90m[1msavepack[22m | Storing File: res://assets/Humble Gift - Paper UI System v1.1/Sprites/Content Appear Animation/Folding & Cutout/1 Headers/4/6.png.import[39m[0m
[  27% ] [90m[1msavepack[22m | Storing File: res://.godot/imported/7.png-254a2a1fd3111497b0af4fbbe0189e3f.ctex[39m[0m
[  27% ] [90m[1msavepack[22m | Storing File: res://assets/Humble Gift - Paper UI System v1.1/Sprites/Content Appear Animation/Folding & Cutout/1 Headers/4/7.png.import[39m[0m
[  27% ] [90m[1msavepack[22m | Storing File: res://.godot/imported/8.png-05938bd771ecb8f0e7217998657de00c.ctex[39m[0m
[  27% ] [90m[1msavepack[22m | Storing File: res://assets/Humble Gift - Paper UI System v1.1/Sprites/Content Appear Animation/Folding & Cutout/1 Headers/4/8.png.import[39m[0m
[  27% ] [90m[1msavepack[22m | Storing File: res://.godot/imported/9.png-393c0769fc237f115c2ecbd54daf0c82.ctex[39m[0m
[  27% ] [90m[1msavepack[22m | Storing File: res://assets/Humble Gift - Paper UI System v1.1/Sprites/Content Appear Animation/Folding & Cutout/1 Headers/4/9.png.import[39m[0m
[  27% ] [90m[1msavepack[22m | Storing File: res://.godot/imported/10.png-b3843ebd37355f01767addbf9b2b6798.ctex[39m[0m
[  27% ] [90m[1msavepack[22m | Storing File: res://assets/Humble Gift - Paper UI System v1.1/Sprites/Content Appear Animation/Folding & Cutout/1 Headers/4/10.png.import[39m[0m
[  27% ] [90m[1msavepack[22m | Storing File: res://.godot/imported/11.png-a7b5549823594365280c10ba23ec9714.ctex[39m[0m
[  27% ] [90m[1msavepack[22m | Storing File: res://assets/Humble Gift - Paper UI System v1.1/Sprites/Content Appear Animation/Folding & Cutout/1 Headers/4/11.png.import[39m[0m
[  27% ] [90m[1msavepack[22m | Storing File: res://.godot/imported/12.png-32b1c7491827da5bc7869a19fd0dce24.ctex[39m[0m
[  27% ] [90m[1msavepack[22m | Storing File: res://assets/Humble Gift - Paper UI System v1.1/Sprites/Content Appear Animation/Folding & Cutout/1 Headers/4/12.png.import[39m[0m
[  27% ] [90m[1msavepack[22m | Storing File: res://.godot/imported/13.png-f67a627c798ecf7b55ce5c59e8aa513b.ctex[39m[0m
[  27% ] [90m[1msavepack[22m | Storing File: res://assets/Humble Gift - Paper UI System v1.1/Sprites/Content Appear Animation/Folding & Cutout/1 Headers/4/13.png.import[39m[0m
[  27% ] [90m[1msavepack[22m | Storing File: res://.godot/imported/14.png-4a1417eb3e94c9a23ee7536226228849.ctex[39m[0m
[  27% ] [90m[1msavepack[22m | Storing File: res://assets/Humble Gift - Paper UI System v1.1/Sprites/Content Appear Animation/Folding & Cutout/1 Headers/4/14.png.import[39m[0m
[  27% ] [90m[1msavepack[22m | Storing File: res://.godot/imported/15.png-e5a9142e690f4f65d876fa49143fbcde.ctex[39m[0m
[  27% ] [90m[1msavepack[22m | Storing File: res://assets/Humble Gift - Paper UI System v1.1/Sprites/Content Appear Animation/Folding & Cutout/1 Headers/4/15.png.import[39m[0m
[  27% ] [90m[1msavepack[22m | Storing File: res://.godot/imported/16.png-7c66838abea4115ee0847ade84558b77.ctex[39m[0m
[  27% ] [90m[1msavepack[22m | Storing File: res://assets/Humble Gift - Paper UI System v1.1/Sprites/Content Appear Animation/Folding & Cutout/1 Headers/4/16.png.import[39m[0m
[  27% ] [90m[1msavepack[22m | Storing File: res://.godot/imported/17.png-58bc2bd39db1cd9151b2c9705ed10317.ctex[39m[0m
[  27% ] [90m[1msavepack[22m | Storing File: res://assets/Humble Gift - Paper UI System v1.1/Sprites/Content Appear Animation/Folding & Cutout/1 Headers/4/17.png.import[39m[0m
[  27% ] [90m[1msavepack[22m | Storing File: res://.godot/imported/18.png-b0e56e4f3ac3403f86fd5d0e03699e7a.ctex[39m[0m
[  27% ] [90m[1msavepack[22m | Storing File: res://assets/Humble Gift - Paper UI System v1.1/Sprites/Content Appear Animation/Folding & Cutout/1 Headers/4/18.png.import[39m[0m
[  27% ] [90m[1msavepack[22m | Storing File: res://.godot/imported/19.png-1c6642f53cf5a4763e5b2d07a5be2b5d.ctex[39m[0m
[  27% ] [90m[1msavepack[22m | Storing File: res://assets/Humble Gift - Paper UI System v1.1/Sprites/Content Appear Animation/Folding & Cutout/1 Headers/4/19.png.import[39m[0m
[  27% ] [90m[1msavepack[22m | Storing File: res://.godot/imported/20.png-77b16f9861ab40ea31044ad806e8b233.ctex[39m[0m
[  27% ] [90m[1msavepack[22m | Storing File: res://assets/Humble Gift - Paper UI System v1.1/Sprites/Content Appear Animation/Folding & Cutout/1 Headers/4/20.png.import[39m[0m
[  27% ] [90m[1msavepack[22m | Storing File: res://.godot/imported/21.png-1f73f743cd9d699e7401465d7e2d645f.ctex[39m[0m
[  27% ] [90m[1msavepack[22m | Storing File: res://assets/Humble Gift - Paper UI System v1.1/Sprites/Content Appear Animation/Folding & Cutout/1 Headers/4/21.png.import[39m[0m
[  27% ] [90m[1msavepack[22m | Storing File: res://.godot/imported/22.png-09c7725d3938156c23fc2c9c89b7425c.ctex[39m[0m
[  27% ] [90m[1msavepack[22m | Storing File: res://assets/Humble Gift - Paper UI System v1.1/Sprites/Content Appear Animation/Folding & Cutout/1 Headers/4/22.png.import[39m[0m
[  27% ] [90m[1msavepack[22m | Storing File: res://.godot/imported/23.png-e00cd789d1cc577ebc0c1d11f38ead53.ctex[39m[0m
[  27% ] [90m[1msavepack[22m | Storing File: res://assets/Humble Gift - Paper UI System v1.1/Sprites/Content Appear Animation/Folding & Cutout/1 Headers/4/23.png.import[39m[0m
[  27% ] [90m[1msavepack[22m | Storing File: res://.godot/imported/24.png-281cbeaf80320fc973d489a46bf3952b.ctex[39m[0m
[  27% ] [90m[1msavepack[22m | Storing File: res://assets/Humble Gift - Paper UI System v1.1/Sprites/Content Appear Animation/Folding & Cutout/1 Headers/4/24.png.import[39m[0m
[  27% ] [90m[1msavepack[22m | Storing File: res://.godot/imported/25.png-370c2cbc594418e0a061188d24809b1d.ctex[39m[0m
[  27% ] [90m[1msavepack[22m | Storing File: res://assets/Humble Gift - Paper UI System v1.1/Sprites/Content Appear Animation/Folding & Cutout/1 Headers/4/25.png.import[39m[0m
[  28% ] [90m[1msavepack[22m | Storing File: res://.godot/imported/26.png-74cebd62dbe7e236eb1888da36503738.ctex[39m[0m
[  28% ] [90m[1msavepack[22m | Storing File: res://assets/Humble Gift - Paper UI System v1.1/Sprites/Content Appear Animation/Folding & Cutout/1 Headers/4/26.png.import[39m[0m
[  28% ] [90m[1msavepack[22m | Storing File: res://.godot/imported/27.png-7b0001c57c4c3c9190e2297b221867b6.ctex[39m[0m
[  28% ] [90m[1msavepack[22m | Storing File: res://assets/Humble Gift - Paper UI System v1.1/Sprites/Content Appear Animation/Folding & Cutout/1 Headers/4/27.png.import[39m[0m
[  28% ] [90m[1msavepack[22m | Storing File: res://.godot/imported/28.png-390ee080008d32933ea1f6dd2d403ca0.ctex[39m[0m
[  28% ] [90m[1msavepack[22m | Storing File: res://assets/Humble Gift - Paper UI System v1.1/Sprites/Content Appear Animation/Folding & Cutout/1 Headers/4/28.png.import[39m[0m
[  28% ] [90m[1msavepack[22m | Storing File: res://.godot/imported/1.png-01cc8b821bf1d771ef22ef52508ea7bc.ctex[39m[0m
[  28% ] [90m[1msavepack[22m | Storing File: res://assets/Humble Gift - Paper UI System v1.1/Sprites/Content Appear Animation/Folding & Cutout/2 item Holder/1.png.import[39m[0m
[  28% ] [90m[1msavepack[22m | Storing File: res://.godot/imported/2.png-7ee2f642a65f0207e938df37856be93d.ctex[39m[0m
[  28% ] [90m[1msavepack[22m | Storing File: res://assets/Humble Gift - Paper UI System v1.1/Sprites/Content Appear Animation/Folding & Cutout/2 item Holder/2.png.import[39m[0m
[  28% ] [90m[1msavepack[22m | Storing File: res://.godot/imported/3.png-a80582056f4e65ebd4a1890520ec363e.ctex[39m[0m
[  28% ] [90m[1msavepack[22m | Storing File: res://assets/Humble Gift - Paper UI System v1.1/Sprites/Content Appear Animation/Folding & Cutout/2 item Holder/3.png.import[39m[0m
[  28% ] [90m[1msavepack[22m | Storing File: res://.godot/imported/4.png-cd8c40dfa37ae9405f5a033c63600333.ctex[39m[0m
[  28% ] [90m[1msavepack[22m | Storing File: res://assets/Humble Gift - Paper UI System v1.1/Sprites/Content Appear Animation/Folding & Cutout/2 item Holder/4.png.import[39m[0m
[  28% ] [90m[1msavepack[22m | Storing File: res://.godot/imported/5.png-1a89a6b5b9eb086a5d98b5c70c701ab7.ctex[39m[0m
[  28% ] [90m[1msavepack[22m | Storing File: res://assets/Humble Gift - Paper UI System v1.1/Sprites/Content Appear Animation/Folding & Cutout/2 item Holder/5.png.import[39m[0m
[  28% ] [90m[1msavepack[22m | Storing File: res://.godot/imported/6.png-6b831cad5f1d2f2c939751e3cd2d4c36.ctex[39m[0m
[  28% ] [90m[1msavepack[22m | Storing File: res://assets/Humble Gift - Paper UI System v1.1/Sprites/Content Appear Animation/Folding & Cutout/2 item Holder/6.png.import[39m[0m
[  28% ] [90m[1msavepack[22m | Storing File: res://.godot/imported/7.png-5f988bedfecd7c6d9071a8690e547f1b.ctex[39m[0m
[  28% ] [90m[1msavepack[22m | Storing File: res://assets/Humble Gift - Paper UI System v1.1/Sprites/Content Appear Animation/Folding & Cutout/2 item Holder/7.png.import[39m[0m
[  28% ] [90m[1msavepack[22m | Storing File: res://.godot/imported/8.png-56a7c99f252ca23061ad1aa11110d19e.ctex[39m[0m
[  28% ] [90m[1msavepack[22m | Storing File: res://assets/Humble Gift - Paper UI System v1.1/Sprites/Content Appear Animation/Folding & Cutout/2 item Holder/8.png.import[39m[0m
[  28% ] [90m[1msavepack[22m | Storing File: res://.godot/imported/9.png-1f2f27488731ba2d992f7efd6595ff7f.ctex[39m[0m
[  28% ] [90m[1msavepack[22m | Storing File: res://assets/Humble Gift - Paper UI System v1.1/Sprites/Content Appear Animation/Folding & Cutout/2 item Holder/9.png.import[39m[0m
[  28% ] [90m[1msavepack[22m | Storing File: res://.godot/imported/10.png-87aa6528e48670f61208144ecaadb8f3.ctex[39m[0m
[  28% ] [90m[1msavepack[22m | Storing File: res://assets/Humble Gift - Paper UI System v1.1/Sprites/Content Appear Animation/Folding & Cutout/2 item Holder/10.png.import[39m[0m
[  28% ] [90m[1msavepack[22m | Storing File: res://.godot/imported/11.png-77269b45c3336b1ff31778ae75ecccb9.ctex[39m[0m
[  28% ] [90m[1msavepack[22m | Storing File: res://assets/Humble Gift - Paper UI System v1.1/Sprites/Content Appear Animation/Folding & Cutout/2 item Holder/11.png.import[39m[0m
[  28% ] [90m[1msavepack[22m | Storing File: res://.godot/imported/12.png-074dd5bd5f8703f5cb8548aa8397cb85.ctex[39m[0m
[  28% ] [90m[1msavepack[22m | Storing File: res://assets/Humble Gift - Paper UI System v1.1/Sprites/Content Appear Animation/Folding & Cutout/2 item Holder/12.png.import[39m[0m
[  28% ] [90m[1msavepack[22m | Storing File: res://.godot/imported/13.png-b3f30dc1dfd943ff41e72b769d2040f2.ctex[39m[0m
[  28% ] [90m[1msavepack[22m | Storing File: res://assets/Humble Gift - Paper UI System v1.1/Sprites/Content Appear Animation/Folding & Cutout/2 item Holder/13.png.import[39m[0m
[  28% ] [90m[1msavepack[22m | Storing File: res://.godot/imported/14.png-45a8f15a5fa26406b52fa3d30b6f2fc3.ctex[39m[0m
[  28% ] [90m[1msavepack[22m | Storing File: res://assets/Humble Gift - Paper UI System v1.1/Sprites/Content Appear Animation/Folding & Cutout/2 item Holder/14.png.import[39m[0m
[  28% ] [90m[1msavepack[22m | Storing File: res://.godot/imported/15.png-9253a457267bc33660be0b280d240c46.ctex[39m[0m
[  28% ] [90m[1msavepack[22m | Storing File: res://assets/Humble Gift - Paper UI System v1.1/Sprites/Content Appear Animation/Folding & Cutout/2 item Holder/15.png.import[39m[0m
[  28% ] [90m[1msavepack[22m | Storing File: res://.godot/imported/16.png-f08e206671ea042a07c94e01033db909.ctex[39m[0m
[  28% ] [90m[1msavepack[22m | Storing File: res://assets/Humble Gift - Paper UI System v1.1/Sprites/Content Appear Animation/Folding & Cutout/2 item Holder/16.png.import[39m[0m
[  29% ] [90m[1msavepack[22m | Storing File: res://.godot/imported/17.png-8143b6caba7af9cfb1d788fcd185f56f.ctex[39m[0m
[  29% ] [90m[1msavepack[22m | Storing File: res://assets/Humble Gift - Paper UI System v1.1/Sprites/Content Appear Animation/Folding & Cutout/2 item Holder/17.png.import[39m[0m
[  29% ] [90m[1msavepack[22m | Storing File: res://.godot/imported/18.png-50055be5204435af7bc1cc1d8e489a8f.ctex[39m[0m
[  29% ] [90m[1msavepack[22m | Storing File: res://assets/Humble Gift - Paper UI System v1.1/Sprites/Content Appear Animation/Folding & Cutout/2 item Holder/18.png.import[39m[0m
[  29% ] [90m[1msavepack[22m | Storing File: res://.godot/imported/19.png-62834fdc0f665b53eb4139ab9fe244b2.ctex[39m[0m
[  29% ] [90m[1msavepack[22m | Storing File: res://assets/Humble Gift - Paper UI System v1.1/Sprites/Content Appear Animation/Folding & Cutout/2 item Holder/19.png.import[39m[0m
[  29% ] [90m[1msavepack[22m | Storing File: res://.godot/imported/20.png-2ee67154bd75f1ad6d5dd2c7dd39ac5c.ctex[39m[0m
[  29% ] [90m[1msavepack[22m | Storing File: res://assets/Humble Gift - Paper UI System v1.1/Sprites/Content Appear Animation/Folding & Cutout/2 item Holder/20.png.import[39m[0m
[  29% ] [90m[1msavepack[22m | Storing File: res://.godot/imported/21.png-47dd4814b7a1a94ed23111f19475c973.ctex[39m[0m
[  29% ] [90m[1msavepack[22m | Storing File: res://assets/Humble Gift - Paper UI System v1.1/Sprites/Content Appear Animation/Folding & Cutout/2 item Holder/21.png.import[39m[0m
[  29% ] [90m[1msavepack[22m | Storing File: res://.godot/imported/22.png-4de743430c6fe54646a73c8f94b4d1d3.ctex[39m[0m
[  29% ] [90m[1msavepack[22m | Storing File: res://assets/Humble Gift - Paper UI System v1.1/Sprites/Content Appear Animation/Folding & Cutout/2 item Holder/22.png.import[39m[0m
[  29% ] [90m[1msavepack[22m | Storing File: res://.godot/imported/23.png-3339fe07f462bd630f7e0fb482a86b56.ctex[39m[0m
[  29% ] [90m[1msavepack[22m | Storing File: res://assets/Humble Gift - Paper UI System v1.1/Sprites/Content Appear Animation/Folding & Cutout/2 item Holder/23.png.import[39m[0m
[  29% ] [90m[1msavepack[22m | Storing File: res://.godot/imported/24.png-893a99e88a05d2bc4dd940fafe4fd6f5.ctex[39m[0m
[  29% ] [90m[1msavepack[22m | Storing File: res://assets/Humble Gift - Paper UI System v1.1/Sprites/Content Appear Animation/Folding & Cutout/2 item Holder/24.png.import[39m[0m
[  29% ] [90m[1msavepack[22m | Storing File: res://.godot/imported/25.png-bbfc9b190c61ab6ece2ff7ad752a47da.ctex[39m[0m
[  29% ] [90m[1msavepack[22m | Storing File: res://assets/Humble Gift - Paper UI System v1.1/Sprites/Content Appear Animation/Folding & Cutout/2 item Holder/25.png.import[39m[0m
[  29% ] [90m[1msavepack[22m | Storing File: res://.godot/imported/26.png-185391fa8f5614f9cfcd10063cfeaaf2.ctex[39m[0m
[  29% ] [90m[1msavepack[22m | Storing File: res://assets/Humble Gift - Paper UI System v1.1/Sprites/Content Appear Animation/Folding & Cutout/2 item Holder/26.png.import[39m[0m
[  29% ] [90m[1msavepack[22m | Storing File: res://.godot/imported/27.png-19b6a210945df8c070c43d029a301853.ctex[39m[0m
[  29% ] [90m[1msavepack[22m | Storing File: res://assets/Humble Gift - Paper UI System v1.1/Sprites/Content Appear Animation/Folding & Cutout/2 item Holder/27.png.import[39m[0m
[  29% ] [90m[1msavepack[22m | Storing File: res://.godot/imported/28.png-689788e77632c42488b7751caae19b12.ctex[39m[0m
[  29% ] [90m[1msavepack[22m | Storing File: res://assets/Humble Gift - Paper UI System v1.1/Sprites/Content Appear Animation/Folding & Cutout/2 item Holder/28.png.import[39m[0m
[  29% ] [90m[1msavepack[22m | Storing File: res://.godot/imported/29.png-ba9f0cdc4f52ed1fecd547f59091eb98.ctex[39m[0m
[  29% ] [90m[1msavepack[22m | Storing File: res://assets/Humble Gift - Paper UI System v1.1/Sprites/Content Appear Animation/Folding & Cutout/2 item Holder/29.png.import[39m[0m
[  29% ] [90m[1msavepack[22m | Storing File: res://.godot/imported/30.png-800d8b309876ea136f6268f54f7550ea.ctex[39m[0m
[  29% ] [90m[1msavepack[22m | Storing File: res://assets/Humble Gift - Paper UI System v1.1/Sprites/Content Appear Animation/Folding & Cutout/2 item Holder/30.png.import[39m[0m
[  29% ] [90m[1msavepack[22m | Storing File: res://.godot/imported/31.png-b5fb55dde3e51b073f6a721099581fb6.ctex[39m[0m
[  29% ] [90m[1msavepack[22m | Storing File: res://assets/Humble Gift - Paper UI System v1.1/Sprites/Content Appear Animation/Folding & Cutout/2 item Holder/31.png.import[39m[0m
[  29% ] [90m[1msavepack[22m | Storing File: res://.godot/imported/32.png-a46cc442d9980bbb6fd44f015dfea3f0.ctex[39m[0m
[  29% ] [90m[1msavepack[22m | Storing File: res://assets/Humble Gift - Paper UI System v1.1/Sprites/Content Appear Animation/Folding & Cutout/2 item Holder/32.png.import[39m[0m
[  29% ] [90m[1msavepack[22m | Storing File: res://.godot/imported/33.png-359a74f6853c680d5639df2fa03b7cb8.ctex[39m[0m
[  29% ] [90m[1msavepack[22m | Storing File: res://assets/Humble Gift - Paper UI System v1.1/Sprites/Content Appear Animation/Folding & Cutout/2 item Holder/33.png.import[39m[0m
[  29% ] [90m[1msavepack[22m | Storing File: res://.godot/imported/34.png-1fc51c8c37917d811378ecaa17749467.ctex[39m[0m
[  29% ] [90m[1msavepack[22m | Storing File: res://assets/Humble Gift - Paper UI System v1.1/Sprites/Content Appear Animation/Folding & Cutout/2 item Holder/34.png.import[39m[0m
[  29% ] [90m[1msavepack[22m | Storing File: res://.godot/imported/35.png-64857b38a1b503e7fd35210d745d4a1f.ctex[39m[0m
[  29% ] [90m[1msavepack[22m | Storing File: res://assets/Humble Gift - Paper UI System v1.1/Sprites/Content Appear Animation/Folding & Cutout/2 item Holder/35.png.import[39m[0m
[  30% ] [90m[1msavepack[22m | Storing File: res://.godot/imported/36.png-4a79dfca5a331e854d332d214bf43c61.ctex[39m[0m
[  30% ] [90m[1msavepack[22m | Storing File: res://assets/Humble Gift - Paper UI System v1.1/Sprites/Content Appear Animation/Folding & Cutout/2 item Holder/36.png.import[39m[0m
[  30% ] [90m[1msavepack[22m | Storing File: res://.godot/imported/37.png-e9cf686ebf8f75b5ebc655589e14999e.ctex[39m[0m
[  30% ] [90m[1msavepack[22m | Storing File: res://assets/Humble Gift - Paper UI System v1.1/Sprites/Content Appear Animation/Folding & Cutout/2 item Holder/37.png.import[39m[0m
[  30% ] [90m[1msavepack[22m | Storing File: res://.godot/imported/38.png-681f71eb1dab8f05eecb9b8d6efe02dd.ctex[39m[0m
[  30% ] [90m[1msavepack[22m | Storing File: res://assets/Humble Gift - Paper UI System v1.1/Sprites/Content Appear Animation/Folding & Cutout/2 item Holder/38.png.import[39m[0m
[  30% ] [90m[1msavepack[22m | Storing File: res://.godot/imported/39.png-5367a5f6f125414650a68f22a853b9af.ctex[39m[0m
[  30% ] [90m[1msavepack[22m | Storing File: res://assets/Humble Gift - Paper UI System v1.1/Sprites/Content Appear Animation/Folding & Cutout/2 item Holder/39.png.import[39m[0m
[  30% ] [90m[1msavepack[22m | Storing File: res://.godot/imported/40.png-86c9afa0d2c90d20e431a1848d3e9a69.ctex[39m[0m
[  30% ] [90m[1msavepack[22m | Storing File: res://assets/Humble Gift - Paper UI System v1.1/Sprites/Content Appear Animation/Folding & Cutout/2 item Holder/40.png.import[39m[0m
[  30% ] [90m[1msavepack[22m | Storing File: res://.godot/imported/1.png-163b2405c12e44a4b39fe4640bb7211d.ctex[39m[0m
[  30% ] [90m[1msavepack[22m | Storing File: res://assets/Humble Gift - Paper UI System v1.1/Sprites/Content Appear Animation/Folding & Cutout/3 Rewards/1/1.png.import[39m[0m
[  30% ] [90m[1msavepack[22m | Storing File: res://.godot/imported/2.png-106bf0a27e5e94fa1f5aa962ab7aeaba.ctex[39m[0m
[  30% ] [90m[1msavepack[22m | Storing File: res://assets/Humble Gift - Paper UI System v1.1/Sprites/Content Appear Animation/Folding & Cutout/3 Rewards/1/2.png.import[39m[0m
[  30% ] [90m[1msavepack[22m | Storing File: res://.godot/imported/3.png-88edcdbfeb1627acd992a3e473741045.ctex[39m[0m
[  30% ] [90m[1msavepack[22m | Storing File: res://assets/Humble Gift - Paper UI System v1.1/Sprites/Content Appear Animation/Folding & Cutout/3 Rewards/1/3.png.import[39m[0m
[  30% ] [90m[1msavepack[22m | Storing File: res://.godot/imported/4.png-59449f8f7281b28ee1aac5f31f1c8330.ctex[39m[0m
[  30% ] [90m[1msavepack[22m | Storing File: res://assets/Humble Gift - Paper UI System v1.1/Sprites/Content Appear Animation/Folding & Cutout/3 Rewards/1/4.png.import[39m[0m
[  30% ] [90m[1msavepack[22m | Storing File: res://.godot/imported/5.png-87a0bdbb0aed6eb1dfa57f377767d812.ctex[39m[0m
[  30% ] [90m[1msavepack[22m | Storing File: res://assets/Humble Gift - Paper UI System v1.1/Sprites/Content Appear Animation/Folding & Cutout/3 Rewards/1/5.png.import[39m[0m
[  30% ] [90m[1msavepack[22m | Storing File: res://.godot/imported/6.png-5964a2bb783a506b0719cea1c5c54919.ctex[39m[0m
[  30% ] [90m[1msavepack[22m | Storing File: res://assets/Humble Gift - Paper UI System v1.1/Sprites/Content Appear Animation/Folding & Cutout/3 Rewards/1/6.png.import[39m[0m
[  30% ] [90m[1msavepack[22m | Storing File: res://.godot/imported/7.png-e6cdfa7ddf84b621a092b997ec448821.ctex[39m[0m
[  30% ] [90m[1msavepack[22m | Storing File: res://assets/Humble Gift - Paper UI System v1.1/Sprites/Content Appear Animation/Folding & Cutout/3 Rewards/1/7.png.import[39m[0m
[  30% ] [90m[1msavepack[22m | Storing File: res://.godot/imported/8.png-caa91e9e55ea5a3a10bfa6861c533e4a.ctex[39m[0m
[  30% ] [90m[1msavepack[22m | Storing File: res://assets/Humble Gift - Paper UI System v1.1/Sprites/Content Appear Animation/Folding & Cutout/3 Rewards/1/8.png.import[39m[0m
[  30% ] [90m[1msavepack[22m | Storing File: res://.godot/imported/9.png-ab983c30bcdaef1bba21abfd18263f1b.ctex[39m[0m
[  30% ] [90m[1msavepack[22m | Storing File: res://assets/Humble Gift - Paper UI System v1.1/Sprites/Content Appear Animation/Folding & Cutout/3 Rewards/1/9.png.import[39m[0m
[  30% ] [90m[1msavepack[22m | Storing File: res://.godot/imported/10.png-6b1127b8c5a0b3fdea8b7e81dc4c5432.ctex[39m[0m
[  30% ] [90m[1msavepack[22m | Storing File: res://assets/Humble Gift - Paper UI System v1.1/Sprites/Content Appear Animation/Folding & Cutout/3 Rewards/1/10.png.import[39m[0m
[  30% ] [90m[1msavepack[22m | Storing File: res://.godot/imported/11.png-ecda1dac84e7465d2ed2f62563f57be6.ctex[39m[0m
[  30% ] [90m[1msavepack[22m | Storing File: res://assets/Humble Gift - Paper UI System v1.1/Sprites/Content Appear Animation/Folding & Cutout/3 Rewards/1/11.png.import[39m[0m
[  30% ] [90m[1msavepack[22m | Storing File: res://.godot/imported/12.png-5b4d8a3ef89c3807f73a4343d9d4c983.ctex[39m[0m
[  30% ] [90m[1msavepack[22m | Storing File: res://assets/Humble Gift - Paper UI System v1.1/Sprites/Content Appear Animation/Folding & Cutout/3 Rewards/1/12.png.import[39m[0m
[  30% ] [90m[1msavepack[22m | Storing File: res://.godot/imported/13.png-d1d84705bae2d950d71c4246c53532df.ctex[39m[0m
[  30% ] [90m[1msavepack[22m | Storing File: res://assets/Humble Gift - Paper UI System v1.1/Sprites/Content Appear Animation/Folding & Cutout/3 Rewards/1/13.png.import[39m[0m
[  30% ] [90m[1msavepack[22m | Storing File: res://.godot/imported/14.png-4c6bd449d67e21f86abe66d9e0a8d2b4.ctex[39m[0m
[  30% ] [90m[1msavepack[22m | Storing File: res://assets/Humble Gift - Paper UI System v1.1/Sprites/Content Appear Animation/Folding & Cutout/3 Rewards/1/14.png.import[39m[0m
[  31% ] [90m[1msavepack[22m | Storing File: res://.godot/imported/15.png-8c89a099a59ed24c09ab9bdc7aa197ac.ctex[39m[0m
[  31% ] [90m[1msavepack[22m | Storing File: res://assets/Humble Gift - Paper UI System v1.1/Sprites/Content Appear Animation/Folding & Cutout/3 Rewards/1/15.png.import[39m[0m
[  31% ] [90m[1msavepack[22m | Storing File: res://.godot/imported/16.png-451c6e0f68459b0b102f591ee9e1c796.ctex[39m[0m
[  31% ] [90m[1msavepack[22m | Storing File: res://assets/Humble Gift - Paper UI System v1.1/Sprites/Content Appear Animation/Folding & Cutout/3 Rewards/1/16.png.import[39m[0m
[  31% ] [90m[1msavepack[22m | Storing File: res://.godot/imported/17.png-97ec85020211efc29d51c02cfd2f6374.ctex[39m[0m
[  31% ] [90m[1msavepack[22m | Storing File: res://assets/Humble Gift - Paper UI System v1.1/Sprites/Content Appear Animation/Folding & Cutout/3 Rewards/1/17.png.import[39m[0m
[  31% ] [90m[1msavepack[22m | Storing File: res://.godot/imported/18.png-9e89d47dbcc87eb5fc492953ab2cd0f9.ctex[39m[0m
[  31% ] [90m[1msavepack[22m | Storing File: res://assets/Humble Gift - Paper UI System v1.1/Sprites/Content Appear Animation/Folding & Cutout/3 Rewards/1/18.png.import[39m[0m
[  31% ] [90m[1msavepack[22m | Storing File: res://.godot/imported/19.png-03d86916ebfa093d5153b7c1580f4469.ctex[39m[0m
[  31% ] [90m[1msavepack[22m | Storing File: res://assets/Humble Gift - Paper UI System v1.1/Sprites/Content Appear Animation/Folding & Cutout/3 Rewards/1/19.png.import[39m[0m
[  31% ] [90m[1msavepack[22m | Storing File: res://.godot/imported/20.png-cd06f3bfb8867bd2ae40c286efcfd705.ctex[39m[0m
[  31% ] [90m[1msavepack[22m | Storing File: res://assets/Humble Gift - Paper UI System v1.1/Sprites/Content Appear Animation/Folding & Cutout/3 Rewards/1/20.png.import[39m[0m
[  31% ] [90m[1msavepack[22m | Storing File: res://.godot/imported/21.png-032927db59809f95edbbc2d3786c6537.ctex[39m[0m
[  31% ] [90m[1msavepack[22m | Storing File: res://assets/Humble Gift - Paper UI System v1.1/Sprites/Content Appear Animation/Folding & Cutout/3 Rewards/1/21.png.import[39m[0m
[  31% ] [90m[1msavepack[22m | Storing File: res://.godot/imported/22.png-cb9ea9bc6728f4d2bfb40a16f78a876a.ctex[39m[0m
[  31% ] [90m[1msavepack[22m | Storing File: res://assets/Humble Gift - Paper UI System v1.1/Sprites/Content Appear Animation/Folding & Cutout/3 Rewards/1/22.png.import[39m[0m
[  31% ] [90m[1msavepack[22m | Storing File: res://.godot/imported/23.png-556133ae995b2b7651f59944d8b8e336.ctex[39m[0m
[  31% ] [90m[1msavepack[22m | Storing File: res://assets/Humble Gift - Paper UI System v1.1/Sprites/Content Appear Animation/Folding & Cutout/3 Rewards/1/23.png.import[39m[0m
[  31% ] [90m[1msavepack[22m | Storing File: res://.godot/imported/24.png-5dabf3735db27adbdb9cdc91d8f9dc0b.ctex[39m[0m
[  31% ] [90m[1msavepack[22m | Storing File: res://assets/Humble Gift - Paper UI System v1.1/Sprites/Content Appear Animation/Folding & Cutout/3 Rewards/1/24.png.import[39m[0m
[  31% ] [90m[1msavepack[22m | Storing File: res://.godot/imported/25.png-8e333154a95cb72291bfc1a2558ffa05.ctex[39m[0m
[  31% ] [90m[1msavepack[22m | Storing File: res://assets/Humble Gift - Paper UI System v1.1/Sprites/Content Appear Animation/Folding & Cutout/3 Rewards/1/25.png.import[39m[0m
[  31% ] [90m[1msavepack[22m | Storing File: res://.godot/imported/26.png-e5f1324f562d6ca9fe136d63acb2d140.ctex[39m[0m
[  31% ] [90m[1msavepack[22m | Storing File: res://assets/Humble Gift - Paper UI System v1.1/Sprites/Content Appear Animation/Folding & Cutout/3 Rewards/1/26.png.import[39m[0m
[  31% ] [90m[1msavepack[22m | Storing File: res://.godot/imported/27.png-86c9e4297c1da25f798f285fbc4a4f15.ctex[39m[0m
[  31% ] [90m[1msavepack[22m | Storing File: res://assets/Humble Gift - Paper UI System v1.1/Sprites/Content Appear Animation/Folding & Cutout/3 Rewards/1/27.png.import[39m[0m
[  31% ] [90m[1msavepack[22m | Storing File: res://.godot/imported/28.png-8c2681c674683e3b128f3b9d135ddb9d.ctex[39m[0m
[  31% ] [90m[1msavepack[22m | Storing File: res://assets/Humble Gift - Paper UI System v1.1/Sprites/Content Appear Animation/Folding & Cutout/3 Rewards/1/28.png.import[39m[0m
[  31% ] [90m[1msavepack[22m | Storing File: res://.godot/imported/29.png-05df9b7e5c1f370c94e534ef519f00ae.ctex[39m[0m
[  31% ] [90m[1msavepack[22m | Storing File: res://assets/Humble Gift - Paper UI System v1.1/Sprites/Content Appear Animation/Folding & Cutout/3 Rewards/1/29.png.import[39m[0m
[  31% ] [90m[1msavepack[22m | Storing File: res://.godot/imported/30.png-df89f3dc5546b4df8a02ef70b118eb18.ctex[39m[0m
[  31% ] [90m[1msavepack[22m | Storing File: res://assets/Humble Gift - Paper UI System v1.1/Sprites/Content Appear Animation/Folding & Cutout/3 Rewards/1/30.png.import[39m[0m
[  31% ] [90m[1msavepack[22m | Storing File: res://.godot/imported/31.png-50947f9707fd9a9d4ad5ff08f02e3429.ctex[39m[0m
[  31% ] [90m[1msavepack[22m | Storing File: res://assets/Humble Gift - Paper UI System v1.1/Sprites/Content Appear Animation/Folding & Cutout/3 Rewards/1/31.png.import[39m[0m
[  31% ] [90m[1msavepack[22m | Storing File: res://.godot/imported/32.png-9266ac7999b42f3f9413a87c9ea84f92.ctex[39m[0m
[  31% ] [90m[1msavepack[22m | Storing File: res://assets/Humble Gift - Paper UI System v1.1/Sprites/Content Appear Animation/Folding & Cutout/3 Rewards/1/32.png.import[39m[0m
[  31% ] [90m[1msavepack[22m | Storing File: res://.godot/imported/1.png-4b1cda2a11e79a11f5a17357ede4115e.ctex[39m[0m
[  31% ] [90m[1msavepack[22m | Storing File: res://assets/Humble Gift - Paper UI System v1.1/Sprites/Content Appear Animation/Folding & Cutout/3 Rewards/2/1.png.import[39m[0m
[  31% ] [90m[1msavepack[22m | Storing File: res://.godot/imported/2.png-be13a20efe95c847a4f50a359ae9c0eb.ctex[39m[0m
[  31% ] [90m[1msavepack[22m | Storing File: res://assets/Humble Gift - Paper UI System v1.1/Sprites/Content Appear Animation/Folding & Cutout/3 Rewards/2/2.png.import[39m[0m
[  32% ] [90m[1msavepack[22m | Storing File: res://.godot/imported/3.png-3b348a6932e8d45f2448f22eb4a37426.ctex[39m[0m
[  32% ] [90m[1msavepack[22m | Storing File: res://assets/Humble Gift - Paper UI System v1.1/Sprites/Content Appear Animation/Folding & Cutout/3 Rewards/2/3.png.import[39m[0m
[  32% ] [90m[1msavepack[22m | Storing File: res://.godot/imported/4.png-ba8d8b0211d882803d3bc490cad6782f.ctex[39m[0m
[  32% ] [90m[1msavepack[22m | Storing File: res://assets/Humble Gift - Paper UI System v1.1/Sprites/Content Appear Animation/Folding & Cutout/3 Rewards/2/4.png.import[39m[0m
[  32% ] [90m[1msavepack[22m | Storing File: res://.godot/imported/5.png-e0c003abed37f0c87331ab6178b4cc8b.ctex[39m[0m
[  32% ] [90m[1msavepack[22m | Storing File: res://assets/Humble Gift - Paper UI System v1.1/Sprites/Content Appear Animation/Folding & Cutout/3 Rewards/2/5.png.import[39m[0m
[  32% ] [90m[1msavepack[22m | Storing File: res://.godot/imported/6.png-73e69d6ec9fbcaeb03f4e0176dfc2ee0.ctex[39m[0m
[  32% ] [90m[1msavepack[22m | Storing File: res://assets/Humble Gift - Paper UI System v1.1/Sprites/Content Appear Animation/Folding & Cutout/3 Rewards/2/6.png.import[39m[0m
[  32% ] [90m[1msavepack[22m | Storing File: res://.godot/imported/7.png-458052328fb9adc06e9d8479497baf6b.ctex[39m[0m
[  32% ] [90m[1msavepack[22m | Storing File: res://assets/Humble Gift - Paper UI System v1.1/Sprites/Content Appear Animation/Folding & Cutout/3 Rewards/2/7.png.import[39m[0m
[  32% ] [90m[1msavepack[22m | Storing File: res://.godot/imported/8.png-dfe472485ee97053e7122337e961a4c3.ctex[39m[0m
[  32% ] [90m[1msavepack[22m | Storing File: res://assets/Humble Gift - Paper UI System v1.1/Sprites/Content Appear Animation/Folding & Cutout/3 Rewards/2/8.png.import[39m[0m
[  32% ] [90m[1msavepack[22m | Storing File: res://.godot/imported/9.png-8b04bede785f53f9c1ebfd72a1bd10cf.ctex[39m[0m
[  32% ] [90m[1msavepack[22m | Storing File: res://assets/Humble Gift - Paper UI System v1.1/Sprites/Content Appear Animation/Folding & Cutout/3 Rewards/2/9.png.import[39m[0m
[  32% ] [90m[1msavepack[22m | Storing File: res://.godot/imported/10.png-89b8a5dfec77f55a8d6ec0e7a1f61735.ctex[39m[0m
[  32% ] [90m[1msavepack[22m | Storing File: res://assets/Humble Gift - Paper UI System v1.1/Sprites/Content Appear Animation/Folding & Cutout/3 Rewards/2/10.png.import[39m[0m
[  32% ] [90m[1msavepack[22m | Storing File: res://.godot/imported/11.png-f01687c0be774948250acaee96e92d67.ctex[39m[0m
[  32% ] [90m[1msavepack[22m | Storing File: res://assets/Humble Gift - Paper UI System v1.1/Sprites/Content Appear Animation/Folding & Cutout/3 Rewards/2/11.png.import[39m[0m
[  32% ] [90m[1msavepack[22m | Storing File: res://.godot/imported/12.png-b53d70a544073d32e34d5c6d0af62fe5.ctex[39m[0m
[  32% ] [90m[1msavepack[22m | Storing File: res://assets/Humble Gift - Paper UI System v1.1/Sprites/Content Appear Animation/Folding & Cutout/3 Rewards/2/12.png.import[39m[0m
[  32% ] [90m[1msavepack[22m | Storing File: res://.godot/imported/13.png-a29978f46d61c4f5ff7319b60ae30d0c.ctex[39m[0m
[  32% ] [90m[1msavepack[22m | Storing File: res://assets/Humble Gift - Paper UI System v1.1/Sprites/Content Appear Animation/Folding & Cutout/3 Rewards/2/13.png.import[39m[0m
[  32% ] [90m[1msavepack[22m | Storing File: res://.godot/imported/14.png-ded8ae5da9ee5c4f64bb8c4c2b79c136.ctex[39m[0m
[  32% ] [90m[1msavepack[22m | Storing File: res://assets/Humble Gift - Paper UI System v1.1/Sprites/Content Appear Animation/Folding & Cutout/3 Rewards/2/14.png.import[39m[0m
[  32% ] [90m[1msavepack[22m | Storing File: res://.godot/imported/15.png-946f95d4377aeb169911d9e7504b8984.ctex[39m[0m
[  32% ] [90m[1msavepack[22m | Storing File: res://assets/Humble Gift - Paper UI System v1.1/Sprites/Content Appear Animation/Folding & Cutout/3 Rewards/2/15.png.import[39m[0m
[  32% ] [90m[1msavepack[22m | Storing File: res://.godot/imported/16.png-a2799eb33bf9660b98f7b29ff875bb08.ctex[39m[0m
[  32% ] [90m[1msavepack[22m | Storing File: res://assets/Humble Gift - Paper UI System v1.1/Sprites/Content Appear Animation/Folding & Cutout/3 Rewards/2/16.png.import[39m[0m
[  32% ] [90m[1msavepack[22m | Storing File: res://.godot/imported/17.png-012e080db67f06b12fa2c36df6173382.ctex[39m[0m
[  32% ] [90m[1msavepack[22m | Storing File: res://assets/Humble Gift - Paper UI System v1.1/Sprites/Content Appear Animation/Folding & Cutout/3 Rewards/2/17.png.import[39m[0m
[  32% ] [90m[1msavepack[22m | Storing File: res://.godot/imported/18.png-a2bd4638ffee9770655784f92900d21c.ctex[39m[0m
[  32% ] [90m[1msavepack[22m | Storing File: res://assets/Humble Gift - Paper UI System v1.1/Sprites/Content Appear Animation/Folding & Cutout/3 Rewards/2/18.png.import[39m[0m
[  32% ] [90m[1msavepack[22m | Storing File: res://.godot/imported/19.png-6814a000cd4079a4c671d173e73703da.ctex[39m[0m
[  32% ] [90m[1msavepack[22m | Storing File: res://assets/Humble Gift - Paper UI System v1.1/Sprites/Content Appear Animation/Folding & Cutout/3 Rewards/2/19.png.import[39m[0m
[  32% ] [90m[1msavepack[22m | Storing File: res://.godot/imported/20.png-23c1b3106d38ed6a2ca85cfd2de8ad83.ctex[39m[0m
[  32% ] [90m[1msavepack[22m | Storing File: res://assets/Humble Gift - Paper UI System v1.1/Sprites/Content Appear Animation/Folding & Cutout/3 Rewards/2/20.png.import[39m[0m
[  32% ] [90m[1msavepack[22m | Storing File: res://.godot/imported/21.png-168df767eb550e712c05de9ec2627499.ctex[39m[0m
[  32% ] [90m[1msavepack[22m | Storing File: res://assets/Humble Gift - Paper UI System v1.1/Sprites/Content Appear Animation/Folding & Cutout/3 Rewards/2/21.png.import[39m[0m
[  33% ] [90m[1msavepack[22m | Storing File: res://.godot/imported/22.png-8ad29b81ce2f476e0c9691167fe9c988.ctex[39m[0m
[  33% ] [90m[1msavepack[22m | Storing File: res://assets/Humble Gift - Paper UI System v1.1/Sprites/Content Appear Animation/Folding & Cutout/3 Rewards/2/22.png.import[39m[0m
[  33% ] [90m[1msavepack[22m | Storing File: res://.godot/imported/23.png-01d0388828099b6360e9e7c60843ac87.ctex[39m[0m
[  33% ] [90m[1msavepack[22m | Storing File: res://assets/Humble Gift - Paper UI System v1.1/Sprites/Content Appear Animation/Folding & Cutout/3 Rewards/2/23.png.import[39m[0m
[  33% ] [90m[1msavepack[22m | Storing File: res://.godot/imported/24.png-203edf67f51c169ab631432658741b5e.ctex[39m[0m
[  33% ] [90m[1msavepack[22m | Storing File: res://assets/Humble Gift - Paper UI System v1.1/Sprites/Content Appear Animation/Folding & Cutout/3 Rewards/2/24.png.import[39m[0m
[  33% ] [90m[1msavepack[22m | Storing File: res://.godot/imported/25.png-7bde3f06bed2847c79c130315fd5da9f.ctex[39m[0m
[  33% ] [90m[1msavepack[22m | Storing File: res://assets/Humble Gift - Paper UI System v1.1/Sprites/Content Appear Animation/Folding & Cutout/3 Rewards/2/25.png.import[39m[0m
[  33% ] [90m[1msavepack[22m | Storing File: res://.godot/imported/26.png-bc4a79aaea78c5ab39920925b2e6287b.ctex[39m[0m
[  33% ] [90m[1msavepack[22m | Storing File: res://assets/Humble Gift - Paper UI System v1.1/Sprites/Content Appear Animation/Folding & Cutout/3 Rewards/2/26.png.import[39m[0m
[  33% ] [90m[1msavepack[22m | Storing File: res://.godot/imported/27.png-182f8826e8d08692e7adfb6a679bff45.ctex[39m[0m
[  33% ] [90m[1msavepack[22m | Storing File: res://assets/Humble Gift - Paper UI System v1.1/Sprites/Content Appear Animation/Folding & Cutout/3 Rewards/2/27.png.import[39m[0m
[  33% ] [90m[1msavepack[22m | Storing File: res://.godot/imported/28.png-18c5f8c78b52d7f7e793b0e7d65b8b92.ctex[39m[0m
[  33% ] [90m[1msavepack[22m | Storing File: res://assets/Humble Gift - Paper UI System v1.1/Sprites/Content Appear Animation/Folding & Cutout/3 Rewards/2/28.png.import[39m[0m
[  33% ] [90m[1msavepack[22m | Storing File: res://.godot/imported/29.png-b03752cebb61ba2eea04c66317b4e446.ctex[39m[0m
[  33% ] [90m[1msavepack[22m | Storing File: res://assets/Humble Gift - Paper UI System v1.1/Sprites/Content Appear Animation/Folding & Cutout/3 Rewards/2/29.png.import[39m[0m
[  33% ] [90m[1msavepack[22m | Storing File: res://.godot/imported/30.png-fe89c21468e8e6261533e7990c123b22.ctex[39m[0m
[  33% ] [90m[1msavepack[22m | Storing File: res://assets/Humble Gift - Paper UI System v1.1/Sprites/Content Appear Animation/Folding & Cutout/3 Rewards/2/30.png.import[39m[0m
[  33% ] [90m[1msavepack[22m | Storing File: res://.godot/imported/31.png-54f4688d3a49058aa70c13b25e31cce0.ctex[39m[0m
[  33% ] [90m[1msavepack[22m | Storing File: res://assets/Humble Gift - Paper UI System v1.1/Sprites/Content Appear Animation/Folding & Cutout/3 Rewards/2/31.png.import[39m[0m
[  33% ] [90m[1msavepack[22m | Storing File: res://.godot/imported/32.png-af5fe4ac43bcbf63bbf0d48914091ec1.ctex[39m[0m
[  33% ] [90m[1msavepack[22m | Storing File: res://assets/Humble Gift - Paper UI System v1.1/Sprites/Content Appear Animation/Folding & Cutout/3 Rewards/2/32.png.import[39m[0m
[  33% ] [90m[1msavepack[22m | Storing File: res://.godot/imported/33.png-7eaea115e4b358fd9797ac422ca6febb.ctex[39m[0m
[  33% ] [90m[1msavepack[22m | Storing File: res://assets/Humble Gift - Paper UI System v1.1/Sprites/Content Appear Animation/Folding & Cutout/3 Rewards/2/33.png.import[39m[0m
[  33% ] [90m[1msavepack[22m | Storing File: res://.godot/imported/34.png-75f7a4f7327f3bd4bcee46b830621ba7.ctex[39m[0m
[  33% ] [90m[1msavepack[22m | Storing File: res://assets/Humble Gift - Paper UI System v1.1/Sprites/Content Appear Animation/Folding & Cutout/3 Rewards/2/34.png.import[39m[0m
[  33% ] [90m[1msavepack[22m | Storing File: res://.godot/imported/1.png-145b1842a4388e8fa1b4a2a577e2296e.ctex[39m[0m
[  33% ] [90m[1msavepack[22m | Storing File: res://assets/Humble Gift - Paper UI System v1.1/Sprites/Content Appear Animation/Folding & Cutout/4 Notification/1/1.png.import[39m[0m
[  33% ] [90m[1msavepack[22m | Storing File: res://.godot/imported/2.png-6363b9b4958e3e54555a1caf09b165ec.ctex[39m[0m
[  33% ] [90m[1msavepack[22m | Storing File: res://assets/Humble Gift - Paper UI System v1.1/Sprites/Content Appear Animation/Folding & Cutout/4 Notification/1/2.png.import[39m[0m
[  33% ] [90m[1msavepack[22m | Storing File: res://.godot/imported/3.png-8a296f2e680441d235056bc69d7ef3c9.ctex[39m[0m
[  33% ] [90m[1msavepack[22m | Storing File: res://assets/Humble Gift - Paper UI System v1.1/Sprites/Content Appear Animation/Folding & Cutout/4 Notification/1/3.png.import[39m[0m
[  33% ] [90m[1msavepack[22m | Storing File: res://.godot/imported/4.png-af714b4cce3339534b6b1c76bd015f46.ctex[39m[0m
[  33% ] [90m[1msavepack[22m | Storing File: res://assets/Humble Gift - Paper UI System v1.1/Sprites/Content Appear Animation/Folding & Cutout/4 Notification/1/4.png.import[39m[0m
[  33% ] [90m[1msavepack[22m | Storing File: res://.godot/imported/5.png-28ae992f38a025aa9aab5cc468214783.ctex[39m[0m
[  33% ] [90m[1msavepack[22m | Storing File: res://assets/Humble Gift - Paper UI System v1.1/Sprites/Content Appear Animation/Folding & Cutout/4 Notification/1/5.png.import[39m[0m
[  33% ] [90m[1msavepack[22m | Storing File: res://.godot/imported/6.png-e9b1789fc283aa35616f4381a20f2de1.ctex[39m[0m
[  33% ] [90m[1msavepack[22m | Storing File: res://assets/Humble Gift - Paper UI System v1.1/Sprites/Content Appear Animation/Folding & Cutout/4 Notification/1/6.png.import[39m[0m
[  33% ] [90m[1msavepack[22m | Storing File: res://.godot/imported/7.png-73d467e81977246c1ad84aa362bb1c7e.ctex[39m[0m
[  33% ] [90m[1msavepack[22m | Storing File: res://assets/Humble Gift - Paper UI System v1.1/Sprites/Content Appear Animation/Folding & Cutout/4 Notification/1/7.png.import[39m[0m
[  33% ] [90m[1msavepack[22m | Storing File: res://.godot/imported/8.png-622f1635a16afd36e835249262b80efc.ctex[39m[0m
[  33% ] [90m[1msavepack[22m | Storing File: res://assets/Humble Gift - Paper UI System v1.1/Sprites/Content Appear Animation/Folding & Cutout/4 Notification/1/8.png.import[39m[0m
[  33% ] [90m[1msavepack[22m | Storing File: res://.godot/imported/9.png-71f6d4df392e22c31f9395b8a3980f5a.ctex[39m[0m
[  33% ] [90m[1msavepack[22m | Storing File: res://assets/Humble Gift - Paper UI System v1.1/Sprites/Content Appear Animation/Folding & Cutout/4 Notification/1/9.png.import[39m[0m
[  33% ] [90m[1msavepack[22m | Storing File: res://.godot/imported/10.png-f624e0531171bd68c628fd13a59f07ee.ctex[39m[0m
[  33% ] [90m[1msavepack[22m | Storing File: res://assets/Humble Gift - Paper UI System v1.1/Sprites/Content Appear Animation/Folding & Cutout/4 Notification/1/10.png.import[39m[0m
[  33% ] [90m[1msavepack[22m | Storing File: res://.godot/imported/11.png-e85d6a20bc64d6182f7b737a9ebb07a1.ctex[39m[0m
[  33% ] [90m[1msavepack[22m | Storing File: res://assets/Humble Gift - Paper UI System v1.1/Sprites/Content Appear Animation/Folding & Cutout/4 Notification/1/11.png.import[39m[0m
[  33% ] [90m[1msavepack[22m | Storing File: res://.godot/imported/12.png-36ea2ed6faedd71517fab79b3516334f.ctex[39m[0m
[  33% ] [90m[1msavepack[22m | Storing File: res://assets/Humble Gift - Paper UI System v1.1/Sprites/Content Appear Animation/Folding & Cutout/4 Notification/1/12.png.import[39m[0m
[  33% ] [90m[1msavepack[22m | Storing File: res://.godot/imported/13.png-0000d2292695e2af8dfc76f1c29804c5.ctex[39m[0m
[  33% ] [90m[1msavepack[22m | Storing File: res://assets/Humble Gift - Paper UI System v1.1/Sprites/Content Appear Animation/Folding & Cutout/4 Notification/1/13.png.import[39m[0m
[  33% ] [90m[1msavepack[22m | Storing File: res://.godot/imported/14.png-20bdf50d39d61b08f4bd5016fb43ac51.ctex[39m[0m
[  33% ] [90m[1msavepack[22m | Storing File: res://assets/Humble Gift - Paper UI System v1.1/Sprites/Content Appear Animation/Folding & Cutout/4 Notification/1/14.png.import[39m[0m
[  33% ] [90m[1msavepack[22m | Storing File: res://.godot/imported/15.png-b505984aafa95eefc562a75dbae70574.ctex[39m[0m
[  33% ] [90m[1msavepack[22m | Storing File: res://assets/Humble Gift - Paper UI System v1.1/Sprites/Content Appear Animation/Folding & Cutout/4 Notification/1/15.png.import[39m[0m
[  33% ] [90m[1msavepack[22m | Storing File: res://.godot/imported/16.png-c86b2bdbe98880a8701582a5fc6e6636.ctex[39m[0m
[  33% ] [90m[1msavepack[22m | Storing File: res://assets/Humble Gift - Paper UI System v1.1/Sprites/Content Appear Animation/Folding & Cutout/4 Notification/1/16.png.import[39m[0m
[  33% ] [90m[1msavepack[22m | Storing File: res://.godot/imported/17.png-8e97edcd062ab17c266f18f7f80fcd78.ctex[39m[0m
[  33% ] [90m[1msavepack[22m | Storing File: res://assets/Humble Gift - Paper UI System v1.1/Sprites/Content Appear Animation/Folding & Cutout/4 Notification/1/17.png.import[39m[0m
[  33% ] [90m[1msavepack[22m | Storing File: res://.godot/imported/18.png-7288a411bc14262511f2e1e28a8f9d46.ctex[39m[0m
[  33% ] [90m[1msavepack[22m | Storing File: res://assets/Humble Gift - Paper UI System v1.1/Sprites/Content Appear Animation/Folding & Cutout/4 Notification/1/18.png.import[39m[0m
[  33% ] [90m[1msavepack[22m | Storing File: res://.godot/imported/19.png-7a15a1fb57cf003612a4c1194f462a74.ctex[39m[0m
[  33% ] [90m[1msavepack[22m | Storing File: res://assets/Humble Gift - Paper UI System v1.1/Sprites/Content Appear Animation/Folding & Cutout/4 Notification/1/19.png.import[39m[0m
[  33% ] [90m[1msavepack[22m | Storing File: res://.godot/imported/20.png-123ec77271d9e7431aab15d95f8951ae.ctex[39m[0m
[  33% ] [90m[1msavepack[22m | Storing File: res://assets/Humble Gift - Paper UI System v1.1/Sprites/Content Appear Animation/Folding & Cutout/4 Notification/1/20.png.import[39m[0m
[  33% ] [90m[1msavepack[22m | Storing File: res://.godot/imported/21.png-1fb21d7a2017c54e5d338dbb7387f9bd.ctex[39m[0m
[  33% ] [90m[1msavepack[22m | Storing File: res://assets/Humble Gift - Paper UI System v1.1/Sprites/Content Appear Animation/Folding & Cutout/4 Notification/1/21.png.import[39m[0m
[  33% ] [90m[1msavepack[22m | Storing File: res://.godot/imported/22.png-bb3efd482699f9073b6d62817cda1445.ctex[39m[0m
[  33% ] [90m[1msavepack[22m | Storing File: res://assets/Humble Gift - Paper UI System v1.1/Sprites/Content Appear Animation/Folding & Cutout/4 Notification/1/22.png.import[39m[0m
[  33% ] [90m[1msavepack[22m | Storing File: res://.godot/imported/23.png-22e321a2a8e4e97fe5049d8a976581e9.ctex[39m[0m
[  33% ] [90m[1msavepack[22m | Storing File: res://assets/Humble Gift - Paper UI System v1.1/Sprites/Content Appear Animation/Folding & Cutout/4 Notification/1/23.png.import[39m[0m
[  33% ] [90m[1msavepack[22m | Storing File: res://.godot/imported/1.png-f2eaf3516b680c594c8d9831e90ad28a.ctex[39m[0m
[  33% ] [90m[1msavepack[22m | Storing File: res://assets/Humble Gift - Paper UI System v1.1/Sprites/Content Appear Animation/Folding & Cutout/4 Notification/2/1.png.import[39m[0m
[  33% ] [90m[1msavepack[22m | Storing File: res://.godot/imported/2.png-ec6256982b06e214ed57e517c941beff.ctex[39m[0m
[  33% ] [90m[1msavepack[22m | Storing File: res://assets/Humble Gift - Paper UI System v1.1/Sprites/Content Appear Animation/Folding & Cutout/4 Notification/2/2.png.import[39m[0m
[  34% ] [90m[1msavepack[22m | Storing File: res://.godot/imported/3.png-c0e425af60cc3b8ca6f72b77e7c1563c.ctex[39m[0m
[  34% ] [90m[1msavepack[22m | Storing File: res://assets/Humble Gift - Paper UI System v1.1/Sprites/Content Appear Animation/Folding & Cutout/4 Notification/2/3.png.import[39m[0m
[  34% ] [90m[1msavepack[22m | Storing File: res://.godot/imported/4.png-3c878e60dde74f6b70af3d5640a7bc67.ctex[39m[0m
[  34% ] [90m[1msavepack[22m | Storing File: res://assets/Humble Gift - Paper UI System v1.1/Sprites/Content Appear Animation/Folding & Cutout/4 Notification/2/4.png.import[39m[0m
[  34% ] [90m[1msavepack[22m | Storing File: res://.godot/imported/5.png-91a62a3e986dbb02f40bf87e4307d53b.ctex[39m[0m
[  34% ] [90m[1msavepack[22m | Storing File: res://assets/Humble Gift - Paper UI System v1.1/Sprites/Content Appear Animation/Folding & Cutout/4 Notification/2/5.png.import[39m[0m
[  34% ] [90m[1msavepack[22m | Storing File: res://.godot/imported/6.png-a3c2bb72e15be1a71cd76afc9d138df2.ctex[39m[0m
[  34% ] [90m[1msavepack[22m | Storing File: res://assets/Humble Gift - Paper UI System v1.1/Sprites/Content Appear Animation/Folding & Cutout/4 Notification/2/6.png.import[39m[0m
[  34% ] [90m[1msavepack[22m | Storing File: res://.godot/imported/7.png-ffb9deaaabf522de752dff5402f11a34.ctex[39m[0m
[  34% ] [90m[1msavepack[22m | Storing File: res://assets/Humble Gift - Paper UI System v1.1/Sprites/Content Appear Animation/Folding & Cutout/4 Notification/2/7.png.import[39m[0m
[  34% ] [90m[1msavepack[22m | Storing File: res://.godot/imported/8.png-b53d117001410476784910efeaded2b0.ctex[39m[0m
[  34% ] [90m[1msavepack[22m | Storing File: res://assets/Humble Gift - Paper UI System v1.1/Sprites/Content Appear Animation/Folding & Cutout/4 Notification/2/8.png.import[39m[0m
[  34% ] [90m[1msavepack[22m | Storing File: res://.godot/imported/9.png-03007a18f820b51e85a868f64f328ccd.ctex[39m[0m
[  34% ] [90m[1msavepack[22m | Storing File: res://assets/Humble Gift - Paper UI System v1.1/Sprites/Content Appear Animation/Folding & Cutout/4 Notification/2/9.png.import[39m[0m
[  34% ] [90m[1msavepack[22m | Storing File: res://.godot/imported/10.png-c402d675655c4900739b21ddc8fab50d.ctex[39m[0m
[  34% ] [90m[1msavepack[22m | Storing File: res://assets/Humble Gift - Paper UI System v1.1/Sprites/Content Appear Animation/Folding & Cutout/4 Notification/2/10.png.import[39m[0m
[  34% ] [90m[1msavepack[22m | Storing File: res://.godot/imported/11.png-6f2044e61d9795e51991bd293486e5ab.ctex[39m[0m
[  34% ] [90m[1msavepack[22m | Storing File: res://assets/Humble Gift - Paper UI System v1.1/Sprites/Content Appear Animation/Folding & Cutout/4 Notification/2/11.png.import[39m[0m
[  34% ] [90m[1msavepack[22m | Storing File: res://.godot/imported/12.png-de923a7fcf98a13f27e3636c3f273732.ctex[39m[0m
[  34% ] [90m[1msavepack[22m | Storing File: res://assets/Humble Gift - Paper UI System v1.1/Sprites/Content Appear Animation/Folding & Cutout/4 Notification/2/12.png.import[39m[0m
[  34% ] [90m[1msavepack[22m | Storing File: res://.godot/imported/13.png-c9ec91d72d2a7dbaa9d75e10549c902c.ctex[39m[0m
[  34% ] [90m[1msavepack[22m | Storing File: res://assets/Humble Gift - Paper UI System v1.1/Sprites/Content Appear Animation/Folding & Cutout/4 Notification/2/13.png.import[39m[0m
[  34% ] [90m[1msavepack[22m | Storing File: res://.godot/imported/14.png-f2c53ad8c72db1891ae34bd6a459b9d8.ctex[39m[0m
[  34% ] [90m[1msavepack[22m | Storing File: res://assets/Humble Gift - Paper UI System v1.1/Sprites/Content Appear Animation/Folding & Cutout/4 Notification/2/14.png.import[39m[0m
[  34% ] [90m[1msavepack[22m | Storing File: res://.godot/imported/15.png-1b413105e4bc7a797d82afbf7430fd98.ctex[39m[0m
[  34% ] [90m[1msavepack[22m | Storing File: res://assets/Humble Gift - Paper UI System v1.1/Sprites/Content Appear Animation/Folding & Cutout/4 Notification/2/15.png.import[39m[0m
[  34% ] [90m[1msavepack[22m | Storing File: res://.godot/imported/16.png-2940229762807d2158fe784bbe5d0e8e.ctex[39m[0m
[  34% ] [90m[1msavepack[22m | Storing File: res://assets/Humble Gift - Paper UI System v1.1/Sprites/Content Appear Animation/Folding & Cutout/4 Notification/2/16.png.import[39m[0m
[  34% ] [90m[1msavepack[22m | Storing File: res://.godot/imported/17.png-4776fd1f9b5ebe37d8c18f24a852c985.ctex[39m[0m
[  34% ] [90m[1msavepack[22m | Storing File: res://assets/Humble Gift - Paper UI System v1.1/Sprites/Content Appear Animation/Folding & Cutout/4 Notification/2/17.png.import[39m[0m
[  34% ] [90m[1msavepack[22m | Storing File: res://.godot/imported/18.png-79fd43c76e5c9b0b73ef96869b4a899a.ctex[39m[0m
[  34% ] [90m[1msavepack[22m | Storing File: res://assets/Humble Gift - Paper UI System v1.1/Sprites/Content Appear Animation/Folding & Cutout/4 Notification/2/18.png.import[39m[0m
[  34% ] [90m[1msavepack[22m | Storing File: res://.godot/imported/19.png-eb96519f1a72a2e922d945bab870841d.ctex[39m[0m
[  34% ] [90m[1msavepack[22m | Storing File: res://assets/Humble Gift - Paper UI System v1.1/Sprites/Content Appear Animation/Folding & Cutout/4 Notification/2/19.png.import[39m[0m
[  34% ] [90m[1msavepack[22m | Storing File: res://.godot/imported/20.png-d384c8a931662c087df456bef1774436.ctex[39m[0m
[  34% ] [90m[1msavepack[22m | Storing File: res://assets/Humble Gift - Paper UI System v1.1/Sprites/Content Appear Animation/Folding & Cutout/4 Notification/2/20.png.import[39m[0m
[  34% ] [90m[1msavepack[22m | Storing File: res://.godot/imported/21.png-fe31268bbe050f9ee931b120d0e1cc99.ctex[39m[0m
[  34% ] [90m[1msavepack[22m | Storing File: res://assets/Humble Gift - Paper UI System v1.1/Sprites/Content Appear Animation/Folding & Cutout/4 Notification/2/21.png.import[39m[0m
[  34% ] [90m[1msavepack[22m | Storing File: res://.godot/imported/22.png-b68780a08bea2c656d403a382d78c6e3.ctex[39m[0m
[  34% ] [90m[1msavepack[22m | Storing File: res://assets/Humble Gift - Paper UI System v1.1/Sprites/Content Appear Animation/Folding & Cutout/4 Notification/2/22.png.import[39m[0m
[  35% ] [90m[1msavepack[22m | Storing File: res://.godot/imported/23.png-d5967bcca65d6488ba3a82d55f131905.ctex[39m[0m
[  35% ] [90m[1msavepack[22m | Storing File: res://assets/Humble Gift - Paper UI System v1.1/Sprites/Content Appear Animation/Folding & Cutout/4 Notification/2/23.png.import[39m[0m
[  35% ] [90m[1msavepack[22m | Storing File: res://.godot/imported/24.png-35a7ce67f5f776e8468721e38e2eba9d.ctex[39m[0m
[  35% ] [90m[1msavepack[22m | Storing File: res://assets/Humble Gift - Paper UI System v1.1/Sprites/Content Appear Animation/Folding & Cutout/4 Notification/2/24.png.import[39m[0m
[  35% ] [90m[1msavepack[22m | Storing File: res://.godot/imported/1.png-de11e21aacf10dce9ea929f876be3939.ctex[39m[0m
[  35% ] [90m[1msavepack[22m | Storing File: res://assets/Humble Gift - Paper UI System v1.1/Sprites/Content Appear Animation/Folding & Cutout/5 Mini Map/1.png.import[39m[0m
[  35% ] [90m[1msavepack[22m | Storing File: res://.godot/imported/2.png-513b5d952e7dfed05464b41f5c2fde64.ctex[39m[0m
[  35% ] [90m[1msavepack[22m | Storing File: res://assets/Humble Gift - Paper UI System v1.1/Sprites/Content Appear Animation/Folding & Cutout/5 Mini Map/2.png.import[39m[0m
[  35% ] [90m[1msavepack[22m | Storing File: res://.godot/imported/3.png-340ddf7166e4d36c5571da4477ded4a3.ctex[39m[0m
[  35% ] [90m[1msavepack[22m | Storing File: res://assets/Humble Gift - Paper UI System v1.1/Sprites/Content Appear Animation/Folding & Cutout/5 Mini Map/3.png.import[39m[0m
[  35% ] [90m[1msavepack[22m | Storing File: res://.godot/imported/4.png-28950bc1f22de8734785daee826d688b.ctex[39m[0m
[  35% ] [90m[1msavepack[22m | Storing File: res://assets/Humble Gift - Paper UI System v1.1/Sprites/Content Appear Animation/Folding & Cutout/5 Mini Map/4.png.import[39m[0m
[  35% ] [90m[1msavepack[22m | Storing File: res://.godot/imported/5.png-0c0baa94fb2c8145ad8db65376cf5b3e.ctex[39m[0m
[  35% ] [90m[1msavepack[22m | Storing File: res://assets/Humble Gift - Paper UI System v1.1/Sprites/Content Appear Animation/Folding & Cutout/5 Mini Map/5.png.import[39m[0m
[  35% ] [90m[1msavepack[22m | Storing File: res://.godot/imported/6.png-8de3427adf29eda10e2cd27fc7e7d211.ctex[39m[0m
[  35% ] [90m[1msavepack[22m | Storing File: res://assets/Humble Gift - Paper UI System v1.1/Sprites/Content Appear Animation/Folding & Cutout/5 Mini Map/6.png.import[39m[0m
[  35% ] [90m[1msavepack[22m | Storing File: res://.godot/imported/7.png-3f636c306fddaae0d8bafc96892c1677.ctex[39m[0m
[  35% ] [90m[1msavepack[22m | Storing File: res://assets/Humble Gift - Paper UI System v1.1/Sprites/Content Appear Animation/Folding & Cutout/5 Mini Map/7.png.import[39m[0m
[  35% ] [90m[1msavepack[22m | Storing File: res://.godot/imported/8.png-25ac470f08170022a2f8e0d8de10cc74.ctex[39m[0m
[  35% ] [90m[1msavepack[22m | Storing File: res://assets/Humble Gift - Paper UI System v1.1/Sprites/Content Appear Animation/Folding & Cutout/5 Mini Map/8.png.import[39m[0m
[  35% ] [90m[1msavepack[22m | Storing File: res://.godot/imported/9.png-080c739218202618cf9fffa7d5a9786e.ctex[39m[0m
[  35% ] [90m[1msavepack[22m | Storing File: res://assets/Humble Gift - Paper UI System v1.1/Sprites/Content Appear Animation/Folding & Cutout/5 Mini Map/9.png.import[39m[0m
[  35% ] [90m[1msavepack[22m | Storing File: res://.godot/imported/10.png-9d6f52698bd649527cd38a77394f26cc.ctex[39m[0m
[  35% ] [90m[1msavepack[22m | Storing File: res://assets/Humble Gift - Paper UI System v1.1/Sprites/Content Appear Animation/Folding & Cutout/5 Mini Map/10.png.import[39m[0m
[  35% ] [90m[1msavepack[22m | Storing File: res://.godot/imported/11.png-54abf7f3b2dfc4418e161c39f8b74638.ctex[39m[0m
[  35% ] [90m[1msavepack[22m | Storing File: res://assets/Humble Gift - Paper UI System v1.1/Sprites/Content Appear Animation/Folding & Cutout/5 Mini Map/11.png.import[39m[0m
[  35% ] [90m[1msavepack[22m | Storing File: res://.godot/imported/12.png-428b08e7361e034dfac853a45a8b52e1.ctex[39m[0m
[  35% ] [90m[1msavepack[22m | Storing File: res://assets/Humble Gift - Paper UI System v1.1/Sprites/Content Appear Animation/Folding & Cutout/5 Mini Map/12.png.import[39m[0m
[  35% ] [90m[1msavepack[22m | Storing File: res://.godot/imported/13.png-fec6385e048351c6503c2fad115bd49f.ctex[39m[0m
[  35% ] [90m[1msavepack[22m | Storing File: res://assets/Humble Gift - Paper UI System v1.1/Sprites/Content Appear Animation/Folding & Cutout/5 Mini Map/13.png.import[39m[0m
[  35% ] [90m[1msavepack[22m | Storing File: res://.godot/imported/14.png-0bdc8c6f49625b9ed011827f48061371.ctex[39m[0m
[  35% ] [90m[1msavepack[22m | Storing File: res://assets/Humble Gift - Paper UI System v1.1/Sprites/Content Appear Animation/Folding & Cutout/5 Mini Map/14.png.import[39m[0m
[  35% ] [90m[1msavepack[22m | Storing File: res://.godot/imported/15.png-0b0bac580592bbc3e25570820bb84f66.ctex[39m[0m
[  35% ] [90m[1msavepack[22m | Storing File: res://assets/Humble Gift - Paper UI System v1.1/Sprites/Content Appear Animation/Folding & Cutout/5 Mini Map/15.png.import[39m[0m
[  35% ] [90m[1msavepack[22m | Storing File: res://.godot/imported/16.png-7ca6682098a6d7441bcc60f74c8f81b3.ctex[39m[0m
[  35% ] [90m[1msavepack[22m | Storing File: res://assets/Humble Gift - Paper UI System v1.1/Sprites/Content Appear Animation/Folding & Cutout/5 Mini Map/16.png.import[39m[0m
[  35% ] [90m[1msavepack[22m | Storing File: res://.godot/imported/17.png-8916f94384e71fcb07201b7facf6458d.ctex[39m[0m
[  35% ] [90m[1msavepack[22m | Storing File: res://assets/Humble Gift - Paper UI System v1.1/Sprites/Content Appear Animation/Folding & Cutout/5 Mini Map/17.png.import[39m[0m
[  36% ] [90m[1msavepack[22m | Storing File: res://.godot/imported/18.png-f1f0ecef8fdd43bb5dc622a6088f5c2b.ctex[39m[0m
[  36% ] [90m[1msavepack[22m | Storing File: res://assets/Humble Gift - Paper UI System v1.1/Sprites/Content Appear Animation/Folding & Cutout/5 Mini Map/18.png.import[39m[0m
[  36% ] [90m[1msavepack[22m | Storing File: res://.godot/imported/19.png-c797dd3acf0a884374fa07baa6d652e8.ctex[39m[0m
[  36% ] [90m[1msavepack[22m | Storing File: res://assets/Humble Gift - Paper UI System v1.1/Sprites/Content Appear Animation/Folding & Cutout/5 Mini Map/19.png.import[39m[0m
[  36% ] [90m[1msavepack[22m | Storing File: res://.godot/imported/20.png-0feb149959a9788ab2cbfa6389903576.ctex[39m[0m
[  36% ] [90m[1msavepack[22m | Storing File: res://assets/Humble Gift - Paper UI System v1.1/Sprites/Content Appear Animation/Folding & Cutout/5 Mini Map/20.png.import[39m[0m
[  36% ] [90m[1msavepack[22m | Storing File: res://.godot/imported/1.png-c12e7ad87efd1b1e5cd88de2332b99c9.ctex[39m[0m
[  36% ] [90m[1msavepack[22m | Storing File: res://assets/Humble Gift - Paper UI System v1.1/Sprites/Content Appear Animation/Folding & Cutout/6 Player HUD/1.png.import[39m[0m
[  36% ] [90m[1msavepack[22m | Storing File: res://.godot/imported/2.png-5f60467b230b56ca5a117c09c2c59032.ctex[39m[0m
[  36% ] [90m[1msavepack[22m | Storing File: res://assets/Humble Gift - Paper UI System v1.1/Sprites/Content Appear Animation/Folding & Cutout/6 Player HUD/2.png.import[39m[0m
[  36% ] [90m[1msavepack[22m | Storing File: res://.godot/imported/3.png-4c8d9f153716a1e98fd29a32f386f797.ctex[39m[0m
[  36% ] [90m[1msavepack[22m | Storing File: res://assets/Humble Gift - Paper UI System v1.1/Sprites/Content Appear Animation/Folding & Cutout/6 Player HUD/3.png.import[39m[0m
[  36% ] [90m[1msavepack[22m | Storing File: res://.godot/imported/4.png-e34665e5c21ee8424ea1a98f25cc614f.ctex[39m[0m
[  36% ] [90m[1msavepack[22m | Storing File: res://assets/Humble Gift - Paper UI System v1.1/Sprites/Content Appear Animation/Folding & Cutout/6 Player HUD/4.png.import[39m[0m
[  36% ] [90m[1msavepack[22m | Storing File: res://.godot/imported/5.png-73fdba1b3549655ee5d027dd41b6b4a0.ctex[39m[0m
[  36% ] [90m[1msavepack[22m | Storing File: res://assets/Humble Gift - Paper UI System v1.1/Sprites/Content Appear Animation/Folding & Cutout/6 Player HUD/5.png.import[39m[0m
[  36% ] [90m[1msavepack[22m | Storing File: res://.godot/imported/6.png-19668e424d703c23b144de43aa53a140.ctex[39m[0m
[  36% ] [90m[1msavepack[22m | Storing File: res://assets/Humble Gift - Paper UI System v1.1/Sprites/Content Appear Animation/Folding & Cutout/6 Player HUD/6.png.import[39m[0m
[  36% ] [90m[1msavepack[22m | Storing File: res://.godot/imported/7.png-b92b6488ecfa5d75f795d20c726ba35d.ctex[39m[0m
[  36% ] [90m[1msavepack[22m | Storing File: res://assets/Humble Gift - Paper UI System v1.1/Sprites/Content Appear Animation/Folding & Cutout/6 Player HUD/7.png.import[39m[0m
[  36% ] [90m[1msavepack[22m | Storing File: res://.godot/imported/8.png-a98272a9c0103dbe892b028a23a64ccb.ctex[39m[0m
[  36% ] [90m[1msavepack[22m | Storing File: res://assets/Humble Gift - Paper UI System v1.1/Sprites/Content Appear Animation/Folding & Cutout/6 Player HUD/8.png.import[39m[0m
[  36% ] [90m[1msavepack[22m | Storing File: res://.godot/imported/9.png-b11d2caaaa21c10ec29714b954db5915.ctex[39m[0m
[  36% ] [90m[1msavepack[22m | Storing File: res://assets/Humble Gift - Paper UI System v1.1/Sprites/Content Appear Animation/Folding & Cutout/6 Player HUD/9.png.import[39m[0m
[  36% ] [90m[1msavepack[22m | Storing File: res://.godot/imported/10.png-66f199ae3c4981013219440225c5c698.ctex[39m[0m
[  36% ] [90m[1msavepack[22m | Storing File: res://assets/Humble Gift - Paper UI System v1.1/Sprites/Content Appear Animation/Folding & Cutout/6 Player HUD/10.png.import[39m[0m
[  36% ] [90m[1msavepack[22m | Storing File: res://.godot/imported/11.png-b043a4abd51b589bf03e60f3c0801d6c.ctex[39m[0m
[  36% ] [90m[1msavepack[22m | Storing File: res://assets/Humble Gift - Paper UI System v1.1/Sprites/Content Appear Animation/Folding & Cutout/6 Player HUD/11.png.import[39m[0m
[  36% ] [90m[1msavepack[22m | Storing File: res://.godot/imported/12.png-4b6e1da15e132f9730ec05b3f0a07d76.ctex[39m[0m
[  36% ] [90m[1msavepack[22m | Storing File: res://assets/Humble Gift - Paper UI System v1.1/Sprites/Content Appear Animation/Folding & Cutout/6 Player HUD/12.png.import[39m[0m
[  36% ] [90m[1msavepack[22m | Storing File: res://.godot/imported/13.png-59f4c9364611d2215576e5ac531e0580.ctex[39m[0m
[  36% ] [90m[1msavepack[22m | Storing File: res://assets/Humble Gift - Paper UI System v1.1/Sprites/Content Appear Animation/Folding & Cutout/6 Player HUD/13.png.import[39m[0m
[  36% ] [90m[1msavepack[22m | Storing File: res://.godot/imported/14.png-b1abd90b5f9cb087a1ae0651f8933880.ctex[39m[0m
[  36% ] [90m[1msavepack[22m | Storing File: res://assets/Humble Gift - Paper UI System v1.1/Sprites/Content Appear Animation/Folding & Cutout/6 Player HUD/14.png.import[39m[0m
[  36% ] [90m[1msavepack[22m | Storing File: res://.godot/imported/15.png-bd7cbe219ff02d8d3c34023ca7f7a6e1.ctex[39m[0m
[  36% ] [90m[1msavepack[22m | Storing File: res://assets/Humble Gift - Paper UI System v1.1/Sprites/Content Appear Animation/Folding & Cutout/6 Player HUD/15.png.import[39m[0m
[  36% ] [90m[1msavepack[22m | Storing File: res://.godot/imported/16.png-2e91b7eaf5cd2efb4d1fe7f1fc1715a6.ctex[39m[0m
[  36% ] [90m[1msavepack[22m | Storing File: res://assets/Humble Gift - Paper UI System v1.1/Sprites/Content Appear Animation/Folding & Cutout/6 Player HUD/16.png.import[39m[0m
[  37% ] [90m[1msavepack[22m | Storing File: res://.godot/imported/17.png-de6f3c1a8681f7b2c112e1118c352a3c.ctex[39m[0m
[  37% ] [90m[1msavepack[22m | Storing File: res://assets/Humble Gift - Paper UI System v1.1/Sprites/Content Appear Animation/Folding & Cutout/6 Player HUD/17.png.import[39m[0m
[  37% ] [90m[1msavepack[22m | Storing File: res://.godot/imported/18.png-d83504a700b2b1d2c62add56eedf86ce.ctex[39m[0m
[  37% ] [90m[1msavepack[22m | Storing File: res://assets/Humble Gift - Paper UI System v1.1/Sprites/Content Appear Animation/Folding & Cutout/6 Player HUD/18.png.import[39m[0m
[  37% ] [90m[1msavepack[22m | Storing File: res://.godot/imported/19.png-66906e233dc7b2ccd26586da19a672dd.ctex[39m[0m
[  37% ] [90m[1msavepack[22m | Storing File: res://assets/Humble Gift - Paper UI System v1.1/Sprites/Content Appear Animation/Folding & Cutout/6 Player HUD/19.png.import[39m[0m
[  37% ] [90m[1msavepack[22m | Storing File: res://.godot/imported/20.png-bcbe5ed06b5f3f9d89b37493c9e804ff.ctex[39m[0m
[  37% ] [90m[1msavepack[22m | Storing File: res://assets/Humble Gift - Paper UI System v1.1/Sprites/Content Appear Animation/Folding & Cutout/6 Player HUD/20.png.import[39m[0m
[  37% ] [90m[1msavepack[22m | Storing File: res://.godot/imported/21.png-b86e6644e2185c9dc0c596470050019b.ctex[39m[0m
[  37% ] [90m[1msavepack[22m | Storing File: res://assets/Humble Gift - Paper UI System v1.1/Sprites/Content Appear Animation/Folding & Cutout/6 Player HUD/21.png.import[39m[0m
[  37% ] [90m[1msavepack[22m | Storing File: res://.godot/imported/22.png-59017182f2f5d57678e2380e8ff4e51a.ctex[39m[0m
[  37% ] [90m[1msavepack[22m | Storing File: res://assets/Humble Gift - Paper UI System v1.1/Sprites/Content Appear Animation/Folding & Cutout/6 Player HUD/22.png.import[39m[0m
[  37% ] [90m[1msavepack[22m | Storing File: res://.godot/imported/1.png-181ae53499e4e0d5554be8b86ae3009d.ctex[39m[0m
[  37% ] [90m[1msavepack[22m | Storing File: res://assets/Humble Gift - Paper UI System v1.1/Sprites/Content Appear Animation/Folding & Cutout/7 Dialogue Box/1.png.import[39m[0m
[  37% ] [90m[1msavepack[22m | Storing File: res://.godot/imported/2.png-d934c36f25e3a5415989cb32c9ac4bd5.ctex[39m[0m
[  37% ] [90m[1msavepack[22m | Storing File: res://assets/Humble Gift - Paper UI System v1.1/Sprites/Content Appear Animation/Folding & Cutout/7 Dialogue Box/2.png.import[39m[0m
[  37% ] [90m[1msavepack[22m | Storing File: res://.godot/imported/3.png-552ded17b7617ef34076808913b587d9.ctex[39m[0m
[  37% ] [90m[1msavepack[22m | Storing File: res://assets/Humble Gift - Paper UI System v1.1/Sprites/Content Appear Animation/Folding & Cutout/7 Dialogue Box/3.png.import[39m[0m
[  37% ] [90m[1msavepack[22m | Storing File: res://.godot/imported/4.png-5dd68e57a7db0a8a6d4f4254d1d2b393.ctex[39m[0m
[  37% ] [90m[1msavepack[22m | Storing File: res://assets/Humble Gift - Paper UI System v1.1/Sprites/Content Appear Animation/Folding & Cutout/7 Dialogue Box/4.png.import[39m[0m
[  37% ] [90m[1msavepack[22m | Storing File: res://.godot/imported/5.png-cc0056ca3b7f1fe3efdb91356be79e7c.ctex[39m[0m
[  37% ] [90m[1msavepack[22m | Storing File: res://assets/Humble Gift - Paper UI System v1.1/Sprites/Content Appear Animation/Folding & Cutout/7 Dialogue Box/5.png.import[39m[0m
[  37% ] [90m[1msavepack[22m | Storing File: res://.godot/imported/6.png-47296857cb48fc659d4c679ad6ca4b02.ctex[39m[0m
[  37% ] [90m[1msavepack[22m | Storing File: res://assets/Humble Gift - Paper UI System v1.1/Sprites/Content Appear Animation/Folding & Cutout/7 Dialogue Box/6.png.import[39m[0m
[  37% ] [90m[1msavepack[22m | Storing File: res://.godot/imported/7.png-5abfeb1bdcb6f53b42dadf45fad14e66.ctex[39m[0m
[  37% ] [90m[1msavepack[22m | Storing File: res://assets/Humble Gift - Paper UI System v1.1/Sprites/Content Appear Animation/Folding & Cutout/7 Dialogue Box/7.png.import[39m[0m
[  37% ] [90m[1msavepack[22m | Storing File: res://.godot/imported/8.png-6277ef91d8378b97fe108e5582350365.ctex[39m[0m
[  37% ] [90m[1msavepack[22m | Storing File: res://assets/Humble Gift - Paper UI System v1.1/Sprites/Content Appear Animation/Folding & Cutout/7 Dialogue Box/8.png.import[39m[0m
[  37% ] [90m[1msavepack[22m | Storing File: res://.godot/imported/9.png-c7b3fc5c98a4f03c463fc4ba09233f9f.ctex[39m[0m
[  37% ] [90m[1msavepack[22m | Storing File: res://assets/Humble Gift - Paper UI System v1.1/Sprites/Content Appear Animation/Folding & Cutout/7 Dialogue Box/9.png.import[39m[0m
[  37% ] [90m[1msavepack[22m | Storing File: res://.godot/imported/10.png-835ef2b878b11bf424141ab773f076c9.ctex[39m[0m
[  37% ] [90m[1msavepack[22m | Storing File: res://assets/Humble Gift - Paper UI System v1.1/Sprites/Content Appear Animation/Folding & Cutout/7 Dialogue Box/10.png.import[39m[0m
[  37% ] [90m[1msavepack[22m | Storing File: res://.godot/imported/11.png-53190471ee6a074c3688ce26a60d0153.ctex[39m[0m
[  37% ] [90m[1msavepack[22m | Storing File: res://assets/Humble Gift - Paper UI System v1.1/Sprites/Content Appear Animation/Folding & Cutout/7 Dialogue Box/11.png.import[39m[0m
[  37% ] [90m[1msavepack[22m | Storing File: res://.godot/imported/12.png-09643dc99b8c59c0164454f755058df8.ctex[39m[0m
[  37% ] [90m[1msavepack[22m | Storing File: res://assets/Humble Gift - Paper UI System v1.1/Sprites/Content Appear Animation/Folding & Cutout/7 Dialogue Box/12.png.import[39m[0m
[  37% ] [90m[1msavepack[22m | Storing File: res://.godot/imported/13.png-9f03d633f00f3446b2653182c9781a9a.ctex[39m[0m
[  37% ] [90m[1msavepack[22m | Storing File: res://assets/Humble Gift - Paper UI System v1.1/Sprites/Content Appear Animation/Folding & Cutout/7 Dialogue Box/13.png.import[39m[0m
[  38% ] [90m[1msavepack[22m | Storing File: res://.godot/imported/14.png-eacd7cec2aab64f7dd787008aac14b30.ctex[39m[0m
[  38% ] [90m[1msavepack[22m | Storing File: res://assets/Humble Gift - Paper UI System v1.1/Sprites/Content Appear Animation/Folding & Cutout/7 Dialogue Box/14.png.import[39m[0m
[  38% ] [90m[1msavepack[22m | Storing File: res://.godot/imported/15.png-ae9374e8bf767559a75f058cdd366ef7.ctex[39m[0m
[  38% ] [90m[1msavepack[22m | Storing File: res://assets/Humble Gift - Paper UI System v1.1/Sprites/Content Appear Animation/Folding & Cutout/7 Dialogue Box/15.png.import[39m[0m
[  38% ] [90m[1msavepack[22m | Storing File: res://.godot/imported/16.png-011a9d9212f5183f5e50d690e2fd3f24.ctex[39m[0m
[  38% ] [90m[1msavepack[22m | Storing File: res://assets/Humble Gift - Paper UI System v1.1/Sprites/Content Appear Animation/Folding & Cutout/7 Dialogue Box/16.png.import[39m[0m
[  38% ] [90m[1msavepack[22m | Storing File: res://.godot/imported/17.png-059d25a406f3f6ffec61abf4382ee531.ctex[39m[0m
[  38% ] [90m[1msavepack[22m | Storing File: res://assets/Humble Gift - Paper UI System v1.1/Sprites/Content Appear Animation/Folding & Cutout/7 Dialogue Box/17.png.import[39m[0m
[  38% ] [90m[1msavepack[22m | Storing File: res://.godot/imported/18.png-67efedee721f5f9179d8804f3a7de2ba.ctex[39m[0m
[  38% ] [90m[1msavepack[22m | Storing File: res://assets/Humble Gift - Paper UI System v1.1/Sprites/Content Appear Animation/Folding & Cutout/7 Dialogue Box/18.png.import[39m[0m
[  38% ] [90m[1msavepack[22m | Storing File: res://.godot/imported/19.png-eda4f884bf3e38b07e55082d0f952c4c.ctex[39m[0m
[  38% ] [90m[1msavepack[22m | Storing File: res://assets/Humble Gift - Paper UI System v1.1/Sprites/Content Appear Animation/Folding & Cutout/7 Dialogue Box/19.png.import[39m[0m
[  38% ] [90m[1msavepack[22m | Storing File: res://.godot/imported/20.png-319f8a33c7c85f57f7a66e2ffc6c2da6.ctex[39m[0m
[  38% ] [90m[1msavepack[22m | Storing File: res://assets/Humble Gift - Paper UI System v1.1/Sprites/Content Appear Animation/Folding & Cutout/7 Dialogue Box/20.png.import[39m[0m
[  38% ] [90m[1msavepack[22m | Storing File: res://.godot/imported/21.png-b836871e18f50c1861927c55fabce0f0.ctex[39m[0m
[  38% ] [90m[1msavepack[22m | Storing File: res://assets/Humble Gift - Paper UI System v1.1/Sprites/Content Appear Animation/Folding & Cutout/7 Dialogue Box/21.png.import[39m[0m
[  38% ] [90m[1msavepack[22m | Storing File: res://.godot/imported/22.png-652385288b5a1fd2699152f50d3e2b52.ctex[39m[0m
[  38% ] [90m[1msavepack[22m | Storing File: res://assets/Humble Gift - Paper UI System v1.1/Sprites/Content Appear Animation/Folding & Cutout/7 Dialogue Box/22.png.import[39m[0m
[  38% ] [90m[1msavepack[22m | Storing File: res://.godot/imported/23.png-6ba87c842146949f87bd51216696fe64.ctex[39m[0m
[  38% ] [90m[1msavepack[22m | Storing File: res://assets/Humble Gift - Paper UI System v1.1/Sprites/Content Appear Animation/Folding & Cutout/7 Dialogue Box/23.png.import[39m[0m
[  38% ] [90m[1msavepack[22m | Storing File: res://.godot/imported/24.png-e1c36d7a9168cfede6264c03c7a261c5.ctex[39m[0m
[  38% ] [90m[1msavepack[22m | Storing File: res://assets/Humble Gift - Paper UI System v1.1/Sprites/Content Appear Animation/Folding & Cutout/7 Dialogue Box/24.png.import[39m[0m
[  38% ] [90m[1msavepack[22m | Storing File: res://.godot/imported/25.png-07a25add245b0569ae4a5c51aa7f94f8.ctex[39m[0m
[  38% ] [90m[1msavepack[22m | Storing File: res://assets/Humble Gift - Paper UI System v1.1/Sprites/Content Appear Animation/Folding & Cutout/7 Dialogue Box/25.png.import[39m[0m
[  38% ] [90m[1msavepack[22m | Storing File: res://.godot/imported/26.png-e80544ccf669004e8138ddb13f6bcc27.ctex[39m[0m
[  38% ] [90m[1msavepack[22m | Storing File: res://assets/Humble Gift - Paper UI System v1.1/Sprites/Content Appear Animation/Folding & Cutout/7 Dialogue Box/26.png.import[39m[0m
[  38% ] [90m[1msavepack[22m | Storing File: res://.godot/imported/27.png-8107bff6b714d2e6b95b247a82f0c14a.ctex[39m[0m
[  38% ] [90m[1msavepack[22m | Storing File: res://assets/Humble Gift - Paper UI System v1.1/Sprites/Content Appear Animation/Folding & Cutout/7 Dialogue Box/27.png.import[39m[0m
[  38% ] [90m[1msavepack[22m | Storing File: res://.godot/imported/28.png-f5e7a368d82a829106e0ecb9fffb81b8.ctex[39m[0m
[  38% ] [90m[1msavepack[22m | Storing File: res://assets/Humble Gift - Paper UI System v1.1/Sprites/Content Appear Animation/Folding & Cutout/7 Dialogue Box/28.png.import[39m[0m
[  38% ] [90m[1msavepack[22m | Storing File: res://.godot/imported/29.png-cc5c28ecf6c27ba283a5707c45d6b29c.ctex[39m[0m
[  38% ] [90m[1msavepack[22m | Storing File: res://assets/Humble Gift - Paper UI System v1.1/Sprites/Content Appear Animation/Folding & Cutout/7 Dialogue Box/29.png.import[39m[0m
[  38% ] [90m[1msavepack[22m | Storing File: res://.godot/imported/30.png-3e68aec33a84433911c8590818c3098d.ctex[39m[0m
[  38% ] [90m[1msavepack[22m | Storing File: res://assets/Humble Gift - Paper UI System v1.1/Sprites/Content Appear Animation/Folding & Cutout/7 Dialogue Box/30.png.import[39m[0m
[  38% ] [90m[1msavepack[22m | Storing File: res://.godot/imported/31.png-094c44e596376f2fb47cfcdb06c64c71.ctex[39m[0m
[  38% ] [90m[1msavepack[22m | Storing File: res://assets/Humble Gift - Paper UI System v1.1/Sprites/Content Appear Animation/Folding & Cutout/7 Dialogue Box/31.png.import[39m[0m
[  38% ] [90m[1msavepack[22m | Storing File: res://.godot/imported/32.png-180e8caa40c1557f9eeaf6ad0bc14d42.ctex[39m[0m
[  38% ] [90m[1msavepack[22m | Storing File: res://assets/Humble Gift - Paper UI System v1.1/Sprites/Content Appear Animation/Folding & Cutout/7 Dialogue Box/32.png.import[39m[0m
[  38% ] [90m[1msavepack[22m | Storing File: res://.godot/imported/33.png-1103601ba4b92b7dc91bf02e4ceefca7.ctex[39m[0m
[  38% ] [90m[1msavepack[22m | Storing File: res://assets/Humble Gift - Paper UI System v1.1/Sprites/Content Appear Animation/Folding & Cutout/7 Dialogue Box/33.png.import[39m[0m
[  39% ] [90m[1msavepack[22m | Storing File: res://.godot/imported/34.png-708e4df48a308f864f01642fd403eecf.ctex[39m[0m
[  39% ] [90m[1msavepack[22m | Storing File: res://assets/Humble Gift - Paper UI System v1.1/Sprites/Content Appear Animation/Folding & Cutout/7 Dialogue Box/34.png.import[39m[0m
[  39% ] [90m[1msavepack[22m | Storing File: res://.godot/imported/35.png-ff1d9665efecd4b9f4ab898ff94265a7.ctex[39m[0m
[  39% ] [90m[1msavepack[22m | Storing File: res://assets/Humble Gift - Paper UI System v1.1/Sprites/Content Appear Animation/Folding & Cutout/7 Dialogue Box/35.png.import[39m[0m
[  39% ] [90m[1msavepack[22m | Storing File: res://.godot/imported/36.png-78cbf42199a02cc86af3ffa757f03dac.ctex[39m[0m
[  39% ] [90m[1msavepack[22m | Storing File: res://assets/Humble Gift - Paper UI System v1.1/Sprites/Content Appear Animation/Folding & Cutout/7 Dialogue Box/36.png.import[39m[0m
[  39% ] [90m[1msavepack[22m | Storing File: res://.godot/imported/37.png-e24bca0a233bdbef11e704ef27d781ef.ctex[39m[0m
[  39% ] [90m[1msavepack[22m | Storing File: res://assets/Humble Gift - Paper UI System v1.1/Sprites/Content Appear Animation/Folding & Cutout/7 Dialogue Box/37.png.import[39m[0m
[  39% ] [90m[1msavepack[22m | Storing File: res://.godot/imported/38.png-d2f061c4123b587547337cc133e742b5.ctex[39m[0m
[  39% ] [90m[1msavepack[22m | Storing File: res://assets/Humble Gift - Paper UI System v1.1/Sprites/Content Appear Animation/Folding & Cutout/7 Dialogue Box/38.png.import[39m[0m
[  39% ] [90m[1msavepack[22m | Storing File: res://.godot/imported/39.png-6d754ac848727ef09b04d33a70a03f1d.ctex[39m[0m
[  39% ] [90m[1msavepack[22m | Storing File: res://assets/Humble Gift - Paper UI System v1.1/Sprites/Content Appear Animation/Folding & Cutout/7 Dialogue Box/39.png.import[39m[0m
[  39% ] [90m[1msavepack[22m | Storing File: res://.godot/imported/40.png-7699202f519676fa143c2fd65b4ef3d6.ctex[39m[0m
[  39% ] [90m[1msavepack[22m | Storing File: res://assets/Humble Gift - Paper UI System v1.1/Sprites/Content Appear Animation/Folding & Cutout/7 Dialogue Box/40.png.import[39m[0m
[  39% ] [90m[1msavepack[22m | Storing File: res://.godot/imported/41.png-8f7df118397cd9c3c3759577cff7885d.ctex[39m[0m
[  39% ] [90m[1msavepack[22m | Storing File: res://assets/Humble Gift - Paper UI System v1.1/Sprites/Content Appear Animation/Folding & Cutout/7 Dialogue Box/41.png.import[39m[0m
[  39% ] [90m[1msavepack[22m | Storing File: res://.godot/imported/42.png-19770deacd77b7c829548e0c8c9098bf.ctex[39m[0m
[  39% ] [90m[1msavepack[22m | Storing File: res://assets/Humble Gift - Paper UI System v1.1/Sprites/Content Appear Animation/Folding & Cutout/7 Dialogue Box/42.png.import[39m[0m
[  39% ] [90m[1msavepack[22m | Storing File: res://.godot/imported/43.png-672275d9e740af44f65d923c9c98013e.ctex[39m[0m
[  39% ] [90m[1msavepack[22m | Storing File: res://assets/Humble Gift - Paper UI System v1.1/Sprites/Content Appear Animation/Folding & Cutout/7 Dialogue Box/43.png.import[39m[0m
[  39% ] [90m[1msavepack[22m | Storing File: res://.godot/imported/44.png-3db773101420fb0ea6fc917450d911a5.ctex[39m[0m
[  39% ] [90m[1msavepack[22m | Storing File: res://assets/Humble Gift - Paper UI System v1.1/Sprites/Content Appear Animation/Folding & Cutout/7 Dialogue Box/44.png.import[39m[0m
[  39% ] [90m[1msavepack[22m | Storing File: res://.godot/imported/1.png-7e167e68bd59088d830348833eca7b1a.ctex[39m[0m
[  39% ] [90m[1msavepack[22m | Storing File: res://assets/Humble Gift - Paper UI System v1.1/Sprites/Content Appear Animation/Folding & Cutout/8 Shop/1.png.import[39m[0m
[  39% ] [90m[1msavepack[22m | Storing File: res://.godot/imported/2.png-499e9f382afcd8dcc0a485615c33b95d.ctex[39m[0m
[  39% ] [90m[1msavepack[22m | Storing File: res://assets/Humble Gift - Paper UI System v1.1/Sprites/Content Appear Animation/Folding & Cutout/8 Shop/2.png.import[39m[0m
[  39% ] [90m[1msavepack[22m | Storing File: res://.godot/imported/3.png-bafa3e4eb6e91448d16652ae8b5139f2.ctex[39m[0m
[  39% ] [90m[1msavepack[22m | Storing File: res://assets/Humble Gift - Paper UI System v1.1/Sprites/Content Appear Animation/Folding & Cutout/8 Shop/3.png.import[39m[0m
[  39% ] [90m[1msavepack[22m | Storing File: res://.godot/imported/4.png-2fa300cfd6ebcd4f0ae66053cc9ba13a.ctex[39m[0m
[  39% ] [90m[1msavepack[22m | Storing File: res://assets/Humble Gift - Paper UI System v1.1/Sprites/Content Appear Animation/Folding & Cutout/8 Shop/4.png.import[39m[0m
[  39% ] [90m[1msavepack[22m | Storing File: res://.godot/imported/5.png-139857be8bfc7694fa8e8f7c56d0d994.ctex[39m[0m
[  39% ] [90m[1msavepack[22m | Storing File: res://assets/Humble Gift - Paper UI System v1.1/Sprites/Content Appear Animation/Folding & Cutout/8 Shop/5.png.import[39m[0m
[  39% ] [90m[1msavepack[22m | Storing File: res://.godot/imported/6.png-3feda4c48da28b1f0bcd539e79af02b2.ctex[39m[0m
[  39% ] [90m[1msavepack[22m | Storing File: res://assets/Humble Gift - Paper UI System v1.1/Sprites/Content Appear Animation/Folding & Cutout/8 Shop/6.png.import[39m[0m
[  39% ] [90m[1msavepack[22m | Storing File: res://.godot/imported/7.png-e1f383b6724c7d20d47ba7443895f202.ctex[39m[0m
[  39% ] [90m[1msavepack[22m | Storing File: res://assets/Humble Gift - Paper UI System v1.1/Sprites/Content Appear Animation/Folding & Cutout/8 Shop/7.png.import[39m[0m
[  39% ] [90m[1msavepack[22m | Storing File: res://.godot/imported/8.png-c77ffd46785f9a902af04b25741e64bc.ctex[39m[0m
[  39% ] [90m[1msavepack[22m | Storing File: res://assets/Humble Gift - Paper UI System v1.1/Sprites/Content Appear Animation/Folding & Cutout/8 Shop/8.png.import[39m[0m
[  40% ] [90m[1msavepack[22m | Storing File: res://.godot/imported/9.png-d2a087206355f6b5030b73a76fbd0458.ctex[39m[0m
[  40% ] [90m[1msavepack[22m | Storing File: res://assets/Humble Gift - Paper UI System v1.1/Sprites/Content Appear Animation/Folding & Cutout/8 Shop/9.png.import[39m[0m
[  40% ] [90m[1msavepack[22m | Storing File: res://.godot/imported/10.png-c2ecb7a2fa4c1adc1bb2de70fe538b81.ctex[39m[0m
[  40% ] [90m[1msavepack[22m | Storing File: res://assets/Humble Gift - Paper UI System v1.1/Sprites/Content Appear Animation/Folding & Cutout/8 Shop/10.png.import[39m[0m
[  40% ] [90m[1msavepack[22m | Storing File: res://.godot/imported/11.png-7e84a833e2b59a793d6c4d6afb0f77d8.ctex[39m[0m
[  40% ] [90m[1msavepack[22m | Storing File: res://assets/Humble Gift - Paper UI System v1.1/Sprites/Content Appear Animation/Folding & Cutout/8 Shop/11.png.import[39m[0m
[  40% ] [90m[1msavepack[22m | Storing File: res://.godot/imported/12.png-89105ada39c2771c90e238faf8ed14ad.ctex[39m[0m
[  40% ] [90m[1msavepack[22m | Storing File: res://assets/Humble Gift - Paper UI System v1.1/Sprites/Content Appear Animation/Folding & Cutout/8 Shop/12.png.import[39m[0m
[  40% ] [90m[1msavepack[22m | Storing File: res://.godot/imported/13.png-48683eba5eece0858f8e097a62ad7060.ctex[39m[0m
[  40% ] [90m[1msavepack[22m | Storing File: res://assets/Humble Gift - Paper UI System v1.1/Sprites/Content Appear Animation/Folding & Cutout/8 Shop/13.png.import[39m[0m
[  40% ] [90m[1msavepack[22m | Storing File: res://.godot/imported/14.png-361f7afa9442abe907352e35d6f76aaa.ctex[39m[0m
[  40% ] [90m[1msavepack[22m | Storing File: res://assets/Humble Gift - Paper UI System v1.1/Sprites/Content Appear Animation/Folding & Cutout/8 Shop/14.png.import[39m[0m
[  40% ] [90m[1msavepack[22m | Storing File: res://.godot/imported/15.png-6fc0e8d2964d316af66998b45522fa50.ctex[39m[0m
[  40% ] [90m[1msavepack[22m | Storing File: res://assets/Humble Gift - Paper UI System v1.1/Sprites/Content Appear Animation/Folding & Cutout/8 Shop/15.png.import[39m[0m
[  40% ] [90m[1msavepack[22m | Storing File: res://.godot/imported/16.png-b0c31f6e4f0782b7e1f6ec8e5219f8a0.ctex[39m[0m
[  40% ] [90m[1msavepack[22m | Storing File: res://assets/Humble Gift - Paper UI System v1.1/Sprites/Content Appear Animation/Folding & Cutout/8 Shop/16.png.import[39m[0m
[  40% ] [90m[1msavepack[22m | Storing File: res://.godot/imported/17.png-0736e46851376f7058ec8a20a7edaf73.ctex[39m[0m
[  40% ] [90m[1msavepack[22m | Storing File: res://assets/Humble Gift - Paper UI System v1.1/Sprites/Content Appear Animation/Folding & Cutout/8 Shop/17.png.import[39m[0m
[  40% ] [90m[1msavepack[22m | Storing File: res://.godot/imported/18.png-cd794ec82e83b834e10937599500fa7e.ctex[39m[0m
[  40% ] [90m[1msavepack[22m | Storing File: res://assets/Humble Gift - Paper UI System v1.1/Sprites/Content Appear Animation/Folding & Cutout/8 Shop/18.png.import[39m[0m
[  40% ] [90m[1msavepack[22m | Storing File: res://.godot/imported/19.png-ddfff8ec819e0e50fa3c96e0a58cc193.ctex[39m[0m
[  40% ] [90m[1msavepack[22m | Storing File: res://assets/Humble Gift - Paper UI System v1.1/Sprites/Content Appear Animation/Folding & Cutout/8 Shop/19.png.import[39m[0m
[  40% ] [90m[1msavepack[22m | Storing File: res://.godot/imported/20.png-e04ca0e106a55775b9d4e74d109e6f57.ctex[39m[0m
[  40% ] [90m[1msavepack[22m | Storing File: res://assets/Humble Gift - Paper UI System v1.1/Sprites/Content Appear Animation/Folding & Cutout/8 Shop/20.png.import[39m[0m
[  40% ] [90m[1msavepack[22m | Storing File: res://.godot/imported/21.png-a91ddedc9b8cdd09f69bcdb7dbc43add.ctex[39m[0m
[  40% ] [90m[1msavepack[22m | Storing File: res://assets/Humble Gift - Paper UI System v1.1/Sprites/Content Appear Animation/Folding & Cutout/8 Shop/21.png.import[39m[0m
[  40% ] [90m[1msavepack[22m | Storing File: res://.godot/imported/22.png-45b72a267a3ae6f3643d2928ffec497a.ctex[39m[0m
[  40% ] [90m[1msavepack[22m | Storing File: res://assets/Humble Gift - Paper UI System v1.1/Sprites/Content Appear Animation/Folding & Cutout/8 Shop/22.png.import[39m[0m
[  40% ] [90m[1msavepack[22m | Storing File: res://.godot/imported/23.png-7e91fce7d6beb3a369056d980d79a98d.ctex[39m[0m
[  40% ] [90m[1msavepack[22m | Storing File: res://assets/Humble Gift - Paper UI System v1.1/Sprites/Content Appear Animation/Folding & Cutout/8 Shop/23.png.import[39m[0m
[  40% ] [90m[1msavepack[22m | Storing File: res://.godot/imported/24.png-a93960af5a601661bc3db93b7cc51426.ctex[39m[0m
[  40% ] [90m[1msavepack[22m | Storing File: res://assets/Humble Gift - Paper UI System v1.1/Sprites/Content Appear Animation/Folding & Cutout/8 Shop/24.png.import[39m[0m
[  40% ] [90m[1msavepack[22m | Storing File: res://.godot/imported/25.png-5f9b8be80208ca79e7e01611cf89f19b.ctex[39m[0m
[  40% ] [90m[1msavepack[22m | Storing File: res://assets/Humble Gift - Paper UI System v1.1/Sprites/Content Appear Animation/Folding & Cutout/8 Shop/25.png.import[39m[0m
[  40% ] [90m[1msavepack[22m | Storing File: res://.godot/imported/26.png-709c6d875d2ce89f12e046daa03abb8c.ctex[39m[0m
[  40% ] [90m[1msavepack[22m | Storing File: res://assets/Humble Gift - Paper UI System v1.1/Sprites/Content Appear Animation/Folding & Cutout/8 Shop/26.png.import[39m[0m
[  40% ] [90m[1msavepack[22m | Storing File: res://.godot/imported/27.png-63dad3f18824f003ddeb8de426e7783b.ctex[39m[0m
[  40% ] [90m[1msavepack[22m | Storing File: res://assets/Humble Gift - Paper UI System v1.1/Sprites/Content Appear Animation/Folding & Cutout/8 Shop/27.png.import[39m[0m
[  41% ] [90m[1msavepack[22m | Storing File: res://.godot/imported/28.png-97777b5484ca94c3402be659c2328885.ctex[39m[0m
[  41% ] [90m[1msavepack[22m | Storing File: res://assets/Humble Gift - Paper UI System v1.1/Sprites/Content Appear Animation/Folding & Cutout/8 Shop/28.png.import[39m[0m
[  41% ] [90m[1msavepack[22m | Storing File: res://.godot/imported/29.png-68c83945273f2dd12743ba6e6ac69b9f.ctex[39m[0m
[  41% ] [90m[1msavepack[22m | Storing File: res://assets/Humble Gift - Paper UI System v1.1/Sprites/Content Appear Animation/Folding & Cutout/8 Shop/29.png.import[39m[0m
[  41% ] [90m[1msavepack[22m | Storing File: res://.godot/imported/30.png-1e64e15899b3e8494f56d92382de4621.ctex[39m[0m
[  41% ] [90m[1msavepack[22m | Storing File: res://assets/Humble Gift - Paper UI System v1.1/Sprites/Content Appear Animation/Folding & Cutout/8 Shop/30.png.import[39m[0m
[  41% ] [90m[1msavepack[22m | Storing File: res://.godot/imported/31.png-5b92dfb02a77cc28167928cef1cdaabf.ctex[39m[0m
[  41% ] [90m[1msavepack[22m | Storing File: res://assets/Humble Gift - Paper UI System v1.1/Sprites/Content Appear Animation/Folding & Cutout/8 Shop/31.png.import[39m[0m
[  41% ] [90m[1msavepack[22m | Storing File: res://.godot/imported/32.png-9099f8346844252e3fc3a2fd1996fcad.ctex[39m[0m
[  41% ] [90m[1msavepack[22m | Storing File: res://assets/Humble Gift - Paper UI System v1.1/Sprites/Content Appear Animation/Folding & Cutout/8 Shop/32.png.import[39m[0m
[  41% ] [90m[1msavepack[22m | Storing File: res://.godot/imported/33.png-b79dc046b88c498848d5efcffa5dd57f.ctex[39m[0m
[  41% ] [90m[1msavepack[22m | Storing File: res://assets/Humble Gift - Paper UI System v1.1/Sprites/Content Appear Animation/Folding & Cutout/8 Shop/33.png.import[39m[0m
[  41% ] [90m[1msavepack[22m | Storing File: res://.godot/imported/34.png-2c1608efe5f4659c3ea6ac9449ad41f7.ctex[39m[0m
[  41% ] [90m[1msavepack[22m | Storing File: res://assets/Humble Gift - Paper UI System v1.1/Sprites/Content Appear Animation/Folding & Cutout/8 Shop/34.png.import[39m[0m
[  41% ] [90m[1msavepack[22m | Storing File: res://.godot/imported/35.png-e075584aec84684376d320e2168e995d.ctex[39m[0m
[  41% ] [90m[1msavepack[22m | Storing File: res://assets/Humble Gift - Paper UI System v1.1/Sprites/Content Appear Animation/Folding & Cutout/8 Shop/35.png.import[39m[0m
[  41% ] [90m[1msavepack[22m | Storing File: res://.godot/imported/36.png-498e22bebab7ddac986aedf3ebbd8a75.ctex[39m[0m
[  41% ] [90m[1msavepack[22m | Storing File: res://assets/Humble Gift - Paper UI System v1.1/Sprites/Content Appear Animation/Folding & Cutout/8 Shop/36.png.import[39m[0m
[  41% ] [90m[1msavepack[22m | Storing File: res://.godot/imported/1.png-ab33d11aea7cd7adf780ce019080d84a.ctex[39m[0m
[  41% ] [90m[1msavepack[22m | Storing File: res://assets/Humble Gift - Paper UI System v1.1/Sprites/Content Appear Animation/Folding & Cutout/9 Calender/1.png.import[39m[0m
[  41% ] [90m[1msavepack[22m | Storing File: res://.godot/imported/2.png-86efb152d64cd40479dc1a0328fb691b.ctex[39m[0m
[  41% ] [90m[1msavepack[22m | Storing File: res://assets/Humble Gift - Paper UI System v1.1/Sprites/Content Appear Animation/Folding & Cutout/9 Calender/2.png.import[39m[0m
[  41% ] [90m[1msavepack[22m | Storing File: res://.godot/imported/3.png-83f8a623be66aa3182fe42e571f4e115.ctex[39m[0m
[  41% ] [90m[1msavepack[22m | Storing File: res://assets/Humble Gift - Paper UI System v1.1/Sprites/Content Appear Animation/Folding & Cutout/9 Calender/3.png.import[39m[0m
[  41% ] [90m[1msavepack[22m | Storing File: res://.godot/imported/4.png-a0b6672efd725e2ec79f62790ec5fa92.ctex[39m[0m
[  41% ] [90m[1msavepack[22m | Storing File: res://assets/Humble Gift - Paper UI System v1.1/Sprites/Content Appear Animation/Folding & Cutout/9 Calender/4.png.import[39m[0m
[  41% ] [90m[1msavepack[22m | Storing File: res://.godot/imported/5.png-e4ce47735e9cbe627bebfac2b2c818f5.ctex[39m[0m
[  41% ] [90m[1msavepack[22m | Storing File: res://assets/Humble Gift - Paper UI System v1.1/Sprites/Content Appear Animation/Folding & Cutout/9 Calender/5.png.import[39m[0m
[  41% ] [90m[1msavepack[22m | Storing File: res://.godot/imported/6.png-842f90385b71a0ce8d454bc21fe2058b.ctex[39m[0m
[  41% ] [90m[1msavepack[22m | Storing File: res://assets/Humble Gift - Paper UI System v1.1/Sprites/Content Appear Animation/Folding & Cutout/9 Calender/6.png.import[39m[0m
[  41% ] [90m[1msavepack[22m | Storing File: res://.godot/imported/7.png-87547bb0bb98e95ea60ce9701649d448.ctex[39m[0m
[  41% ] [90m[1msavepack[22m | Storing File: res://assets/Humble Gift - Paper UI System v1.1/Sprites/Content Appear Animation/Folding & Cutout/9 Calender/7.png.import[39m[0m
[  41% ] [90m[1msavepack[22m | Storing File: res://.godot/imported/8.png-fcf4506cd3f2b9cd97fb44fff1545809.ctex[39m[0m
[  41% ] [90m[1msavepack[22m | Storing File: res://assets/Humble Gift - Paper UI System v1.1/Sprites/Content Appear Animation/Folding & Cutout/9 Calender/8.png.import[39m[0m
[  41% ] [90m[1msavepack[22m | Storing File: res://.godot/imported/9.png-185ba5f21ae7cbb9f9e27b27a0c122af.ctex[39m[0m
[  41% ] [90m[1msavepack[22m | Storing File: res://assets/Humble Gift - Paper UI System v1.1/Sprites/Content Appear Animation/Folding & Cutout/9 Calender/9.png.import[39m[0m
[  41% ] [90m[1msavepack[22m | Storing File: res://.godot/imported/10.png-6ad1dc32af3138510d25ca2e96bde2aa.ctex[39m[0m
[  41% ] [90m[1msavepack[22m | Storing File: res://assets/Humble Gift - Paper UI System v1.1/Sprites/Content Appear Animation/Folding & Cutout/9 Calender/10.png.import[39m[0m
[  42% ] [90m[1msavepack[22m | Storing File: res://.godot/imported/11.png-4f1e839e8396b7910ecbf9c59eff9069.ctex[39m[0m
[  42% ] [90m[1msavepack[22m | Storing File: res://assets/Humble Gift - Paper UI System v1.1/Sprites/Content Appear Animation/Folding & Cutout/9 Calender/11.png.import[39m[0m
[  42% ] [90m[1msavepack[22m | Storing File: res://.godot/imported/12.png-e1eaf104e8542813e50de132a61bac73.ctex[39m[0m
[  42% ] [90m[1msavepack[22m | Storing File: res://assets/Humble Gift - Paper UI System v1.1/Sprites/Content Appear Animation/Folding & Cutout/9 Calender/12.png.import[39m[0m
[  42% ] [90m[1msavepack[22m | Storing File: res://.godot/imported/13.png-8cb587734495b478e8d818025eaf951a.ctex[39m[0m
[  42% ] [90m[1msavepack[22m | Storing File: res://assets/Humble Gift - Paper UI System v1.1/Sprites/Content Appear Animation/Folding & Cutout/9 Calender/13.png.import[39m[0m
[  42% ] [90m[1msavepack[22m | Storing File: res://.godot/imported/14.png-a28c7ecc9c5c67ac805227af6d055d40.ctex[39m[0m
[  42% ] [90m[1msavepack[22m | Storing File: res://assets/Humble Gift - Paper UI System v1.1/Sprites/Content Appear Animation/Folding & Cutout/9 Calender/14.png.import[39m[0m
[  42% ] [90m[1msavepack[22m | Storing File: res://.godot/imported/15.png-743cd92a3128e05fcffda0be1bc42275.ctex[39m[0m
[  42% ] [90m[1msavepack[22m | Storing File: res://assets/Humble Gift - Paper UI System v1.1/Sprites/Content Appear Animation/Folding & Cutout/9 Calender/15.png.import[39m[0m
[  42% ] [90m[1msavepack[22m | Storing File: res://.godot/imported/16.png-5ca505cceebca9c1d9b191dc1afe6f7d.ctex[39m[0m
[  42% ] [90m[1msavepack[22m | Storing File: res://assets/Humble Gift - Paper UI System v1.1/Sprites/Content Appear Animation/Folding & Cutout/9 Calender/16.png.import[39m[0m
[  42% ] [90m[1msavepack[22m | Storing File: res://.godot/imported/17.png-fc9506a13d41e1eaf8dcc2b060848089.ctex[39m[0m
[  42% ] [90m[1msavepack[22m | Storing File: res://assets/Humble Gift - Paper UI System v1.1/Sprites/Content Appear Animation/Folding & Cutout/9 Calender/17.png.import[39m[0m
[  42% ] [90m[1msavepack[22m | Storing File: res://.godot/imported/18.png-e9af7c092eba50a0a7ea9a96199d21ae.ctex[39m[0m
[  42% ] [90m[1msavepack[22m | Storing File: res://assets/Humble Gift - Paper UI System v1.1/Sprites/Content Appear Animation/Folding & Cutout/9 Calender/18.png.import[39m[0m
[  42% ] [90m[1msavepack[22m | Storing File: res://.godot/imported/19.png-2d457ad18ef9652d6682b7e3e924b232.ctex[39m[0m
[  42% ] [90m[1msavepack[22m | Storing File: res://assets/Humble Gift - Paper UI System v1.1/Sprites/Content Appear Animation/Folding & Cutout/9 Calender/19.png.import[39m[0m
[  42% ] [90m[1msavepack[22m | Storing File: res://.godot/imported/20.png-b797d802d336a87076c1f07f70c550c9.ctex[39m[0m
[  42% ] [90m[1msavepack[22m | Storing File: res://assets/Humble Gift - Paper UI System v1.1/Sprites/Content Appear Animation/Folding & Cutout/9 Calender/20.png.import[39m[0m
[  42% ] [90m[1msavepack[22m | Storing File: res://.godot/imported/21.png-95274764377b5bb25b3614f4e9e8cce6.ctex[39m[0m
[  42% ] [90m[1msavepack[22m | Storing File: res://assets/Humble Gift - Paper UI System v1.1/Sprites/Content Appear Animation/Folding & Cutout/9 Calender/21.png.import[39m[0m
[  42% ] [90m[1msavepack[22m | Storing File: res://.godot/imported/22.png-4aa69861f0ddf097dcd441dfbba2ea0b.ctex[39m[0m
[  42% ] [90m[1msavepack[22m | Storing File: res://assets/Humble Gift - Paper UI System v1.1/Sprites/Content Appear Animation/Folding & Cutout/9 Calender/22.png.import[39m[0m
[  42% ] [90m[1msavepack[22m | Storing File: res://.godot/imported/23.png-0b1dc2e64b50b78db9b057b8b07c98ac.ctex[39m[0m
[  42% ] [90m[1msavepack[22m | Storing File: res://assets/Humble Gift - Paper UI System v1.1/Sprites/Content Appear Animation/Folding & Cutout/9 Calender/23.png.import[39m[0m
[  42% ] [90m[1msavepack[22m | Storing File: res://.godot/imported/24.png-feda1b096222378db22e4c1454832390.ctex[39m[0m
[  42% ] [90m[1msavepack[22m | Storing File: res://assets/Humble Gift - Paper UI System v1.1/Sprites/Content Appear Animation/Folding & Cutout/9 Calender/24.png.import[39m[0m
[  42% ] [90m[1msavepack[22m | Storing File: res://.godot/imported/25.png-1c7345a9abe4738ce9dca65d21fbe1c5.ctex[39m[0m
[  42% ] [90m[1msavepack[22m | Storing File: res://assets/Humble Gift - Paper UI System v1.1/Sprites/Content Appear Animation/Folding & Cutout/9 Calender/25.png.import[39m[0m
[  42% ] [90m[1msavepack[22m | Storing File: res://.godot/imported/26.png-f785fdd67a05740c34ea0aed9226ec60.ctex[39m[0m
[  42% ] [90m[1msavepack[22m | Storing File: res://assets/Humble Gift - Paper UI System v1.1/Sprites/Content Appear Animation/Folding & Cutout/9 Calender/26.png.import[39m[0m
[  42% ] [90m[1msavepack[22m | Storing File: res://.godot/imported/27.png-b0b09f52425823cf53e035443744b271.ctex[39m[0m
[  42% ] [90m[1msavepack[22m | Storing File: res://assets/Humble Gift - Paper UI System v1.1/Sprites/Content Appear Animation/Folding & Cutout/9 Calender/27.png.import[39m[0m
[  42% ] [90m[1msavepack[22m | Storing File: res://.godot/imported/28.png-ceb818650501f74532dc08172c06eae5.ctex[39m[0m
[  42% ] [90m[1msavepack[22m | Storing File: res://assets/Humble Gift - Paper UI System v1.1/Sprites/Content Appear Animation/Folding & Cutout/9 Calender/28.png.import[39m[0m
[  42% ] [90m[1msavepack[22m | Storing File: res://.godot/imported/29.png-ba7eff1b3e37474c62064f6032672317.ctex[39m[0m
[  42% ] [90m[1msavepack[22m | Storing File: res://assets/Humble Gift - Paper UI System v1.1/Sprites/Content Appear Animation/Folding & Cutout/9 Calender/29.png.import[39m[0m
[  42% ] [90m[1msavepack[22m | Storing File: res://.godot/imported/30.png-cb3cbfaac64551c1f91ae079e95e2510.ctex[39m[0m
[  42% ] [90m[1msavepack[22m | Storing File: res://assets/Humble Gift - Paper UI System v1.1/Sprites/Content Appear Animation/Folding & Cutout/9 Calender/30.png.import[39m[0m
[  43% ] [90m[1msavepack[22m | Storing File: res://.godot/imported/31.png-acc4f2c6af1d58d8dbd93d9bf81f815c.ctex[39m[0m
[  43% ] [90m[1msavepack[22m | Storing File: res://assets/Humble Gift - Paper UI System v1.1/Sprites/Content Appear Animation/Folding & Cutout/9 Calender/31.png.import[39m[0m
[  43% ] [90m[1msavepack[22m | Storing File: res://.godot/imported/32.png-7516a1da3669c47c5ae2c1ee33360837.ctex[39m[0m
[  43% ] [90m[1msavepack[22m | Storing File: res://assets/Humble Gift - Paper UI System v1.1/Sprites/Content Appear Animation/Folding & Cutout/9 Calender/32.png.import[39m[0m
[  43% ] [90m[1msavepack[22m | Storing File: res://.godot/imported/33.png-32c536403c98eefb1445c8569047e34a.ctex[39m[0m
[  43% ] [90m[1msavepack[22m | Storing File: res://assets/Humble Gift - Paper UI System v1.1/Sprites/Content Appear Animation/Folding & Cutout/9 Calender/33.png.import[39m[0m
[  43% ] [90m[1msavepack[22m | Storing File: res://.godot/imported/34.png-21b27527f2bbdda6172a6297505106e3.ctex[39m[0m
[  43% ] [90m[1msavepack[22m | Storing File: res://assets/Humble Gift - Paper UI System v1.1/Sprites/Content Appear Animation/Folding & Cutout/9 Calender/34.png.import[39m[0m
[  43% ] [90m[1msavepack[22m | Storing File: res://.godot/imported/35.png-605b7d0f6944f6d35671b0904b4fb2ae.ctex[39m[0m
[  43% ] [90m[1msavepack[22m | Storing File: res://assets/Humble Gift - Paper UI System v1.1/Sprites/Content Appear Animation/Folding & Cutout/9 Calender/35.png.import[39m[0m
[  43% ] [90m[1msavepack[22m | Storing File: res://.godot/imported/36.png-6c8756b565f86da5a1c84d8adbb06a05.ctex[39m[0m
[  43% ] [90m[1msavepack[22m | Storing File: res://assets/Humble Gift - Paper UI System v1.1/Sprites/Content Appear Animation/Folding & Cutout/9 Calender/36.png.import[39m[0m
[  43% ] [90m[1msavepack[22m | Storing File: res://.godot/imported/37.png-0fea59400bd0fd51b9917ae3d139d0fa.ctex[39m[0m
[  43% ] [90m[1msavepack[22m | Storing File: res://assets/Humble Gift - Paper UI System v1.1/Sprites/Content Appear Animation/Folding & Cutout/9 Calender/37.png.import[39m[0m
[  43% ] [90m[1msavepack[22m | Storing File: res://.godot/imported/38.png-ce25f535399f5aa31a6e2f27dbeaac88.ctex[39m[0m
[  43% ] [90m[1msavepack[22m | Storing File: res://assets/Humble Gift - Paper UI System v1.1/Sprites/Content Appear Animation/Folding & Cutout/9 Calender/38.png.import[39m[0m
[  43% ] [90m[1msavepack[22m | Storing File: res://.godot/imported/39.png-ffc71dd9a9e2eb598c9f57ad562598db.ctex[39m[0m
[  43% ] [90m[1msavepack[22m | Storing File: res://assets/Humble Gift - Paper UI System v1.1/Sprites/Content Appear Animation/Folding & Cutout/9 Calender/39.png.import[39m[0m
[  43% ] [90m[1msavepack[22m | Storing File: res://.godot/imported/40.png-ae81ca577e07e27a9206f84c09a20ce8.ctex[39m[0m
[  43% ] [90m[1msavepack[22m | Storing File: res://assets/Humble Gift - Paper UI System v1.1/Sprites/Content Appear Animation/Folding & Cutout/9 Calender/40.png.import[39m[0m
[  43% ] [90m[1msavepack[22m | Storing File: res://.godot/imported/41.png-d811eeb83a21deed3f7fd52225708c77.ctex[39m[0m
[  43% ] [90m[1msavepack[22m | Storing File: res://assets/Humble Gift - Paper UI System v1.1/Sprites/Content Appear Animation/Folding & Cutout/9 Calender/41.png.import[39m[0m
[  43% ] [90m[1msavepack[22m | Storing File: res://.godot/imported/42.png-e216c53c4515419e63107481fbf2e6b1.ctex[39m[0m
[  43% ] [90m[1msavepack[22m | Storing File: res://assets/Humble Gift - Paper UI System v1.1/Sprites/Content Appear Animation/Folding & Cutout/9 Calender/42.png.import[39m[0m
[  43% ] [90m[1msavepack[22m | Storing File: res://.godot/imported/43.png-f7d7d925753bbcd029d42eae8485e9f1.ctex[39m[0m
[  43% ] [90m[1msavepack[22m | Storing File: res://assets/Humble Gift - Paper UI System v1.1/Sprites/Content Appear Animation/Folding & Cutout/9 Calender/43.png.import[39m[0m
[  43% ] [90m[1msavepack[22m | Storing File: res://.godot/imported/44.png-f58104f71d62b78baebbb871da457671.ctex[39m[0m
[  43% ] [90m[1msavepack[22m | Storing File: res://assets/Humble Gift - Paper UI System v1.1/Sprites/Content Appear Animation/Folding & Cutout/9 Calender/44.png.import[39m[0m
[  43% ] [90m[1msavepack[22m | Storing File: res://.godot/imported/45.png-d23a8dfef983f079f0e8274ad0157b53.ctex[39m[0m
[  43% ] [90m[1msavepack[22m | Storing File: res://assets/Humble Gift - Paper UI System v1.1/Sprites/Content Appear Animation/Folding & Cutout/9 Calender/45.png.import[39m[0m
[  43% ] [90m[1msavepack[22m | Storing File: res://.godot/imported/46.png-545f7e1955f5bbdea3d072e461f88cfb.ctex[39m[0m
[  43% ] [90m[1msavepack[22m | Storing File: res://assets/Humble Gift - Paper UI System v1.1/Sprites/Content Appear Animation/Folding & Cutout/9 Calender/46.png.import[39m[0m
[  43% ] [90m[1msavepack[22m | Storing File: res://.godot/imported/47.png-d00ce0424d990eb959851bda201564f1.ctex[39m[0m
[  43% ] [90m[1msavepack[22m | Storing File: res://assets/Humble Gift - Paper UI System v1.1/Sprites/Content Appear Animation/Folding & Cutout/9 Calender/47.png.import[39m[0m
[  43% ] [90m[1msavepack[22m | Storing File: res://.godot/imported/48.png-ae08fce73cda8198c88f481ef6436877.ctex[39m[0m
[  43% ] [90m[1msavepack[22m | Storing File: res://assets/Humble Gift - Paper UI System v1.1/Sprites/Content Appear Animation/Folding & Cutout/9 Calender/48.png.import[39m[0m
[  43% ] [90m[1msavepack[22m | Storing File: res://.godot/imported/49.png-36b6906540c5c2d55d6c156092416ac7.ctex[39m[0m
[  43% ] [90m[1msavepack[22m | Storing File: res://assets/Humble Gift - Paper UI System v1.1/Sprites/Content Appear Animation/Folding & Cutout/9 Calender/49.png.import[39m[0m
[  44% ] [90m[1msavepack[22m | Storing File: res://.godot/imported/1.png-8a2fc351f5d8a76e4571f22648f71477.ctex[39m[0m
[  44% ] [90m[1msavepack[22m | Storing File: res://assets/Humble Gift - Paper UI System v1.1/Sprites/Content Appear Animation/Plain/1 Headers/1/1.png.import[39m[0m
[  44% ] [90m[1msavepack[22m | Storing File: res://.godot/imported/2.png-df0559ef39d8549ed81b1e78022f7945.ctex[39m[0m
[  44% ] [90m[1msavepack[22m | Storing File: res://assets/Humble Gift - Paper UI System v1.1/Sprites/Content Appear Animation/Plain/1 Headers/1/2.png.import[39m[0m
[  44% ] [90m[1msavepack[22m | Storing File: res://.godot/imported/3.png-524e41647842585ae81e5ed421eed368.ctex[39m[0m
[  44% ] [90m[1msavepack[22m | Storing File: res://assets/Humble Gift - Paper UI System v1.1/Sprites/Content Appear Animation/Plain/1 Headers/1/3.png.import[39m[0m
[  44% ] [90m[1msavepack[22m | Storing File: res://.godot/imported/4.png-8fd41ba546cb70fb2123dac536fe6d12.ctex[39m[0m
[  44% ] [90m[1msavepack[22m | Storing File: res://assets/Humble Gift - Paper UI System v1.1/Sprites/Content Appear Animation/Plain/1 Headers/1/4.png.import[39m[0m
[  44% ] [90m[1msavepack[22m | Storing File: res://.godot/imported/5.png-9af3cec635e41f0cae391839f1e4d53a.ctex[39m[0m
[  44% ] [90m[1msavepack[22m | Storing File: res://assets/Humble Gift - Paper UI System v1.1/Sprites/Content Appear Animation/Plain/1 Headers/1/5.png.import[39m[0m
[  44% ] [90m[1msavepack[22m | Storing File: res://.godot/imported/6.png-22ba6085ddb8529d858142f4637b006e.ctex[39m[0m
[  44% ] [90m[1msavepack[22m | Storing File: res://assets/Humble Gift - Paper UI System v1.1/Sprites/Content Appear Animation/Plain/1 Headers/1/6.png.import[39m[0m
[  44% ] [90m[1msavepack[22m | Storing File: res://.godot/imported/7.png-6d02b167bde55de10d9d05048293bb68.ctex[39m[0m
[  44% ] [90m[1msavepack[22m | Storing File: res://assets/Humble Gift - Paper UI System v1.1/Sprites/Content Appear Animation/Plain/1 Headers/1/7.png.import[39m[0m
[  44% ] [90m[1msavepack[22m | Storing File: res://.godot/imported/8.png-ab714851e0c5cfbb5576c5bf634b9d44.ctex[39m[0m
[  44% ] [90m[1msavepack[22m | Storing File: res://assets/Humble Gift - Paper UI System v1.1/Sprites/Content Appear Animation/Plain/1 Headers/1/8.png.import[39m[0m
[  44% ] [90m[1msavepack[22m | Storing File: res://.godot/imported/9.png-1e8ebd9c48b572d9b2a05b5e036e9f33.ctex[39m[0m
[  44% ] [90m[1msavepack[22m | Storing File: res://assets/Humble Gift - Paper UI System v1.1/Sprites/Content Appear Animation/Plain/1 Headers/1/9.png.import[39m[0m
[  44% ] [90m[1msavepack[22m | Storing File: res://.godot/imported/10.png-830a4b971470bd38103df9ad89633388.ctex[39m[0m
[  44% ] [90m[1msavepack[22m | Storing File: res://assets/Humble Gift - Paper UI System v1.1/Sprites/Content Appear Animation/Plain/1 Headers/1/10.png.import[39m[0m
[  44% ] [90m[1msavepack[22m | Storing File: res://.godot/imported/11.png-64726ce40cfff3fa48272708eabfcead.ctex[39m[0m
[  44% ] [90m[1msavepack[22m | Storing File: res://assets/Humble Gift - Paper UI System v1.1/Sprites/Content Appear Animation/Plain/1 Headers/1/11.png.import[39m[0m
[  44% ] [90m[1msavepack[22m | Storing File: res://.godot/imported/12.png-bcdf7e6d77cbf652658df6c74def2829.ctex[39m[0m
[  44% ] [90m[1msavepack[22m | Storing File: res://assets/Humble Gift - Paper UI System v1.1/Sprites/Content Appear Animation/Plain/1 Headers/1/12.png.import[39m[0m
[  44% ] [90m[1msavepack[22m | Storing File: res://.godot/imported/13.png-3a2b1e29501fbff099ca1db5dae10024.ctex[39m[0m
[  44% ] [90m[1msavepack[22m | Storing File: res://assets/Humble Gift - Paper UI System v1.1/Sprites/Content Appear Animation/Plain/1 Headers/1/13.png.import[39m[0m
[  44% ] [90m[1msavepack[22m | Storing File: res://.godot/imported/14.png-61fc34a7eaf469929aecba9ff07a16c5.ctex[39m[0m
[  44% ] [90m[1msavepack[22m | Storing File: res://assets/Humble Gift - Paper UI System v1.1/Sprites/Content Appear Animation/Plain/1 Headers/1/14.png.import[39m[0m
[  44% ] [90m[1msavepack[22m | Storing File: res://.godot/imported/15.png-42281f213abb165e54962a972071c465.ctex[39m[0m
[  44% ] [90m[1msavepack[22m | Storing File: res://assets/Humble Gift - Paper UI System v1.1/Sprites/Content Appear Animation/Plain/1 Headers/1/15.png.import[39m[0m
[  44% ] [90m[1msavepack[22m | Storing File: res://.godot/imported/16.png-e9a6b8c293db9dcded6f673c2f4becfe.ctex[39m[0m
[  44% ] [90m[1msavepack[22m | Storing File: res://assets/Humble Gift - Paper UI System v1.1/Sprites/Content Appear Animation/Plain/1 Headers/1/16.png.import[39m[0m
[  44% ] [90m[1msavepack[22m | Storing File: res://.godot/imported/17.png-723f72b5af70906f49b89784386c1438.ctex[39m[0m
[  44% ] [90m[1msavepack[22m | Storing File: res://assets/Humble Gift - Paper UI System v1.1/Sprites/Content Appear Animation/Plain/1 Headers/1/17.png.import[39m[0m
[  44% ] [90m[1msavepack[22m | Storing File: res://.godot/imported/18.png-9d59ac00e4d576ae190b53c8d8f81995.ctex[39m[0m
[  44% ] [90m[1msavepack[22m | Storing File: res://assets/Humble Gift - Paper UI System v1.1/Sprites/Content Appear Animation/Plain/1 Headers/1/18.png.import[39m[0m
[  44% ] [90m[1msavepack[22m | Storing File: res://.godot/imported/19.png-cfbd2738631382dc5f6d59fd2ef915f2.ctex[39m[0m
[  44% ] [90m[1msavepack[22m | Storing File: res://assets/Humble Gift - Paper UI System v1.1/Sprites/Content Appear Animation/Plain/1 Headers/1/19.png.import[39m[0m
[  45% ] [90m[1msavepack[22m | Storing File: res://.godot/imported/20.png-db520001cd16085fe333abc44d607c48.ctex[39m[0m
[  45% ] [90m[1msavepack[22m | Storing File: res://assets/Humble Gift - Paper UI System v1.1/Sprites/Content Appear Animation/Plain/1 Headers/1/20.png.import[39m[0m
[  45% ] [90m[1msavepack[22m | Storing File: res://.godot/imported/21.png-e404bf942f06977d9a1e5233fa4a1d03.ctex[39m[0m
[  45% ] [90m[1msavepack[22m | Storing File: res://assets/Humble Gift - Paper UI System v1.1/Sprites/Content Appear Animation/Plain/1 Headers/1/21.png.import[39m[0m
[  45% ] [90m[1msavepack[22m | Storing File: res://.godot/imported/22.png-220a3cadff2f59f6f19841b951478c2a.ctex[39m[0m
[  45% ] [90m[1msavepack[22m | Storing File: res://assets/Humble Gift - Paper UI System v1.1/Sprites/Content Appear Animation/Plain/1 Headers/1/22.png.import[39m[0m
[  45% ] [90m[1msavepack[22m | Storing File: res://.godot/imported/23.png-f487ca3ab59705d03c6263c55bb2d194.ctex[39m[0m
[  45% ] [90m[1msavepack[22m | Storing File: res://assets/Humble Gift - Paper UI System v1.1/Sprites/Content Appear Animation/Plain/1 Headers/1/23.png.import[39m[0m
[  45% ] [90m[1msavepack[22m | Storing File: res://.godot/imported/24.png-71870d9824f1fa8c46fdca90b9780a2d.ctex[39m[0m
[  45% ] [90m[1msavepack[22m | Storing File: res://assets/Humble Gift - Paper UI System v1.1/Sprites/Content Appear Animation/Plain/1 Headers/1/24.png.import[39m[0m
[  45% ] [90m[1msavepack[22m | Storing File: res://.godot/imported/25.png-66f6c0ed92e5dc7985a5a678f63e38f9.ctex[39m[0m
[  45% ] [90m[1msavepack[22m | Storing File: res://assets/Humble Gift - Paper UI System v1.1/Sprites/Content Appear Animation/Plain/1 Headers/1/25.png.import[39m[0m
[  45% ] [90m[1msavepack[22m | Storing File: res://.godot/imported/26.png-f7e79ae249d997c44d012f41767fef09.ctex[39m[0m
[  45% ] [90m[1msavepack[22m | Storing File: res://assets/Humble Gift - Paper UI System v1.1/Sprites/Content Appear Animation/Plain/1 Headers/1/26.png.import[39m[0m
[  45% ] [90m[1msavepack[22m | Storing File: res://.godot/imported/27.png-df58c6abec22dd31048dff240483c73f.ctex[39m[0m
[  45% ] [90m[1msavepack[22m | Storing File: res://assets/Humble Gift - Paper UI System v1.1/Sprites/Content Appear Animation/Plain/1 Headers/1/27.png.import[39m[0m
[  45% ] [90m[1msavepack[22m | Storing File: res://.godot/imported/28.png-41a627a09d1ed8d5b2fd9b4667aff722.ctex[39m[0m
[  45% ] [90m[1msavepack[22m | Storing File: res://assets/Humble Gift - Paper UI System v1.1/Sprites/Content Appear Animation/Plain/1 Headers/1/28.png.import[39m[0m
[  45% ] [90m[1msavepack[22m | Storing File: res://.godot/imported/29.png-a6751777bc30316be5d6d21a989da15e.ctex[39m[0m
[  45% ] [90m[1msavepack[22m | Storing File: res://assets/Humble Gift - Paper UI System v1.1/Sprites/Content Appear Animation/Plain/1 Headers/1/29.png.import[39m[0m
[  45% ] [90m[1msavepack[22m | Storing File: res://.godot/imported/30.png-8298b1bea291e7468a93bf166991c13a.ctex[39m[0m
[  45% ] [90m[1msavepack[22m | Storing File: res://assets/Humble Gift - Paper UI System v1.1/Sprites/Content Appear Animation/Plain/1 Headers/1/30.png.import[39m[0m
[  45% ] [90m[1msavepack[22m | Storing File: res://.godot/imported/31.png-69948c264af080e0ccf06d2e6593114c.ctex[39m[0m
[  45% ] [90m[1msavepack[22m | Storing File: res://assets/Humble Gift - Paper UI System v1.1/Sprites/Content Appear Animation/Plain/1 Headers/1/31.png.import[39m[0m
[  45% ] [90m[1msavepack[22m | Storing File: res://.godot/imported/32.png-1d06c38e10baf95cd9dd10b2ca27fd43.ctex[39m[0m
[  45% ] [90m[1msavepack[22m | Storing File: res://assets/Humble Gift - Paper UI System v1.1/Sprites/Content Appear Animation/Plain/1 Headers/1/32.png.import[39m[0m
[  45% ] [90m[1msavepack[22m | Storing File: res://.godot/imported/33.png-eca9399fce7dc0d8785248414847f3c4.ctex[39m[0m
[  45% ] [90m[1msavepack[22m | Storing File: res://assets/Humble Gift - Paper UI System v1.1/Sprites/Content Appear Animation/Plain/1 Headers/1/33.png.import[39m[0m
[  45% ] [90m[1msavepack[22m | Storing File: res://.godot/imported/34.png-23cf83cec204311f08ce079b5ec2bbe4.ctex[39m[0m
[  45% ] [90m[1msavepack[22m | Storing File: res://assets/Humble Gift - Paper UI System v1.1/Sprites/Content Appear Animation/Plain/1 Headers/1/34.png.import[39m[0m
[  45% ] [90m[1msavepack[22m | Storing File: res://.godot/imported/35.png-46fcd3aea590f7fabdfffafcaa083d23.ctex[39m[0m
[  45% ] [90m[1msavepack[22m | Storing File: res://assets/Humble Gift - Paper UI System v1.1/Sprites/Content Appear Animation/Plain/1 Headers/1/35.png.import[39m[0m
[  45% ] [90m[1msavepack[22m | Storing File: res://.godot/imported/1.png-f7cecfb51f92fc2cfb6058d81ab93edb.ctex[39m[0m
[  45% ] [90m[1msavepack[22m | Storing File: res://assets/Humble Gift - Paper UI System v1.1/Sprites/Content Appear Animation/Plain/1 Headers/2/1.png.import[39m[0m
[  45% ] [90m[1msavepack[22m | Storing File: res://.godot/imported/2.png-59609e2b45a5f56102191e10f426237a.ctex[39m[0m
[  45% ] [90m[1msavepack[22m | Storing File: res://assets/Humble Gift - Paper UI System v1.1/Sprites/Content Appear Animation/Plain/1 Headers/2/2.png.import[39m[0m
[  45% ] [90m[1msavepack[22m | Storing File: res://.godot/imported/3.png-c41e7bc0e715214adf68619fb04e0559.ctex[39m[0m
[  45% ] [90m[1msavepack[22m | Storing File: res://assets/Humble Gift - Paper UI System v1.1/Sprites/Content Appear Animation/Plain/1 Headers/2/3.png.import[39m[0m
[  46% ] [90m[1msavepack[22m | Storing File: res://.godot/imported/4.png-37ac2fb96f8a30d1579a70326e490e07.ctex[39m[0m
[  46% ] [90m[1msavepack[22m | Storing File: res://assets/Humble Gift - Paper UI System v1.1/Sprites/Content Appear Animation/Plain/1 Headers/2/4.png.import[39m[0m
[  46% ] [90m[1msavepack[22m | Storing File: res://.godot/imported/5.png-e4c5383b7e1fc9ddcab65d1508c9febf.ctex[39m[0m
[  46% ] [90m[1msavepack[22m | Storing File: res://assets/Humble Gift - Paper UI System v1.1/Sprites/Content Appear Animation/Plain/1 Headers/2/5.png.import[39m[0m
[  46% ] [90m[1msavepack[22m | Storing File: res://.godot/imported/6.png-05e49f5c58a4cb90828cbbe4cd97d43c.ctex[39m[0m
[  46% ] [90m[1msavepack[22m | Storing File: res://assets/Humble Gift - Paper UI System v1.1/Sprites/Content Appear Animation/Plain/1 Headers/2/6.png.import[39m[0m
[  46% ] [90m[1msavepack[22m | Storing File: res://.godot/imported/7.png-cdc78fc4b831c3bccb1b5514715ada3a.ctex[39m[0m
[  46% ] [90m[1msavepack[22m | Storing File: res://assets/Humble Gift - Paper UI System v1.1/Sprites/Content Appear Animation/Plain/1 Headers/2/7.png.import[39m[0m
[  46% ] [90m[1msavepack[22m | Storing File: res://.godot/imported/8.png-65a753e56efa0dd6fc6f28e920d7ee9e.ctex[39m[0m
[  46% ] [90m[1msavepack[22m | Storing File: res://assets/Humble Gift - Paper UI System v1.1/Sprites/Content Appear Animation/Plain/1 Headers/2/8.png.import[39m[0m
[  46% ] [90m[1msavepack[22m | Storing File: res://.godot/imported/9.png-2b2b5d1ef98750682c00883f53acb40d.ctex[39m[0m
[  46% ] [90m[1msavepack[22m | Storing File: res://assets/Humble Gift - Paper UI System v1.1/Sprites/Content Appear Animation/Plain/1 Headers/2/9.png.import[39m[0m
[  46% ] [90m[1msavepack[22m | Storing File: res://.godot/imported/10.png-597d83cea3705aba4978a0c37a58c27e.ctex[39m[0m
[  46% ] [90m[1msavepack[22m | Storing File: res://assets/Humble Gift - Paper UI System v1.1/Sprites/Content Appear Animation/Plain/1 Headers/2/10.png.import[39m[0m
[  46% ] [90m[1msavepack[22m | Storing File: res://.godot/imported/11.png-d6307fc44559ee5f2101228d25e50110.ctex[39m[0m
[  46% ] [90m[1msavepack[22m | Storing File: res://assets/Humble Gift - Paper UI System v1.1/Sprites/Content Appear Animation/Plain/1 Headers/2/11.png.import[39m[0m
[  46% ] [90m[1msavepack[22m | Storing File: res://.godot/imported/12.png-8a2f2bd9baf64154db0516f940a27afd.ctex[39m[0m
[  46% ] [90m[1msavepack[22m | Storing File: res://assets/Humble Gift - Paper UI System v1.1/Sprites/Content Appear Animation/Plain/1 Headers/2/12.png.import[39m[0m
[  46% ] [90m[1msavepack[22m | Storing File: res://.godot/imported/13.png-a4210f8cdbda1c2217975b6e941f67a8.ctex[39m[0m
[  46% ] [90m[1msavepack[22m | Storing File: res://assets/Humble Gift - Paper UI System v1.1/Sprites/Content Appear Animation/Plain/1 Headers/2/13.png.import[39m[0m
[  46% ] [90m[1msavepack[22m | Storing File: res://.godot/imported/14.png-957d8d9d0b278e4ff7287b3f7190190d.ctex[39m[0m
[  46% ] [90m[1msavepack[22m | Storing File: res://assets/Humble Gift - Paper UI System v1.1/Sprites/Content Appear Animation/Plain/1 Headers/2/14.png.import[39m[0m
[  46% ] [90m[1msavepack[22m | Storing File: res://.godot/imported/15.png-93d538c0866eeff63397a0728299ec2c.ctex[39m[0m
[  46% ] [90m[1msavepack[22m | Storing File: res://assets/Humble Gift - Paper UI System v1.1/Sprites/Content Appear Animation/Plain/1 Headers/2/15.png.import[39m[0m
[  46% ] [90m[1msavepack[22m | Storing File: res://.godot/imported/16.png-a7d98b1f2448533c4298cae0969247a9.ctex[39m[0m
[  46% ] [90m[1msavepack[22m | Storing File: res://assets/Humble Gift - Paper UI System v1.1/Sprites/Content Appear Animation/Plain/1 Headers/2/16.png.import[39m[0m
[  46% ] [90m[1msavepack[22m | Storing File: res://.godot/imported/17.png-718c248ee15e3986b71095b2240034f5.ctex[39m[0m
[  46% ] [90m[1msavepack[22m | Storing File: res://assets/Humble Gift - Paper UI System v1.1/Sprites/Content Appear Animation/Plain/1 Headers/2/17.png.import[39m[0m
[  46% ] [90m[1msavepack[22m | Storing File: res://.godot/imported/18.png-1ed891bc5ef061b8f8167fd411a0354a.ctex[39m[0m
[  46% ] [90m[1msavepack[22m | Storing File: res://assets/Humble Gift - Paper UI System v1.1/Sprites/Content Appear Animation/Plain/1 Headers/2/18.png.import[39m[0m
[  46% ] [90m[1msavepack[22m | Storing File: res://.godot/imported/19.png-ec9f37eed65b9458a03b35a5df1715b7.ctex[39m[0m
[  46% ] [90m[1msavepack[22m | Storing File: res://assets/Humble Gift - Paper UI System v1.1/Sprites/Content Appear Animation/Plain/1 Headers/2/19.png.import[39m[0m
[  46% ] [90m[1msavepack[22m | Storing File: res://.godot/imported/20.png-67f0242447ddf5d2d7f6df32d4e95ac9.ctex[39m[0m
[  46% ] [90m[1msavepack[22m | Storing File: res://assets/Humble Gift - Paper UI System v1.1/Sprites/Content Appear Animation/Plain/1 Headers/2/20.png.import[39m[0m
[  46% ] [90m[1msavepack[22m | Storing File: res://.godot/imported/21.png-8a057c35da8c8da2b5b2f0b1bdb65fa3.ctex[39m[0m
[  46% ] [90m[1msavepack[22m | Storing File: res://assets/Humble Gift - Paper UI System v1.1/Sprites/Content Appear Animation/Plain/1 Headers/2/21.png.import[39m[0m
[  46% ] [90m[1msavepack[22m | Storing File: res://.godot/imported/22.png-4293aff3dfa16b5ed669f19ae9e41c21.ctex[39m[0m
[  46% ] [90m[1msavepack[22m | Storing File: res://assets/Humble Gift - Paper UI System v1.1/Sprites/Content Appear Animation/Plain/1 Headers/2/22.png.import[39m[0m
[  46% ] [90m[1msavepack[22m | Storing File: res://.godot/imported/23.png-acffadac6b8d693f010ed8069419a6b1.ctex[39m[0m
[  46% ] [90m[1msavepack[22m | Storing File: res://assets/Humble Gift - Paper UI System v1.1/Sprites/Content Appear Animation/Plain/1 Headers/2/23.png.import[39m[0m
[  47% ] [90m[1msavepack[22m | Storing File: res://.godot/imported/24.png-d93611a3f59e2b4a892616fcc01d026b.ctex[39m[0m
[  47% ] [90m[1msavepack[22m | Storing File: res://assets/Humble Gift - Paper UI System v1.1/Sprites/Content Appear Animation/Plain/1 Headers/2/24.png.import[39m[0m
[  47% ] [90m[1msavepack[22m | Storing File: res://.godot/imported/25.png-538a5f53893b50967870ddf94c95f22e.ctex[39m[0m
[  47% ] [90m[1msavepack[22m | Storing File: res://assets/Humble Gift - Paper UI System v1.1/Sprites/Content Appear Animation/Plain/1 Headers/2/25.png.import[39m[0m
[  47% ] [90m[1msavepack[22m | Storing File: res://.godot/imported/26.png-99951794ab8b8f4d9639c3ee5d2ecb84.ctex[39m[0m
[  47% ] [90m[1msavepack[22m | Storing File: res://assets/Humble Gift - Paper UI System v1.1/Sprites/Content Appear Animation/Plain/1 Headers/2/26.png.import[39m[0m
[  47% ] [90m[1msavepack[22m | Storing File: res://.godot/imported/27.png-bad514beea4504798453ca68f485d5cc.ctex[39m[0m
[  47% ] [90m[1msavepack[22m | Storing File: res://assets/Humble Gift - Paper UI System v1.1/Sprites/Content Appear Animation/Plain/1 Headers/2/27.png.import[39m[0m
[  47% ] [90m[1msavepack[22m | Storing File: res://.godot/imported/28.png-c4a69038d8af16683f1fabd6dd8a202d.ctex[39m[0m
[  47% ] [90m[1msavepack[22m | Storing File: res://assets/Humble Gift - Paper UI System v1.1/Sprites/Content Appear Animation/Plain/1 Headers/2/28.png.import[39m[0m
[  47% ] [90m[1msavepack[22m | Storing File: res://.godot/imported/1.png-b13ab5ec1f4fbe3835ea2a3b36e3b5bf.ctex[39m[0m
[  47% ] [90m[1msavepack[22m | Storing File: res://assets/Humble Gift - Paper UI System v1.1/Sprites/Content Appear Animation/Plain/1 Headers/3/1.png.import[39m[0m
[  47% ] [90m[1msavepack[22m | Storing File: res://.godot/imported/2.png-1f1179a9728780110f995111a9f50637.ctex[39m[0m
[  47% ] [90m[1msavepack[22m | Storing File: res://assets/Humble Gift - Paper UI System v1.1/Sprites/Content Appear Animation/Plain/1 Headers/3/2.png.import[39m[0m
[  47% ] [90m[1msavepack[22m | Storing File: res://.godot/imported/3.png-faac58ff4d4746ce0899965f72fa1600.ctex[39m[0m
[  47% ] [90m[1msavepack[22m | Storing File: res://assets/Humble Gift - Paper UI System v1.1/Sprites/Content Appear Animation/Plain/1 Headers/3/3.png.import[39m[0m
[  47% ] [90m[1msavepack[22m | Storing File: res://.godot/imported/4.png-c2477d17f46de82dd58a56f113c52bb9.ctex[39m[0m
[  47% ] [90m[1msavepack[22m | Storing File: res://assets/Humble Gift - Paper UI System v1.1/Sprites/Content Appear Animation/Plain/1 Headers/3/4.png.import[39m[0m
[  47% ] [90m[1msavepack[22m | Storing File: res://.godot/imported/5.png-fe09d3812d6793599971b3da89417a50.ctex[39m[0m
[  47% ] [90m[1msavepack[22m | Storing File: res://assets/Humble Gift - Paper UI System v1.1/Sprites/Content Appear Animation/Plain/1 Headers/3/5.png.import[39m[0m
[  47% ] [90m[1msavepack[22m | Storing File: res://.godot/imported/6.png-c56c9b8149bf15a261f667304025f3aa.ctex[39m[0m
[  47% ] [90m[1msavepack[22m | Storing File: res://assets/Humble Gift - Paper UI System v1.1/Sprites/Content Appear Animation/Plain/1 Headers/3/6.png.import[39m[0m
[  47% ] [90m[1msavepack[22m | Storing File: res://.godot/imported/7.png-d6806059b8e7defb7eaf1c18c025f4f7.ctex[39m[0m
[  47% ] [90m[1msavepack[22m | Storing File: res://assets/Humble Gift - Paper UI System v1.1/Sprites/Content Appear Animation/Plain/1 Headers/3/7.png.import[39m[0m
[  47% ] [90m[1msavepack[22m | Storing File: res://.godot/imported/8.png-5b39f35f7f6be5a15fcc121dd5324f8d.ctex[39m[0m
[  47% ] [90m[1msavepack[22m | Storing File: res://assets/Humble Gift - Paper UI System v1.1/Sprites/Content Appear Animation/Plain/1 Headers/3/8.png.import[39m[0m
[  47% ] [90m[1msavepack[22m | Storing File: res://.godot/imported/9.png-8cd27030f6b9158df9db7ca9b6a32653.ctex[39m[0m
[  47% ] [90m[1msavepack[22m | Storing File: res://assets/Humble Gift - Paper UI System v1.1/Sprites/Content Appear Animation/Plain/1 Headers/3/9.png.import[39m[0m
[  47% ] [90m[1msavepack[22m | Storing File: res://.godot/imported/10.png-bfdb1306597f87e747086a278bb9d7f9.ctex[39m[0m
[  47% ] [90m[1msavepack[22m | Storing File: res://assets/Humble Gift - Paper UI System v1.1/Sprites/Content Appear Animation/Plain/1 Headers/3/10.png.import[39m[0m
[  47% ] [90m[1msavepack[22m | Storing File: res://.godot/imported/11.png-87361c3de40276af6905f5a1a2600d45.ctex[39m[0m
[  47% ] [90m[1msavepack[22m | Storing File: res://assets/Humble Gift - Paper UI System v1.1/Sprites/Content Appear Animation/Plain/1 Headers/3/11.png.import[39m[0m
[  47% ] [90m[1msavepack[22m | Storing File: res://.godot/imported/12.png-677069d61d9574f5ba83e33ba0e8b12d.ctex[39m[0m
[  47% ] [90m[1msavepack[22m | Storing File: res://assets/Humble Gift - Paper UI System v1.1/Sprites/Content Appear Animation/Plain/1 Headers/3/12.png.import[39m[0m
[  47% ] [90m[1msavepack[22m | Storing File: res://.godot/imported/13.png-b95c00ea8a19d7c99a7094349f23ca64.ctex[39m[0m
[  47% ] [90m[1msavepack[22m | Storing File: res://assets/Humble Gift - Paper UI System v1.1/Sprites/Content Appear Animation/Plain/1 Headers/3/13.png.import[39m[0m
[  47% ] [90m[1msavepack[22m | Storing File: res://.godot/imported/14.png-95ca4b10e278d0f87471a5159e81a524.ctex[39m[0m
[  47% ] [90m[1msavepack[22m | Storing File: res://assets/Humble Gift - Paper UI System v1.1/Sprites/Content Appear Animation/Plain/1 Headers/3/14.png.import[39m[0m
[  48% ] [90m[1msavepack[22m | Storing File: res://.godot/imported/15.png-cb69c1818f397791f22d76ac686e9607.ctex[39m[0m
[  48% ] [90m[1msavepack[22m | Storing File: res://assets/Humble Gift - Paper UI System v1.1/Sprites/Content Appear Animation/Plain/1 Headers/3/15.png.import[39m[0m
[  48% ] [90m[1msavepack[22m | Storing File: res://.godot/imported/16.png-f55828acf96ce70c1ccffe451547a84b.ctex[39m[0m
[  48% ] [90m[1msavepack[22m | Storing File: res://assets/Humble Gift - Paper UI System v1.1/Sprites/Content Appear Animation/Plain/1 Headers/3/16.png.import[39m[0m
[  48% ] [90m[1msavepack[22m | Storing File: res://.godot/imported/17.png-ceab1bee7a5372aa7601b3722981dc70.ctex[39m[0m
[  48% ] [90m[1msavepack[22m | Storing File: res://assets/Humble Gift - Paper UI System v1.1/Sprites/Content Appear Animation/Plain/1 Headers/3/17.png.import[39m[0m
[  48% ] [90m[1msavepack[22m | Storing File: res://.godot/imported/18.png-0ca4cf783f4c3b2358eadf28934c4ef7.ctex[39m[0m
[  48% ] [90m[1msavepack[22m | Storing File: res://assets/Humble Gift - Paper UI System v1.1/Sprites/Content Appear Animation/Plain/1 Headers/3/18.png.import[39m[0m
[  48% ] [90m[1msavepack[22m | Storing File: res://.godot/imported/19.png-93e1fb7439b80d51967841493a2dcdc0.ctex[39m[0m
[  48% ] [90m[1msavepack[22m | Storing File: res://assets/Humble Gift - Paper UI System v1.1/Sprites/Content Appear Animation/Plain/1 Headers/3/19.png.import[39m[0m
[  48% ] [90m[1msavepack[22m | Storing File: res://.godot/imported/20.png-6d09a0e4c80fe8cd58a2bc324768eca0.ctex[39m[0m
[  48% ] [90m[1msavepack[22m | Storing File: res://assets/Humble Gift - Paper UI System v1.1/Sprites/Content Appear Animation/Plain/1 Headers/3/20.png.import[39m[0m
[  48% ] [90m[1msavepack[22m | Storing File: res://.godot/imported/21.png-d667d5daaa6492ab81f7a5c231112196.ctex[39m[0m
[  48% ] [90m[1msavepack[22m | Storing File: res://assets/Humble Gift - Paper UI System v1.1/Sprites/Content Appear Animation/Plain/1 Headers/3/21.png.import[39m[0m
[  48% ] [90m[1msavepack[22m | Storing File: res://.godot/imported/22.png-14e707595b64ab0464904819cbf8d519.ctex[39m[0m
[  48% ] [90m[1msavepack[22m | Storing File: res://assets/Humble Gift - Paper UI System v1.1/Sprites/Content Appear Animation/Plain/1 Headers/3/22.png.import[39m[0m
[  48% ] [90m[1msavepack[22m | Storing File: res://.godot/imported/23.png-5c587a56213049539b0207c8e3c9998f.ctex[39m[0m
[  48% ] [90m[1msavepack[22m | Storing File: res://assets/Humble Gift - Paper UI System v1.1/Sprites/Content Appear Animation/Plain/1 Headers/3/23.png.import[39m[0m
[  48% ] [90m[1msavepack[22m | Storing File: res://.godot/imported/24.png-e12e254ac708a0ddf1914e07f37c1f78.ctex[39m[0m
[  48% ] [90m[1msavepack[22m | Storing File: res://assets/Humble Gift - Paper UI System v1.1/Sprites/Content Appear Animation/Plain/1 Headers/3/24.png.import[39m[0m
[  48% ] [90m[1msavepack[22m | Storing File: res://.godot/imported/25.png-584a7ff6f7f7687416217eb164897f1b.ctex[39m[0m
[  48% ] [90m[1msavepack[22m | Storing File: res://assets/Humble Gift - Paper UI System v1.1/Sprites/Content Appear Animation/Plain/1 Headers/3/25.png.import[39m[0m
[  48% ] [90m[1msavepack[22m | Storing File: res://.godot/imported/26.png-187a15185c40b000adc6e9814425f407.ctex[39m[0m
[  48% ] [90m[1msavepack[22m | Storing File: res://assets/Humble Gift - Paper UI System v1.1/Sprites/Content Appear Animation/Plain/1 Headers/3/26.png.import[39m[0m
[  48% ] [90m[1msavepack[22m | Storing File: res://.godot/imported/27.png-4938e8848d1b9f6909422eb3eab253e8.ctex[39m[0m
[  48% ] [90m[1msavepack[22m | Storing File: res://assets/Humble Gift - Paper UI System v1.1/Sprites/Content Appear Animation/Plain/1 Headers/3/27.png.import[39m[0m
[  48% ] [90m[1msavepack[22m | Storing File: res://.godot/imported/28.png-9aa140d96d27ff940b593a356d6da5ce.ctex[39m[0m
[  48% ] [90m[1msavepack[22m | Storing File: res://assets/Humble Gift - Paper UI System v1.1/Sprites/Content Appear Animation/Plain/1 Headers/3/28.png.import[39m[0m
[  48% ] [90m[1msavepack[22m | Storing File: res://.godot/imported/1.png-43382bcbf7f6af0094466525aaaea62a.ctex[39m[0m
[  48% ] [90m[1msavepack[22m | Storing File: res://assets/Humble Gift - Paper UI System v1.1/Sprites/Content Appear Animation/Plain/1 Headers/4/1.png.import[39m[0m
[  48% ] [90m[1msavepack[22m | Storing File: res://.godot/imported/2.png-d7b125ef1474254870af34872b7774ff.ctex[39m[0m
[  48% ] [90m[1msavepack[22m | Storing File: res://assets/Humble Gift - Paper UI System v1.1/Sprites/Content Appear Animation/Plain/1 Headers/4/2.png.import[39m[0m
[  48% ] [90m[1msavepack[22m | Storing File: res://.godot/imported/3.png-6a7f044362212c087b991ad63fdc0d15.ctex[39m[0m
[  48% ] [90m[1msavepack[22m | Storing File: res://assets/Humble Gift - Paper UI System v1.1/Sprites/Content Appear Animation/Plain/1 Headers/4/3.png.import[39m[0m
[  48% ] [90m[1msavepack[22m | Storing File: res://.godot/imported/4.png-5735168f226fd3186d086a1a35946d9a.ctex[39m[0m
[  48% ] [90m[1msavepack[22m | Storing File: res://assets/Humble Gift - Paper UI System v1.1/Sprites/Content Appear Animation/Plain/1 Headers/4/4.png.import[39m[0m
[  48% ] [90m[1msavepack[22m | Storing File: res://.godot/imported/5.png-d4d8d0a89d8e33b618100a53e2ca60ff.ctex[39m[0m
[  48% ] [90m[1msavepack[22m | Storing File: res://assets/Humble Gift - Paper UI System v1.1/Sprites/Content Appear Animation/Plain/1 Headers/4/5.png.import[39m[0m
[  49% ] [90m[1msavepack[22m | Storing File: res://.godot/imported/6.png-e7f6ae5c3c8639ce560fc980dd07007d.ctex[39m[0m
[  49% ] [90m[1msavepack[22m | Storing File: res://assets/Humble Gift - Paper UI System v1.1/Sprites/Content Appear Animation/Plain/1 Headers/4/6.png.import[39m[0m
[  49% ] [90m[1msavepack[22m | Storing File: res://.godot/imported/7.png-d5f37d859076080470ae472212f35316.ctex[39m[0m
[  49% ] [90m[1msavepack[22m | Storing File: res://assets/Humble Gift - Paper UI System v1.1/Sprites/Content Appear Animation/Plain/1 Headers/4/7.png.import[39m[0m
[  49% ] [90m[1msavepack[22m | Storing File: res://.godot/imported/8.png-82fc042028e68183112c805574690034.ctex[39m[0m
[  49% ] [90m[1msavepack[22m | Storing File: res://assets/Humble Gift - Paper UI System v1.1/Sprites/Content Appear Animation/Plain/1 Headers/4/8.png.import[39m[0m
[  49% ] [90m[1msavepack[22m | Storing File: res://.godot/imported/9.png-c5f846d2f0db44d08944997046834ed7.ctex[39m[0m
[  49% ] [90m[1msavepack[22m | Storing File: res://assets/Humble Gift - Paper UI System v1.1/Sprites/Content Appear Animation/Plain/1 Headers/4/9.png.import[39m[0m
[  49% ] [90m[1msavepack[22m | Storing File: res://.godot/imported/10.png-0831de95adf7ba9b197809fb025605b8.ctex[39m[0m
[  49% ] [90m[1msavepack[22m | Storing File: res://assets/Humble Gift - Paper UI System v1.1/Sprites/Content Appear Animation/Plain/1 Headers/4/10.png.import[39m[0m
[  49% ] [90m[1msavepack[22m | Storing File: res://.godot/imported/11.png-33f0028749acbdf3b3be0d4787ef0abe.ctex[39m[0m
[  49% ] [90m[1msavepack[22m | Storing File: res://assets/Humble Gift - Paper UI System v1.1/Sprites/Content Appear Animation/Plain/1 Headers/4/11.png.import[39m[0m
[  49% ] [90m[1msavepack[22m | Storing File: res://.godot/imported/12.png-68f9211f1d9b4e39c41c7b222cd48a33.ctex[39m[0m
[  49% ] [90m[1msavepack[22m | Storing File: res://assets/Humble Gift - Paper UI System v1.1/Sprites/Content Appear Animation/Plain/1 Headers/4/12.png.import[39m[0m
[  49% ] [90m[1msavepack[22m | Storing File: res://.godot/imported/13.png-aaf0f66a3c3d3ae6448fd176a0fc6cec.ctex[39m[0m
[  49% ] [90m[1msavepack[22m | Storing File: res://assets/Humble Gift - Paper UI System v1.1/Sprites/Content Appear Animation/Plain/1 Headers/4/13.png.import[39m[0m
[  49% ] [90m[1msavepack[22m | Storing File: res://.godot/imported/14.png-2380c89b03afefb706d21445ecab67a0.ctex[39m[0m
[  49% ] [90m[1msavepack[22m | Storing File: res://assets/Humble Gift - Paper UI System v1.1/Sprites/Content Appear Animation/Plain/1 Headers/4/14.png.import[39m[0m
[  49% ] [90m[1msavepack[22m | Storing File: res://.godot/imported/15.png-7ad2593d69d9869188f6a7a6dabf65f7.ctex[39m[0m
[  49% ] [90m[1msavepack[22m | Storing File: res://assets/Humble Gift - Paper UI System v1.1/Sprites/Content Appear Animation/Plain/1 Headers/4/15.png.import[39m[0m
[  49% ] [90m[1msavepack[22m | Storing File: res://.godot/imported/16.png-ef06a7178f2500cc00eac50f40fb7f41.ctex[39m[0m
[  49% ] [90m[1msavepack[22m | Storing File: res://assets/Humble Gift - Paper UI System v1.1/Sprites/Content Appear Animation/Plain/1 Headers/4/16.png.import[39m[0m
[  49% ] [90m[1msavepack[22m | Storing File: res://.godot/imported/17.png-51e82f2508fc12878ee28e231af783d7.ctex[39m[0m
[  49% ] [90m[1msavepack[22m | Storing File: res://assets/Humble Gift - Paper UI System v1.1/Sprites/Content Appear Animation/Plain/1 Headers/4/17.png.import[39m[0m
[  49% ] [90m[1msavepack[22m | Storing File: res://.godot/imported/18.png-bc87dd54cd43ea4c4906c4e1b803295d.ctex[39m[0m
[  49% ] [90m[1msavepack[22m | Storing File: res://assets/Humble Gift - Paper UI System v1.1/Sprites/Content Appear Animation/Plain/1 Headers/4/18.png.import[39m[0m
[  49% ] [90m[1msavepack[22m | Storing File: res://.godot/imported/19.png-b00dc1dbd8acab833abe71d20ffbde3c.ctex[39m[0m
[  49% ] [90m[1msavepack[22m | Storing File: res://assets/Humble Gift - Paper UI System v1.1/Sprites/Content Appear Animation/Plain/1 Headers/4/19.png.import[39m[0m
[  49% ] [90m[1msavepack[22m | Storing File: res://.godot/imported/20.png-12d1c18766e9133e829013d73ab4f9ab.ctex[39m[0m
[  49% ] [90m[1msavepack[22m | Storing File: res://assets/Humble Gift - Paper UI System v1.1/Sprites/Content Appear Animation/Plain/1 Headers/4/20.png.import[39m[0m
[  49% ] [90m[1msavepack[22m | Storing File: res://.godot/imported/21.png-dfdc478e2beceb3cff5ce7656d11a4cd.ctex[39m[0m
[  49% ] [90m[1msavepack[22m | Storing File: res://assets/Humble Gift - Paper UI System v1.1/Sprites/Content Appear Animation/Plain/1 Headers/4/21.png.import[39m[0m
[  49% ] [90m[1msavepack[22m | Storing File: res://.godot/imported/22.png-b4abf37e90efa5ec83f9044e56c7abac.ctex[39m[0m
[  49% ] [90m[1msavepack[22m | Storing File: res://assets/Humble Gift - Paper UI System v1.1/Sprites/Content Appear Animation/Plain/1 Headers/4/22.png.import[39m[0m
[  49% ] [90m[1msavepack[22m | Storing File: res://.godot/imported/23.png-a489e01f7e7e541171ed3969c0211c9d.ctex[39m[0m
[  49% ] [90m[1msavepack[22m | Storing File: res://assets/Humble Gift - Paper UI System v1.1/Sprites/Content Appear Animation/Plain/1 Headers/4/23.png.import[39m[0m
[  49% ] [90m[1msavepack[22m | Storing File: res://.godot/imported/24.png-a6cc524d141916d53e8cdd139980973c.ctex[39m[0m
[  49% ] [90m[1msavepack[22m | Storing File: res://assets/Humble Gift - Paper UI System v1.1/Sprites/Content Appear Animation/Plain/1 Headers/4/24.png.import[39m[0m
[  50% ] [90m[1msavepack[22m | Storing File: res://.godot/imported/25.png-e2ac8b664e4a1ff2695bfe4a5ef7c06a.ctex[39m[0m
[  50% ] [90m[1msavepack[22m | Storing File: res://assets/Humble Gift - Paper UI System v1.1/Sprites/Content Appear Animation/Plain/1 Headers/4/25.png.import[39m[0m
[  50% ] [90m[1msavepack[22m | Storing File: res://.godot/imported/26.png-5caf5f9b979c8eee5fcd8df39734891b.ctex[39m[0m
[  50% ] [90m[1msavepack[22m | Storing File: res://assets/Humble Gift - Paper UI System v1.1/Sprites/Content Appear Animation/Plain/1 Headers/4/26.png.import[39m[0m
[  50% ] [90m[1msavepack[22m | Storing File: res://.godot/imported/27.png-dcb486c4d13a25ed1d3628495aa1af89.ctex[39m[0m
[  50% ] [90m[1msavepack[22m | Storing File: res://assets/Humble Gift - Paper UI System v1.1/Sprites/Content Appear Animation/Plain/1 Headers/4/27.png.import[39m[0m
[  50% ] [90m[1msavepack[22m | Storing File: res://.godot/imported/28.png-3dbae93a088d20d6af09380006b9246c.ctex[39m[0m
[  50% ] [90m[1msavepack[22m | Storing File: res://assets/Humble Gift - Paper UI System v1.1/Sprites/Content Appear Animation/Plain/1 Headers/4/28.png.import[39m[0m
[  50% ] [90m[1msavepack[22m | Storing File: res://.godot/imported/1.png-c8af29f4e52e73c69d128c4a6f2615df.ctex[39m[0m
[  50% ] [90m[1msavepack[22m | Storing File: res://assets/Humble Gift - Paper UI System v1.1/Sprites/Content Appear Animation/Plain/2 item Holder/1.png.import[39m[0m
[  50% ] [90m[1msavepack[22m | Storing File: res://.godot/imported/2.png-eac2649cb10d0d5c714cdc825cccf975.ctex[39m[0m
[  50% ] [90m[1msavepack[22m | Storing File: res://assets/Humble Gift - Paper UI System v1.1/Sprites/Content Appear Animation/Plain/2 item Holder/2.png.import[39m[0m
[  50% ] [90m[1msavepack[22m | Storing File: res://.godot/imported/3.png-54905f156e7410a53d08f713fd1d9aaf.ctex[39m[0m
[  50% ] [90m[1msavepack[22m | Storing File: res://assets/Humble Gift - Paper UI System v1.1/Sprites/Content Appear Animation/Plain/2 item Holder/3.png.import[39m[0m
[  50% ] [90m[1msavepack[22m | Storing File: res://.godot/imported/4.png-fcf3e7b4cc2bbb66e9095a594c3cd7c7.ctex[39m[0m
[  50% ] [90m[1msavepack[22m | Storing File: res://assets/Humble Gift - Paper UI System v1.1/Sprites/Content Appear Animation/Plain/2 item Holder/4.png.import[39m[0m
[  50% ] [90m[1msavepack[22m | Storing File: res://.godot/imported/5.png-adb08d5b35f67dcf67fb47fbec83a0a9.ctex[39m[0m
[  50% ] [90m[1msavepack[22m | Storing File: res://assets/Humble Gift - Paper UI System v1.1/Sprites/Content Appear Animation/Plain/2 item Holder/5.png.import[39m[0m
[  50% ] [90m[1msavepack[22m | Storing File: res://.godot/imported/6.png-edc3e3acfe072a35aff41ca5523a2773.ctex[39m[0m
[  50% ] [90m[1msavepack[22m | Storing File: res://assets/Humble Gift - Paper UI System v1.1/Sprites/Content Appear Animation/Plain/2 item Holder/6.png.import[39m[0m
[  50% ] [90m[1msavepack[22m | Storing File: res://.godot/imported/7.png-beb686bf27c2e5b6d421bdaabba90493.ctex[39m[0m
[  50% ] [90m[1msavepack[22m | Storing File: res://assets/Humble Gift - Paper UI System v1.1/Sprites/Content Appear Animation/Plain/2 item Holder/7.png.import[39m[0m
[  50% ] [90m[1msavepack[22m | Storing File: res://.godot/imported/8.png-92a3e767eb4a0522217fe8f7e9ef2abe.ctex[39m[0m
[  50% ] [90m[1msavepack[22m | Storing File: res://assets/Humble Gift - Paper UI System v1.1/Sprites/Content Appear Animation/Plain/2 item Holder/8.png.import[39m[0m
[  50% ] [90m[1msavepack[22m | Storing File: res://.godot/imported/9.png-4da82d43df362edee59aa5372fb50530.ctex[39m[0m
[  50% ] [90m[1msavepack[22m | Storing File: res://assets/Humble Gift - Paper UI System v1.1/Sprites/Content Appear Animation/Plain/2 item Holder/9.png.import[39m[0m
[  50% ] [90m[1msavepack[22m | Storing File: res://.godot/imported/10.png-215a6325905c5cf0183c9a16169c9fd3.ctex[39m[0m
[  50% ] [90m[1msavepack[22m | Storing File: res://assets/Humble Gift - Paper UI System v1.1/Sprites/Content Appear Animation/Plain/2 item Holder/10.png.import[39m[0m
[  50% ] [90m[1msavepack[22m | Storing File: res://.godot/imported/11.png-c2a0fc8510333222634b810171c8edac.ctex[39m[0m
[  50% ] [90m[1msavepack[22m | Storing File: res://assets/Humble Gift - Paper UI System v1.1/Sprites/Content Appear Animation/Plain/2 item Holder/11.png.import[39m[0m
[  50% ] [90m[1msavepack[22m | Storing File: res://.godot/imported/12.png-2c72a8ad76993751808167810ccdae68.ctex[39m[0m
[  50% ] [90m[1msavepack[22m | Storing File: res://assets/Humble Gift - Paper UI System v1.1/Sprites/Content Appear Animation/Plain/2 item Holder/12.png.import[39m[0m
[  50% ] [90m[1msavepack[22m | Storing File: res://.godot/imported/13.png-73e1a75635e35caf6287d848e2daed56.ctex[39m[0m
[  50% ] [90m[1msavepack[22m | Storing File: res://assets/Humble Gift - Paper UI System v1.1/Sprites/Content Appear Animation/Plain/2 item Holder/13.png.import[39m[0m
[  50% ] [90m[1msavepack[22m | Storing File: res://.godot/imported/14.png-735e482f3c6990e5f7e054322bf90634.ctex[39m[0m
[  50% ] [90m[1msavepack[22m | Storing File: res://assets/Humble Gift - Paper UI System v1.1/Sprites/Content Appear Animation/Plain/2 item Holder/14.png.import[39m[0m
[  50% ] [90m[1msavepack[22m | Storing File: res://.godot/imported/15.png-403c7c7e40816b3a4d7c49c376ce8e38.ctex[39m[0m
[  50% ] [90m[1msavepack[22m | Storing File: res://assets/Humble Gift - Paper UI System v1.1/Sprites/Content Appear Animation/Plain/2 item Holder/15.png.import[39m[0m
[  50% ] [90m[1msavepack[22m | Storing File: res://.godot/imported/16.png-7014aec262d4c563209fdf61e35fa08b.ctex[39m[0m
[  50% ] [90m[1msavepack[22m | Storing File: res://assets/Humble Gift - Paper UI System v1.1/Sprites/Content Appear Animation/Plain/2 item Holder/16.png.import[39m[0m
[  51% ] [90m[1msavepack[22m | Storing File: res://.godot/imported/17.png-12000d57e5b421e92644648d3061d23e.ctex[39m[0m
[  51% ] [90m[1msavepack[22m | Storing File: res://assets/Humble Gift - Paper UI System v1.1/Sprites/Content Appear Animation/Plain/2 item Holder/17.png.import[39m[0m
[  51% ] [90m[1msavepack[22m | Storing File: res://.godot/imported/18.png-9d62c03b528c23d841b7e1da5f561227.ctex[39m[0m
[  51% ] [90m[1msavepack[22m | Storing File: res://assets/Humble Gift - Paper UI System v1.1/Sprites/Content Appear Animation/Plain/2 item Holder/18.png.import[39m[0m
[  51% ] [90m[1msavepack[22m | Storing File: res://.godot/imported/19.png-9b70116abc97f9d0fb8284a5d0036997.ctex[39m[0m
[  51% ] [90m[1msavepack[22m | Storing File: res://assets/Humble Gift - Paper UI System v1.1/Sprites/Content Appear Animation/Plain/2 item Holder/19.png.import[39m[0m
[  51% ] [90m[1msavepack[22m | Storing File: res://.godot/imported/20.png-c3f8453fb3f8b06d13b0c1eb79005ba5.ctex[39m[0m
[  51% ] [90m[1msavepack[22m | Storing File: res://assets/Humble Gift - Paper UI System v1.1/Sprites/Content Appear Animation/Plain/2 item Holder/20.png.import[39m[0m
[  51% ] [90m[1msavepack[22m | Storing File: res://.godot/imported/21.png-161a0e551983e8ebcf3c4d140c852c7b.ctex[39m[0m
[  51% ] [90m[1msavepack[22m | Storing File: res://assets/Humble Gift - Paper UI System v1.1/Sprites/Content Appear Animation/Plain/2 item Holder/21.png.import[39m[0m
[  51% ] [90m[1msavepack[22m | Storing File: res://.godot/imported/22.png-e331191548c9522c7fe7db2d7429e47b.ctex[39m[0m
[  51% ] [90m[1msavepack[22m | Storing File: res://assets/Humble Gift - Paper UI System v1.1/Sprites/Content Appear Animation/Plain/2 item Holder/22.png.import[39m[0m
[  51% ] [90m[1msavepack[22m | Storing File: res://.godot/imported/23.png-96426801d8c129ebffbc06068e602d44.ctex[39m[0m
[  51% ] [90m[1msavepack[22m | Storing File: res://assets/Humble Gift - Paper UI System v1.1/Sprites/Content Appear Animation/Plain/2 item Holder/23.png.import[39m[0m
[  51% ] [90m[1msavepack[22m | Storing File: res://.godot/imported/24.png-cf932e8d2b2bde1c74e956754f92fcbb.ctex[39m[0m
[  51% ] [90m[1msavepack[22m | Storing File: res://assets/Humble Gift - Paper UI System v1.1/Sprites/Content Appear Animation/Plain/2 item Holder/24.png.import[39m[0m
[  51% ] [90m[1msavepack[22m | Storing File: res://.godot/imported/25.png-d669cd0f6c119cd2bba56d519f4edf40.ctex[39m[0m
[  51% ] [90m[1msavepack[22m | Storing File: res://assets/Humble Gift - Paper UI System v1.1/Sprites/Content Appear Animation/Plain/2 item Holder/25.png.import[39m[0m
[  51% ] [90m[1msavepack[22m | Storing File: res://.godot/imported/26.png-800937bee70eea4d291fa9b8a091b61b.ctex[39m[0m
[  51% ] [90m[1msavepack[22m | Storing File: res://assets/Humble Gift - Paper UI System v1.1/Sprites/Content Appear Animation/Plain/2 item Holder/26.png.import[39m[0m
[  51% ] [90m[1msavepack[22m | Storing File: res://.godot/imported/27.png-86d2451ff3db89713e66e3027a5a74b1.ctex[39m[0m
[  51% ] [90m[1msavepack[22m | Storing File: res://assets/Humble Gift - Paper UI System v1.1/Sprites/Content Appear Animation/Plain/2 item Holder/27.png.import[39m[0m
[  51% ] [90m[1msavepack[22m | Storing File: res://.godot/imported/28.png-e9592f736fcd088f85ff63500603b6ea.ctex[39m[0m
[  51% ] [90m[1msavepack[22m | Storing File: res://assets/Humble Gift - Paper UI System v1.1/Sprites/Content Appear Animation/Plain/2 item Holder/28.png.import[39m[0m
[  51% ] [90m[1msavepack[22m | Storing File: res://.godot/imported/29.png-ee0530e8f1d326f157a43ee929ca6a8e.ctex[39m[0m
[  51% ] [90m[1msavepack[22m | Storing File: res://assets/Humble Gift - Paper UI System v1.1/Sprites/Content Appear Animation/Plain/2 item Holder/29.png.import[39m[0m
[  51% ] [90m[1msavepack[22m | Storing File: res://.godot/imported/30.png-fe04ff15b8d337d3e7d20458cfeb622e.ctex[39m[0m
[  51% ] [90m[1msavepack[22m | Storing File: res://assets/Humble Gift - Paper UI System v1.1/Sprites/Content Appear Animation/Plain/2 item Holder/30.png.import[39m[0m
[  51% ] [90m[1msavepack[22m | Storing File: res://.godot/imported/31.png-48c34b5c92cd168a9e5d54cb5cc98676.ctex[39m[0m
[  51% ] [90m[1msavepack[22m | Storing File: res://assets/Humble Gift - Paper UI System v1.1/Sprites/Content Appear Animation/Plain/2 item Holder/31.png.import[39m[0m
[  51% ] [90m[1msavepack[22m | Storing File: res://.godot/imported/32.png-f38c1229fa6508401b9c752bf13960dc.ctex[39m[0m
[  51% ] [90m[1msavepack[22m | Storing File: res://assets/Humble Gift - Paper UI System v1.1/Sprites/Content Appear Animation/Plain/2 item Holder/32.png.import[39m[0m
[  51% ] [90m[1msavepack[22m | Storing File: res://.godot/imported/33.png-848af7e38ab14cb315e7769e8581ee48.ctex[39m[0m
[  51% ] [90m[1msavepack[22m | Storing File: res://assets/Humble Gift - Paper UI System v1.1/Sprites/Content Appear Animation/Plain/2 item Holder/33.png.import[39m[0m
[  51% ] [90m[1msavepack[22m | Storing File: res://.godot/imported/34.png-a451dbacb411e07400ca76a99c6fd455.ctex[39m[0m
[  51% ] [90m[1msavepack[22m | Storing File: res://assets/Humble Gift - Paper UI System v1.1/Sprites/Content Appear Animation/Plain/2 item Holder/34.png.import[39m[0m
[  51% ] [90m[1msavepack[22m | Storing File: res://.godot/imported/35.png-4247b38f81e2b176f888eccf14a3bd34.ctex[39m[0m
[  51% ] [90m[1msavepack[22m | Storing File: res://assets/Humble Gift - Paper UI System v1.1/Sprites/Content Appear Animation/Plain/2 item Holder/35.png.import[39m[0m
[  52% ] [90m[1msavepack[22m | Storing File: res://.godot/imported/36.png-67314cacacf342cedcb486b34c783303.ctex[39m[0m
[  52% ] [90m[1msavepack[22m | Storing File: res://assets/Humble Gift - Paper UI System v1.1/Sprites/Content Appear Animation/Plain/2 item Holder/36.png.import[39m[0m
[  52% ] [90m[1msavepack[22m | Storing File: res://.godot/imported/37.png-d1c7296e268d97d6e87a37b18ef93dd1.ctex[39m[0m
[  52% ] [90m[1msavepack[22m | Storing File: res://assets/Humble Gift - Paper UI System v1.1/Sprites/Content Appear Animation/Plain/2 item Holder/37.png.import[39m[0m
[  52% ] [90m[1msavepack[22m | Storing File: res://.godot/imported/38.png-a4cf18abbd3087d24b5c891a3f9f2faf.ctex[39m[0m
[  52% ] [90m[1msavepack[22m | Storing File: res://assets/Humble Gift - Paper UI System v1.1/Sprites/Content Appear Animation/Plain/2 item Holder/38.png.import[39m[0m
[  52% ] [90m[1msavepack[22m | Storing File: res://.godot/imported/39.png-c34de0556081984f1871654b74addc48.ctex[39m[0m
[  52% ] [90m[1msavepack[22m | Storing File: res://assets/Humble Gift - Paper UI System v1.1/Sprites/Content Appear Animation/Plain/2 item Holder/39.png.import[39m[0m
[  52% ] [90m[1msavepack[22m | Storing File: res://.godot/imported/40.png-ab55f5e871428d1e20fea1cbbad5dd26.ctex[39m[0m
[  52% ] [90m[1msavepack[22m | Storing File: res://assets/Humble Gift - Paper UI System v1.1/Sprites/Content Appear Animation/Plain/2 item Holder/40.png.import[39m[0m
[  52% ] [90m[1msavepack[22m | Storing File: res://.godot/imported/1.png-28bdf1ba9c2146244933c2709c2048e4.ctex[39m[0m
[  52% ] [90m[1msavepack[22m | Storing File: res://assets/Humble Gift - Paper UI System v1.1/Sprites/Content Appear Animation/Plain/3 Rewards/1/1.png.import[39m[0m
[  52% ] [90m[1msavepack[22m | Storing File: res://.godot/imported/2.png-479e5c8069576aa036f325ba0ce8250d.ctex[39m[0m
[  52% ] [90m[1msavepack[22m | Storing File: res://assets/Humble Gift - Paper UI System v1.1/Sprites/Content Appear Animation/Plain/3 Rewards/1/2.png.import[39m[0m
[  52% ] [90m[1msavepack[22m | Storing File: res://.godot/imported/3.png-83d04517cde4206670e406a2122a5279.ctex[39m[0m
[  52% ] [90m[1msavepack[22m | Storing File: res://assets/Humble Gift - Paper UI System v1.1/Sprites/Content Appear Animation/Plain/3 Rewards/1/3.png.import[39m[0m
[  52% ] [90m[1msavepack[22m | Storing File: res://.godot/imported/4.png-6933618d52e17ab2fd15fc9057f49d26.ctex[39m[0m
[  52% ] [90m[1msavepack[22m | Storing File: res://assets/Humble Gift - Paper UI System v1.1/Sprites/Content Appear Animation/Plain/3 Rewards/1/4.png.import[39m[0m
[  52% ] [90m[1msavepack[22m | Storing File: res://.godot/imported/5.png-6dfea5c000c5bf2c31d80c22b97f4557.ctex[39m[0m
[  52% ] [90m[1msavepack[22m | Storing File: res://assets/Humble Gift - Paper UI System v1.1/Sprites/Content Appear Animation/Plain/3 Rewards/1/5.png.import[39m[0m
[  52% ] [90m[1msavepack[22m | Storing File: res://.godot/imported/6.png-83804a13d014f6a5c9e4a44a15691d5c.ctex[39m[0m
[  52% ] [90m[1msavepack[22m | Storing File: res://assets/Humble Gift - Paper UI System v1.1/Sprites/Content Appear Animation/Plain/3 Rewards/1/6.png.import[39m[0m
[  52% ] [90m[1msavepack[22m | Storing File: res://.godot/imported/7.png-1bcda97bf167228a363ee6cd86ec91bd.ctex[39m[0m
[  52% ] [90m[1msavepack[22m | Storing File: res://assets/Humble Gift - Paper UI System v1.1/Sprites/Content Appear Animation/Plain/3 Rewards/1/7.png.import[39m[0m
[  52% ] [90m[1msavepack[22m | Storing File: res://.godot/imported/8.png-f4af3941365f4558d762c56ad5ef6434.ctex[39m[0m
[  52% ] [90m[1msavepack[22m | Storing File: res://assets/Humble Gift - Paper UI System v1.1/Sprites/Content Appear Animation/Plain/3 Rewards/1/8.png.import[39m[0m
[  52% ] [90m[1msavepack[22m | Storing File: res://.godot/imported/9.png-629534dee885a87cd823bc5598a97f18.ctex[39m[0m
[  52% ] [90m[1msavepack[22m | Storing File: res://assets/Humble Gift - Paper UI System v1.1/Sprites/Content Appear Animation/Plain/3 Rewards/1/9.png.import[39m[0m
[  52% ] [90m[1msavepack[22m | Storing File: res://.godot/imported/10.png-332ae01d035a17925ef9097977902c9f.ctex[39m[0m
[  52% ] [90m[1msavepack[22m | Storing File: res://assets/Humble Gift - Paper UI System v1.1/Sprites/Content Appear Animation/Plain/3 Rewards/1/10.png.import[39m[0m
[  52% ] [90m[1msavepack[22m | Storing File: res://.godot/imported/11.png-d4401e5068a990d63646d2f9dc77db78.ctex[39m[0m
[  52% ] [90m[1msavepack[22m | Storing File: res://assets/Humble Gift - Paper UI System v1.1/Sprites/Content Appear Animation/Plain/3 Rewards/1/11.png.import[39m[0m
[  52% ] [90m[1msavepack[22m | Storing File: res://.godot/imported/12.png-02357d19b4a0794632de1315c1111e75.ctex[39m[0m
[  52% ] [90m[1msavepack[22m | Storing File: res://assets/Humble Gift - Paper UI System v1.1/Sprites/Content Appear Animation/Plain/3 Rewards/1/12.png.import[39m[0m
[  52% ] [90m[1msavepack[22m | Storing File: res://.godot/imported/13.png-c832656b158f8adb05d8bde35b48384f.ctex[39m[0m
[  52% ] [90m[1msavepack[22m | Storing File: res://assets/Humble Gift - Paper UI System v1.1/Sprites/Content Appear Animation/Plain/3 Rewards/1/13.png.import[39m[0m
[  52% ] [90m[1msavepack[22m | Storing File: res://.godot/imported/14.png-3adbe93934183d2dfd0cc43cc320d440.ctex[39m[0m
[  52% ] [90m[1msavepack[22m | Storing File: res://assets/Humble Gift - Paper UI System v1.1/Sprites/Content Appear Animation/Plain/3 Rewards/1/14.png.import[39m[0m
[  53% ] [90m[1msavepack[22m | Storing File: res://.godot/imported/15.png-133afe55895ddb46e96f0b2c9360ae36.ctex[39m[0m
[  53% ] [90m[1msavepack[22m | Storing File: res://assets/Humble Gift - Paper UI System v1.1/Sprites/Content Appear Animation/Plain/3 Rewards/1/15.png.import[39m[0m
[  53% ] [90m[1msavepack[22m | Storing File: res://.godot/imported/16.png-f76a847051c78cbfc31014d7decf2253.ctex[39m[0m
[  53% ] [90m[1msavepack[22m | Storing File: res://assets/Humble Gift - Paper UI System v1.1/Sprites/Content Appear Animation/Plain/3 Rewards/1/16.png.import[39m[0m
[  53% ] [90m[1msavepack[22m | Storing File: res://.godot/imported/17.png-0a66b7a8bf2e4fb40ea18a5dc4658e56.ctex[39m[0m
[  53% ] [90m[1msavepack[22m | Storing File: res://assets/Humble Gift - Paper UI System v1.1/Sprites/Content Appear Animation/Plain/3 Rewards/1/17.png.import[39m[0m
[  53% ] [90m[1msavepack[22m | Storing File: res://.godot/imported/18.png-324e7af32067c52fd53771885836c9f7.ctex[39m[0m
[  53% ] [90m[1msavepack[22m | Storing File: res://assets/Humble Gift - Paper UI System v1.1/Sprites/Content Appear Animation/Plain/3 Rewards/1/18.png.import[39m[0m
[  53% ] [90m[1msavepack[22m | Storing File: res://.godot/imported/19.png-bd50f0f55f4de500023471ae0849800d.ctex[39m[0m
[  53% ] [90m[1msavepack[22m | Storing File: res://assets/Humble Gift - Paper UI System v1.1/Sprites/Content Appear Animation/Plain/3 Rewards/1/19.png.import[39m[0m
[  53% ] [90m[1msavepack[22m | Storing File: res://.godot/imported/20.png-0e6ddc047aecb77420ae5407a14dad3a.ctex[39m[0m
[  53% ] [90m[1msavepack[22m | Storing File: res://assets/Humble Gift - Paper UI System v1.1/Sprites/Content Appear Animation/Plain/3 Rewards/1/20.png.import[39m[0m
[  53% ] [90m[1msavepack[22m | Storing File: res://.godot/imported/21.png-d95309dbdaa3aaa9eaf784b74aa2a558.ctex[39m[0m
[  53% ] [90m[1msavepack[22m | Storing File: res://assets/Humble Gift - Paper UI System v1.1/Sprites/Content Appear Animation/Plain/3 Rewards/1/21.png.import[39m[0m
[  53% ] [90m[1msavepack[22m | Storing File: res://.godot/imported/22.png-00d2f7e7cff1b798d134eb39ae99ee3b.ctex[39m[0m
[  53% ] [90m[1msavepack[22m | Storing File: res://assets/Humble Gift - Paper UI System v1.1/Sprites/Content Appear Animation/Plain/3 Rewards/1/22.png.import[39m[0m
[  53% ] [90m[1msavepack[22m | Storing File: res://.godot/imported/23.png-500c069abfd6d5b5167bb303bf8a4c62.ctex[39m[0m
[  53% ] [90m[1msavepack[22m | Storing File: res://assets/Humble Gift - Paper UI System v1.1/Sprites/Content Appear Animation/Plain/3 Rewards/1/23.png.import[39m[0m
[  53% ] [90m[1msavepack[22m | Storing File: res://.godot/imported/24.png-f247879437ca49c74986096a130ac29f.ctex[39m[0m
[  53% ] [90m[1msavepack[22m | Storing File: res://assets/Humble Gift - Paper UI System v1.1/Sprites/Content Appear Animation/Plain/3 Rewards/1/24.png.import[39m[0m
[  53% ] [90m[1msavepack[22m | Storing File: res://.godot/imported/25.png-b310504a8b6d6e828a23e66e71f302d6.ctex[39m[0m
[  53% ] [90m[1msavepack[22m | Storing File: res://assets/Humble Gift - Paper UI System v1.1/Sprites/Content Appear Animation/Plain/3 Rewards/1/25.png.import[39m[0m
[  53% ] [90m[1msavepack[22m | Storing File: res://.godot/imported/26.png-8021b47a691fbf561f04ad88d59f8d51.ctex[39m[0m
[  53% ] [90m[1msavepack[22m | Storing File: res://assets/Humble Gift - Paper UI System v1.1/Sprites/Content Appear Animation/Plain/3 Rewards/1/26.png.import[39m[0m
[  53% ] [90m[1msavepack[22m | Storing File: res://.godot/imported/27.png-b5ad28f635c56d411907ce06674a359f.ctex[39m[0m
[  53% ] [90m[1msavepack[22m | Storing File: res://assets/Humble Gift - Paper UI System v1.1/Sprites/Content Appear Animation/Plain/3 Rewards/1/27.png.import[39m[0m
[  53% ] [90m[1msavepack[22m | Storing File: res://.godot/imported/28.png-5bccaf1e2cbbf851bb9a07de419f7685.ctex[39m[0m
[  53% ] [90m[1msavepack[22m | Storing File: res://assets/Humble Gift - Paper UI System v1.1/Sprites/Content Appear Animation/Plain/3 Rewards/1/28.png.import[39m[0m
[  53% ] [90m[1msavepack[22m | Storing File: res://.godot/imported/29.png-c404328bd24ab8c0545ecf00bb52aa80.ctex[39m[0m
[  53% ] [90m[1msavepack[22m | Storing File: res://assets/Humble Gift - Paper UI System v1.1/Sprites/Content Appear Animation/Plain/3 Rewards/1/29.png.import[39m[0m
[  53% ] [90m[1msavepack[22m | Storing File: res://.godot/imported/30.png-23116e57beb2371c461ff4e48ae93333.ctex[39m[0m
[  53% ] [90m[1msavepack[22m | Storing File: res://assets/Humble Gift - Paper UI System v1.1/Sprites/Content Appear Animation/Plain/3 Rewards/1/30.png.import[39m[0m
[  53% ] [90m[1msavepack[22m | Storing File: res://.godot/imported/31.png-6022e5726899cc1ec034216808ce62ac.ctex[39m[0m
[  53% ] [90m[1msavepack[22m | Storing File: res://assets/Humble Gift - Paper UI System v1.1/Sprites/Content Appear Animation/Plain/3 Rewards/1/31.png.import[39m[0m
[  53% ] [90m[1msavepack[22m | Storing File: res://.godot/imported/32.png-8b4ad505c3442404ce0d195eb63df77c.ctex[39m[0m
[  53% ] [90m[1msavepack[22m | Storing File: res://assets/Humble Gift - Paper UI System v1.1/Sprites/Content Appear Animation/Plain/3 Rewards/1/32.png.import[39m[0m
[  53% ] [90m[1msavepack[22m | Storing File: res://.godot/imported/1.png-5e51a5216b352ea9b9a7074406ae8872.ctex[39m[0m
[  53% ] [90m[1msavepack[22m | Storing File: res://assets/Humble Gift - Paper UI System v1.1/Sprites/Content Appear Animation/Plain/3 Rewards/2/1.png.import[39m[0m
[  53% ] [90m[1msavepack[22m | Storing File: res://.godot/imported/2.png-3455c36a8b01f62f0d88ebeae6d8cbd3.ctex[39m[0m
[  53% ] [90m[1msavepack[22m | Storing File: res://assets/Humble Gift - Paper UI System v1.1/Sprites/Content Appear Animation/Plain/3 Rewards/2/2.png.import[39m[0m
[  54% ] [90m[1msavepack[22m | Storing File: res://.godot/imported/3.png-306c4264714e7cad97b0a2acc369eea3.ctex[39m[0m
[  54% ] [90m[1msavepack[22m | Storing File: res://assets/Humble Gift - Paper UI System v1.1/Sprites/Content Appear Animation/Plain/3 Rewards/2/3.png.import[39m[0m
[  54% ] [90m[1msavepack[22m | Storing File: res://.godot/imported/4.png-42f9199213e7c3f46cb41f185f6b536d.ctex[39m[0m
[  54% ] [90m[1msavepack[22m | Storing File: res://assets/Humble Gift - Paper UI System v1.1/Sprites/Content Appear Animation/Plain/3 Rewards/2/4.png.import[39m[0m
[  54% ] [90m[1msavepack[22m | Storing File: res://.godot/imported/5.png-5c53b1526a72ea947358bba9994b6120.ctex[39m[0m
[  54% ] [90m[1msavepack[22m | Storing File: res://assets/Humble Gift - Paper UI System v1.1/Sprites/Content Appear Animation/Plain/3 Rewards/2/5.png.import[39m[0m
[  54% ] [90m[1msavepack[22m | Storing File: res://.godot/imported/6.png-2bf9f6f51cd300c8775f74495c32e4c6.ctex[39m[0m
[  54% ] [90m[1msavepack[22m | Storing File: res://assets/Humble Gift - Paper UI System v1.1/Sprites/Content Appear Animation/Plain/3 Rewards/2/6.png.import[39m[0m
[  54% ] [90m[1msavepack[22m | Storing File: res://.godot/imported/7.png-cc19422b625d3127c785c1eb038d1143.ctex[39m[0m
[  54% ] [90m[1msavepack[22m | Storing File: res://assets/Humble Gift - Paper UI System v1.1/Sprites/Content Appear Animation/Plain/3 Rewards/2/7.png.import[39m[0m
[  54% ] [90m[1msavepack[22m | Storing File: res://.godot/imported/8.png-3fa0a8bbcf49be91b62ed01e9c8229ba.ctex[39m[0m
[  54% ] [90m[1msavepack[22m | Storing File: res://assets/Humble Gift - Paper UI System v1.1/Sprites/Content Appear Animation/Plain/3 Rewards/2/8.png.import[39m[0m
[  54% ] [90m[1msavepack[22m | Storing File: res://.godot/imported/9.png-573d8d486591ba6cee8e6eb6a6d1bbc2.ctex[39m[0m
[  54% ] [90m[1msavepack[22m | Storing File: res://assets/Humble Gift - Paper UI System v1.1/Sprites/Content Appear Animation/Plain/3 Rewards/2/9.png.import[39m[0m
[  54% ] [90m[1msavepack[22m | Storing File: res://.godot/imported/10.png-06d3928c2e0b3487ffedcb6e0df5a16c.ctex[39m[0m
[  54% ] [90m[1msavepack[22m | Storing File: res://assets/Humble Gift - Paper UI System v1.1/Sprites/Content Appear Animation/Plain/3 Rewards/2/10.png.import[39m[0m
[  54% ] [90m[1msavepack[22m | Storing File: res://.godot/imported/11.png-d46a22ceda212742da43ff0d74ac0578.ctex[39m[0m
[  54% ] [90m[1msavepack[22m | Storing File: res://assets/Humble Gift - Paper UI System v1.1/Sprites/Content Appear Animation/Plain/3 Rewards/2/11.png.import[39m[0m
[  54% ] [90m[1msavepack[22m | Storing File: res://.godot/imported/12.png-796621c9717b60f1cdce98ca3d9f9e0c.ctex[39m[0m
[  54% ] [90m[1msavepack[22m | Storing File: res://assets/Humble Gift - Paper UI System v1.1/Sprites/Content Appear Animation/Plain/3 Rewards/2/12.png.import[39m[0m
[  54% ] [90m[1msavepack[22m | Storing File: res://.godot/imported/13.png-46af6f9d8a3ae450c32c2ef344ac56cd.ctex[39m[0m
[  54% ] [90m[1msavepack[22m | Storing File: res://assets/Humble Gift - Paper UI System v1.1/Sprites/Content Appear Animation/Plain/3 Rewards/2/13.png.import[39m[0m
[  54% ] [90m[1msavepack[22m | Storing File: res://.godot/imported/14.png-a58642fe2eb72010b09e7079ec885b85.ctex[39m[0m
[  54% ] [90m[1msavepack[22m | Storing File: res://assets/Humble Gift - Paper UI System v1.1/Sprites/Content Appear Animation/Plain/3 Rewards/2/14.png.import[39m[0m
[  54% ] [90m[1msavepack[22m | Storing File: res://.godot/imported/15.png-215cd0fc7344d949904164615a785be3.ctex[39m[0m
[  54% ] [90m[1msavepack[22m | Storing File: res://assets/Humble Gift - Paper UI System v1.1/Sprites/Content Appear Animation/Plain/3 Rewards/2/15.png.import[39m[0m
[  54% ] [90m[1msavepack[22m | Storing File: res://.godot/imported/16.png-58f7b04cd7adfa6aca356d937c3bca45.ctex[39m[0m
[  54% ] [90m[1msavepack[22m | Storing File: res://assets/Humble Gift - Paper UI System v1.1/Sprites/Content Appear Animation/Plain/3 Rewards/2/16.png.import[39m[0m
[  54% ] [90m[1msavepack[22m | Storing File: res://.godot/imported/17.png-f0a52006162a1e2c24e8d7d8e68074c6.ctex[39m[0m
[  54% ] [90m[1msavepack[22m | Storing File: res://assets/Humble Gift - Paper UI System v1.1/Sprites/Content Appear Animation/Plain/3 Rewards/2/17.png.import[39m[0m
[  54% ] [90m[1msavepack[22m | Storing File: res://.godot/imported/18.png-9068683368acc604e3b52d218b25c1df.ctex[39m[0m
[  54% ] [90m[1msavepack[22m | Storing File: res://assets/Humble Gift - Paper UI System v1.1/Sprites/Content Appear Animation/Plain/3 Rewards/2/18.png.import[39m[0m
[  54% ] [90m[1msavepack[22m | Storing File: res://.godot/imported/19.png-78b21d34c9694a20660296f1e14fab6c.ctex[39m[0m
[  54% ] [90m[1msavepack[22m | Storing File: res://assets/Humble Gift - Paper UI System v1.1/Sprites/Content Appear Animation/Plain/3 Rewards/2/19.png.import[39m[0m
[  54% ] [90m[1msavepack[22m | Storing File: res://.godot/imported/20.png-ed7be7da6ee3813a0c1d7779bf8ddb94.ctex[39m[0m
[  54% ] [90m[1msavepack[22m | Storing File: res://assets/Humble Gift - Paper UI System v1.1/Sprites/Content Appear Animation/Plain/3 Rewards/2/20.png.import[39m[0m
[  54% ] [90m[1msavepack[22m | Storing File: res://.godot/imported/21.png-808d8be50478d54d3a9abf953c648e8d.ctex[39m[0m
[  54% ] [90m[1msavepack[22m | Storing File: res://assets/Humble Gift - Paper UI System v1.1/Sprites/Content Appear Animation/Plain/3 Rewards/2/21.png.import[39m[0m
[  55% ] [90m[1msavepack[22m | Storing File: res://.godot/imported/22.png-bbb0142f7cae222ac821596dec76a243.ctex[39m[0m
[  55% ] [90m[1msavepack[22m | Storing File: res://assets/Humble Gift - Paper UI System v1.1/Sprites/Content Appear Animation/Plain/3 Rewards/2/22.png.import[39m[0m
[  55% ] [90m[1msavepack[22m | Storing File: res://.godot/imported/23.png-489846133deea2ada0582725b7fd1764.ctex[39m[0m
[  55% ] [90m[1msavepack[22m | Storing File: res://assets/Humble Gift - Paper UI System v1.1/Sprites/Content Appear Animation/Plain/3 Rewards/2/23.png.import[39m[0m
[  55% ] [90m[1msavepack[22m | Storing File: res://.godot/imported/24.png-140c0f9aab2fb57bebc2ad91db1bcdbe.ctex[39m[0m
[  55% ] [90m[1msavepack[22m | Storing File: res://assets/Humble Gift - Paper UI System v1.1/Sprites/Content Appear Animation/Plain/3 Rewards/2/24.png.import[39m[0m
[  55% ] [90m[1msavepack[22m | Storing File: res://.godot/imported/25.png-f66c4b0afc8df48b75202b1b18a52c5a.ctex[39m[0m
[  55% ] [90m[1msavepack[22m | Storing File: res://assets/Humble Gift - Paper UI System v1.1/Sprites/Content Appear Animation/Plain/3 Rewards/2/25.png.import[39m[0m
[  55% ] [90m[1msavepack[22m | Storing File: res://.godot/imported/26.png-189f96b6dbc9e6720c1826adffe7b83b.ctex[39m[0m
[  55% ] [90m[1msavepack[22m | Storing File: res://assets/Humble Gift - Paper UI System v1.1/Sprites/Content Appear Animation/Plain/3 Rewards/2/26.png.import[39m[0m
[  55% ] [90m[1msavepack[22m | Storing File: res://.godot/imported/27.png-86f9258472942d5a439df350f3658809.ctex[39m[0m
[  55% ] [90m[1msavepack[22m | Storing File: res://assets/Humble Gift - Paper UI System v1.1/Sprites/Content Appear Animation/Plain/3 Rewards/2/27.png.import[39m[0m
[  55% ] [90m[1msavepack[22m | Storing File: res://.godot/imported/28.png-c5c7091963318c11b0a2e9dd281dbd64.ctex[39m[0m
[  55% ] [90m[1msavepack[22m | Storing File: res://assets/Humble Gift - Paper UI System v1.1/Sprites/Content Appear Animation/Plain/3 Rewards/2/28.png.import[39m[0m
[  55% ] [90m[1msavepack[22m | Storing File: res://.godot/imported/29.png-59f55bc3d38bba02453f1456bba995c8.ctex[39m[0m
[  55% ] [90m[1msavepack[22m | Storing File: res://assets/Humble Gift - Paper UI System v1.1/Sprites/Content Appear Animation/Plain/3 Rewards/2/29.png.import[39m[0m
[  55% ] [90m[1msavepack[22m | Storing File: res://.godot/imported/30.png-f528ee40a74503cf0bc9599e8a63215a.ctex[39m[0m
[  55% ] [90m[1msavepack[22m | Storing File: res://assets/Humble Gift - Paper UI System v1.1/Sprites/Content Appear Animation/Plain/3 Rewards/2/30.png.import[39m[0m
[  55% ] [90m[1msavepack[22m | Storing File: res://.godot/imported/31.png-c4464b9b78a7d6e7c7a45c8b26fe9fe0.ctex[39m[0m
[  55% ] [90m[1msavepack[22m | Storing File: res://assets/Humble Gift - Paper UI System v1.1/Sprites/Content Appear Animation/Plain/3 Rewards/2/31.png.import[39m[0m
[  55% ] [90m[1msavepack[22m | Storing File: res://.godot/imported/32.png-e0080bd09219f459301a746ab9e0bee8.ctex[39m[0m
[  55% ] [90m[1msavepack[22m | Storing File: res://assets/Humble Gift - Paper UI System v1.1/Sprites/Content Appear Animation/Plain/3 Rewards/2/32.png.import[39m[0m
[  55% ] [90m[1msavepack[22m | Storing File: res://.godot/imported/33.png-1f26969afcdd90948b4e9d265f4199c7.ctex[39m[0m
[  55% ] [90m[1msavepack[22m | Storing File: res://assets/Humble Gift - Paper UI System v1.1/Sprites/Content Appear Animation/Plain/3 Rewards/2/33.png.import[39m[0m
[  55% ] [90m[1msavepack[22m | Storing File: res://.godot/imported/34.png-f036f8ecb081cf07b359b7a4776a11a2.ctex[39m[0m
[  55% ] [90m[1msavepack[22m | Storing File: res://assets/Humble Gift - Paper UI System v1.1/Sprites/Content Appear Animation/Plain/3 Rewards/2/34.png.import[39m[0m
[  55% ] [90m[1msavepack[22m | Storing File: res://.godot/imported/1.png-e86ae3fdabab912829133c39697756a6.ctex[39m[0m
[  55% ] [90m[1msavepack[22m | Storing File: res://assets/Humble Gift - Paper UI System v1.1/Sprites/Content Appear Animation/Plain/4 Notification/1/1.png.import[39m[0m
[  55% ] [90m[1msavepack[22m | Storing File: res://.godot/imported/2.png-dd4887047cde5c35877f5540e2988239.ctex[39m[0m
[  55% ] [90m[1msavepack[22m | Storing File: res://assets/Humble Gift - Paper UI System v1.1/Sprites/Content Appear Animation/Plain/4 Notification/1/2.png.import[39m[0m
[  55% ] [90m[1msavepack[22m | Storing File: res://.godot/imported/3.png-47af1dcff4beda500d55fcf8bd185989.ctex[39m[0m
[  55% ] [90m[1msavepack[22m | Storing File: res://assets/Humble Gift - Paper UI System v1.1/Sprites/Content Appear Animation/Plain/4 Notification/1/3.png.import[39m[0m
[  55% ] [90m[1msavepack[22m | Storing File: res://.godot/imported/4.png-4dc53affa31f00b4d48341004cb00a3a.ctex[39m[0m
[  55% ] [90m[1msavepack[22m | Storing File: res://assets/Humble Gift - Paper UI System v1.1/Sprites/Content Appear Animation/Plain/4 Notification/1/4.png.import[39m[0m
[  55% ] [90m[1msavepack[22m | Storing File: res://.godot/imported/5.png-56e69c21d58e7999a7651f63fa8ae1f8.ctex[39m[0m
[  55% ] [90m[1msavepack[22m | Storing File: res://assets/Humble Gift - Paper UI System v1.1/Sprites/Content Appear Animation/Plain/4 Notification/1/5.png.import[39m[0m
[  55% ] [90m[1msavepack[22m | Storing File: res://.godot/imported/6.png-67166e1a28d4731f874a68e97a61847c.ctex[39m[0m
[  55% ] [90m[1msavepack[22m | Storing File: res://assets/Humble Gift - Paper UI System v1.1/Sprites/Content Appear Animation/Plain/4 Notification/1/6.png.import[39m[0m
[  56% ] [90m[1msavepack[22m | Storing File: res://.godot/imported/7.png-3d7c74c5b20c7fc9dcacda22339dbbdd.ctex[39m[0m
[  56% ] [90m[1msavepack[22m | Storing File: res://assets/Humble Gift - Paper UI System v1.1/Sprites/Content Appear Animation/Plain/4 Notification/1/7.png.import[39m[0m
[  56% ] [90m[1msavepack[22m | Storing File: res://.godot/imported/8.png-5d7873eee22330f458787bf5ea556d02.ctex[39m[0m
[  56% ] [90m[1msavepack[22m | Storing File: res://assets/Humble Gift - Paper UI System v1.1/Sprites/Content Appear Animation/Plain/4 Notification/1/8.png.import[39m[0m
[  56% ] [90m[1msavepack[22m | Storing File: res://.godot/imported/9.png-8368407b5ad644d803e99d3e8d048a1b.ctex[39m[0m
[  56% ] [90m[1msavepack[22m | Storing File: res://assets/Humble Gift - Paper UI System v1.1/Sprites/Content Appear Animation/Plain/4 Notification/1/9.png.import[39m[0m
[  56% ] [90m[1msavepack[22m | Storing File: res://.godot/imported/10.png-3eabd6b4752697af9f10bf7ee3173d8d.ctex[39m[0m
[  56% ] [90m[1msavepack[22m | Storing File: res://assets/Humble Gift - Paper UI System v1.1/Sprites/Content Appear Animation/Plain/4 Notification/1/10.png.import[39m[0m
[  56% ] [90m[1msavepack[22m | Storing File: res://.godot/imported/11.png-645a2108d5859d0f95eb9ab6ea08be3d.ctex[39m[0m
[  56% ] [90m[1msavepack[22m | Storing File: res://assets/Humble Gift - Paper UI System v1.1/Sprites/Content Appear Animation/Plain/4 Notification/1/11.png.import[39m[0m
[  56% ] [90m[1msavepack[22m | Storing File: res://.godot/imported/12.png-5de90e652e8743e7c83e644908ea56e7.ctex[39m[0m
[  56% ] [90m[1msavepack[22m | Storing File: res://assets/Humble Gift - Paper UI System v1.1/Sprites/Content Appear Animation/Plain/4 Notification/1/12.png.import[39m[0m
[  56% ] [90m[1msavepack[22m | Storing File: res://.godot/imported/13.png-8c2ad13c43f717abe39d6fa1b0e07355.ctex[39m[0m
[  56% ] [90m[1msavepack[22m | Storing File: res://assets/Humble Gift - Paper UI System v1.1/Sprites/Content Appear Animation/Plain/4 Notification/1/13.png.import[39m[0m
[  56% ] [90m[1msavepack[22m | Storing File: res://.godot/imported/14.png-a8450d8d333211a162b53c8f30caf91c.ctex[39m[0m
[  56% ] [90m[1msavepack[22m | Storing File: res://assets/Humble Gift - Paper UI System v1.1/Sprites/Content Appear Animation/Plain/4 Notification/1/14.png.import[39m[0m
[  56% ] [90m[1msavepack[22m | Storing File: res://.godot/imported/15.png-df6c82f60a55dc2d9ded896411f2aec5.ctex[39m[0m
[  56% ] [90m[1msavepack[22m | Storing File: res://assets/Humble Gift - Paper UI System v1.1/Sprites/Content Appear Animation/Plain/4 Notification/1/15.png.import[39m[0m
[  56% ] [90m[1msavepack[22m | Storing File: res://.godot/imported/16.png-dfbe98cb60ead3a95ff7b31e87620906.ctex[39m[0m
[  56% ] [90m[1msavepack[22m | Storing File: res://assets/Humble Gift - Paper UI System v1.1/Sprites/Content Appear Animation/Plain/4 Notification/1/16.png.import[39m[0m
[  56% ] [90m[1msavepack[22m | Storing File: res://.godot/imported/17.png-46ce6d0c5d52b4782ac36240a024e36b.ctex[39m[0m
[  56% ] [90m[1msavepack[22m | Storing File: res://assets/Humble Gift - Paper UI System v1.1/Sprites/Content Appear Animation/Plain/4 Notification/1/17.png.import[39m[0m
[  56% ] [90m[1msavepack[22m | Storing File: res://.godot/imported/18.png-e38fddcd1922a749578828fafb7f6d9c.ctex[39m[0m
[  56% ] [90m[1msavepack[22m | Storing File: res://assets/Humble Gift - Paper UI System v1.1/Sprites/Content Appear Animation/Plain/4 Notification/1/18.png.import[39m[0m
[  56% ] [90m[1msavepack[22m | Storing File: res://.godot/imported/19.png-349bc354fdd48f7af609cff0259940b6.ctex[39m[0m
[  56% ] [90m[1msavepack[22m | Storing File: res://assets/Humble Gift - Paper UI System v1.1/Sprites/Content Appear Animation/Plain/4 Notification/1/19.png.import[39m[0m
[  56% ] [90m[1msavepack[22m | Storing File: res://.godot/imported/20.png-9ac06f72d165d710bf3638bba39dcb83.ctex[39m[0m
[  56% ] [90m[1msavepack[22m | Storing File: res://assets/Humble Gift - Paper UI System v1.1/Sprites/Content Appear Animation/Plain/4 Notification/1/20.png.import[39m[0m
[  56% ] [90m[1msavepack[22m | Storing File: res://.godot/imported/21.png-0aa00a8870ce7c6aff41e47daf9c3f54.ctex[39m[0m
[  56% ] [90m[1msavepack[22m | Storing File: res://assets/Humble Gift - Paper UI System v1.1/Sprites/Content Appear Animation/Plain/4 Notification/1/21.png.import[39m[0m
[  56% ] [90m[1msavepack[22m | Storing File: res://.godot/imported/22.png-a6e4dbca1909072b6f0501805f957fbe.ctex[39m[0m
[  56% ] [90m[1msavepack[22m | Storing File: res://assets/Humble Gift - Paper UI System v1.1/Sprites/Content Appear Animation/Plain/4 Notification/1/22.png.import[39m[0m
[  56% ] [90m[1msavepack[22m | Storing File: res://.godot/imported/23.png-ab2724fd5c0fa39a19c587db4b0ef9de.ctex[39m[0m
[  56% ] [90m[1msavepack[22m | Storing File: res://assets/Humble Gift - Paper UI System v1.1/Sprites/Content Appear Animation/Plain/4 Notification/1/23.png.import[39m[0m
[  56% ] [90m[1msavepack[22m | Storing File: res://.godot/imported/1.png-6dd8e0c0a4ed83963f8a1e45f2e60944.ctex[39m[0m
[  56% ] [90m[1msavepack[22m | Storing File: res://assets/Humble Gift - Paper UI System v1.1/Sprites/Content Appear Animation/Plain/4 Notification/2/1.png.import[39m[0m
[  56% ] [90m[1msavepack[22m | Storing File: res://.godot/imported/2.png-e071b3877c945e485ed028c7dcbba871.ctex[39m[0m
[  56% ] [90m[1msavepack[22m | Storing File: res://assets/Humble Gift - Paper UI System v1.1/Sprites/Content Appear Animation/Plain/4 Notification/2/2.png.import[39m[0m
[  57% ] [90m[1msavepack[22m | Storing File: res://.godot/imported/3.png-9c096ae8e307fa6a4079afc0831b9f05.ctex[39m[0m
[  57% ] [90m[1msavepack[22m | Storing File: res://assets/Humble Gift - Paper UI System v1.1/Sprites/Content Appear Animation/Plain/4 Notification/2/3.png.import[39m[0m
[  57% ] [90m[1msavepack[22m | Storing File: res://.godot/imported/4.png-7a98b5bbde67c979c0d730f2e784305d.ctex[39m[0m
[  57% ] [90m[1msavepack[22m | Storing File: res://assets/Humble Gift - Paper UI System v1.1/Sprites/Content Appear Animation/Plain/4 Notification/2/4.png.import[39m[0m
[  57% ] [90m[1msavepack[22m | Storing File: res://.godot/imported/5.png-e7be9ae25d73cde95e09675e669b02ed.ctex[39m[0m
[  57% ] [90m[1msavepack[22m | Storing File: res://assets/Humble Gift - Paper UI System v1.1/Sprites/Content Appear Animation/Plain/4 Notification/2/5.png.import[39m[0m
[  57% ] [90m[1msavepack[22m | Storing File: res://.godot/imported/6.png-fa4cb14863a03e8fdb50d2a597af0a2d.ctex[39m[0m
[  57% ] [90m[1msavepack[22m | Storing File: res://assets/Humble Gift - Paper UI System v1.1/Sprites/Content Appear Animation/Plain/4 Notification/2/6.png.import[39m[0m
[  57% ] [90m[1msavepack[22m | Storing File: res://.godot/imported/7.png-e4b39e001b368c2a9092be01faace550.ctex[39m[0m
[  57% ] [90m[1msavepack[22m | Storing File: res://assets/Humble Gift - Paper UI System v1.1/Sprites/Content Appear Animation/Plain/4 Notification/2/7.png.import[39m[0m
[  57% ] [90m[1msavepack[22m | Storing File: res://.godot/imported/8.png-e0975c4ec7c1a5073a6a6b9c6ec0fe44.ctex[39m[0m
[  57% ] [90m[1msavepack[22m | Storing File: res://assets/Humble Gift - Paper UI System v1.1/Sprites/Content Appear Animation/Plain/4 Notification/2/8.png.import[39m[0m
[  57% ] [90m[1msavepack[22m | Storing File: res://.godot/imported/9.png-05f68e13a04a51ff6277b86287494fa4.ctex[39m[0m
[  57% ] [90m[1msavepack[22m | Storing File: res://assets/Humble Gift - Paper UI System v1.1/Sprites/Content Appear Animation/Plain/4 Notification/2/9.png.import[39m[0m
[  57% ] [90m[1msavepack[22m | Storing File: res://.godot/imported/10.png-4b768a1a890412fb2722f2edb3f86dd6.ctex[39m[0m
[  57% ] [90m[1msavepack[22m | Storing File: res://assets/Humble Gift - Paper UI System v1.1/Sprites/Content Appear Animation/Plain/4 Notification/2/10.png.import[39m[0m
[  57% ] [90m[1msavepack[22m | Storing File: res://.godot/imported/11.png-dcc422c27a5e965b2dbac926cdd49492.ctex[39m[0m
[  57% ] [90m[1msavepack[22m | Storing File: res://assets/Humble Gift - Paper UI System v1.1/Sprites/Content Appear Animation/Plain/4 Notification/2/11.png.import[39m[0m
[  57% ] [90m[1msavepack[22m | Storing File: res://.godot/imported/12.png-8de62b9d159ae02effe611c0e071811a.ctex[39m[0m
[  57% ] [90m[1msavepack[22m | Storing File: res://assets/Humble Gift - Paper UI System v1.1/Sprites/Content Appear Animation/Plain/4 Notification/2/12.png.import[39m[0m
[  57% ] [90m[1msavepack[22m | Storing File: res://.godot/imported/13.png-09477b4ee1a18fdbf4fb10b7656afa89.ctex[39m[0m
[  57% ] [90m[1msavepack[22m | Storing File: res://assets/Humble Gift - Paper UI System v1.1/Sprites/Content Appear Animation/Plain/4 Notification/2/13.png.import[39m[0m
[  57% ] [90m[1msavepack[22m | Storing File: res://.godot/imported/14.png-9dbee39adb1691b702e3ff588198e86c.ctex[39m[0m
[  57% ] [90m[1msavepack[22m | Storing File: res://assets/Humble Gift - Paper UI System v1.1/Sprites/Content Appear Animation/Plain/4 Notification/2/14.png.import[39m[0m
[  57% ] [90m[1msavepack[22m | Storing File: res://.godot/imported/15.png-94844f9591c409e5e5a3a0ba07d5edde.ctex[39m[0m
[  57% ] [90m[1msavepack[22m | Storing File: res://assets/Humble Gift - Paper UI System v1.1/Sprites/Content Appear Animation/Plain/4 Notification/2/15.png.import[39m[0m
[  57% ] [90m[1msavepack[22m | Storing File: res://.godot/imported/16.png-8211b88881a1aa36c6180251891ef25c.ctex[39m[0m
[  57% ] [90m[1msavepack[22m | Storing File: res://assets/Humble Gift - Paper UI System v1.1/Sprites/Content Appear Animation/Plain/4 Notification/2/16.png.import[39m[0m
[  57% ] [90m[1msavepack[22m | Storing File: res://.godot/imported/17.png-5429979e0e8fdfe6ab2d30db6607a37e.ctex[39m[0m
[  57% ] [90m[1msavepack[22m | Storing File: res://assets/Humble Gift - Paper UI System v1.1/Sprites/Content Appear Animation/Plain/4 Notification/2/17.png.import[39m[0m
[  57% ] [90m[1msavepack[22m | Storing File: res://.godot/imported/18.png-a6c1819cf0b84b1d2ce30b356d91fd4a.ctex[39m[0m
[  57% ] [90m[1msavepack[22m | Storing File: res://assets/Humble Gift - Paper UI System v1.1/Sprites/Content Appear Animation/Plain/4 Notification/2/18.png.import[39m[0m
[  57% ] [90m[1msavepack[22m | Storing File: res://.godot/imported/19.png-d8aaedad92d798283026441cdf3fcf6d.ctex[39m[0m
[  57% ] [90m[1msavepack[22m | Storing File: res://assets/Humble Gift - Paper UI System v1.1/Sprites/Content Appear Animation/Plain/4 Notification/2/19.png.import[39m[0m
[  57% ] [90m[1msavepack[22m | Storing File: res://.godot/imported/20.png-06bfe1baf7320d4c7262c976444c6329.ctex[39m[0m
[  57% ] [90m[1msavepack[22m | Storing File: res://assets/Humble Gift - Paper UI System v1.1/Sprites/Content Appear Animation/Plain/4 Notification/2/20.png.import[39m[0m
[  57% ] [90m[1msavepack[22m | Storing File: res://.godot/imported/21.png-fbbf488ea52e892138be3b1534f40e47.ctex[39m[0m
[  57% ] [90m[1msavepack[22m | Storing File: res://assets/Humble Gift - Paper UI System v1.1/Sprites/Content Appear Animation/Plain/4 Notification/2/21.png.import[39m[0m
[  57% ] [90m[1msavepack[22m | Storing File: res://.godot/imported/22.png-ab57359db672b5a51ece93b489cf6773.ctex[39m[0m
[  57% ] [90m[1msavepack[22m | Storing File: res://assets/Humble Gift - Paper UI System v1.1/Sprites/Content Appear Animation/Plain/4 Notification/2/22.png.import[39m[0m
[  58% ] [90m[1msavepack[22m | Storing File: res://.godot/imported/1.png-dd33face51aa7d78bc26377076616846.ctex[39m[0m
[  58% ] [90m[1msavepack[22m | Storing File: res://assets/Humble Gift - Paper UI System v1.1/Sprites/Content Appear Animation/Plain/5 Mini Map/1.png.import[39m[0m
[  58% ] [90m[1msavepack[22m | Storing File: res://.godot/imported/2.png-35e9a122cf2adaa5049743413cca5b66.ctex[39m[0m
[  58% ] [90m[1msavepack[22m | Storing File: res://assets/Humble Gift - Paper UI System v1.1/Sprites/Content Appear Animation/Plain/5 Mini Map/2.png.import[39m[0m
[  58% ] [90m[1msavepack[22m | Storing File: res://.godot/imported/3.png-4184d2c2e5d348aa03918b7ffbb6e7f1.ctex[39m[0m
[  58% ] [90m[1msavepack[22m | Storing File: res://assets/Humble Gift - Paper UI System v1.1/Sprites/Content Appear Animation/Plain/5 Mini Map/3.png.import[39m[0m
[  58% ] [90m[1msavepack[22m | Storing File: res://.godot/imported/4.png-f5f4c19dfdf7e0033ca49a736183c9d0.ctex[39m[0m
[  58% ] [90m[1msavepack[22m | Storing File: res://assets/Humble Gift - Paper UI System v1.1/Sprites/Content Appear Animation/Plain/5 Mini Map/4.png.import[39m[0m
[  58% ] [90m[1msavepack[22m | Storing File: res://.godot/imported/5.png-60c65ce11338e0c666e30bbab24d3df8.ctex[39m[0m
[  58% ] [90m[1msavepack[22m | Storing File: res://assets/Humble Gift - Paper UI System v1.1/Sprites/Content Appear Animation/Plain/5 Mini Map/5.png.import[39m[0m
[  58% ] [90m[1msavepack[22m | Storing File: res://.godot/imported/6.png-0daaecfaada59be97cb2a0b3325d4bd7.ctex[39m[0m
[  58% ] [90m[1msavepack[22m | Storing File: res://assets/Humble Gift - Paper UI System v1.1/Sprites/Content Appear Animation/Plain/5 Mini Map/6.png.import[39m[0m
[  58% ] [90m[1msavepack[22m | Storing File: res://.godot/imported/7.png-ee033085521489169db0181f3731aae6.ctex[39m[0m
[  58% ] [90m[1msavepack[22m | Storing File: res://assets/Humble Gift - Paper UI System v1.1/Sprites/Content Appear Animation/Plain/5 Mini Map/7.png.import[39m[0m
[  58% ] [90m[1msavepack[22m | Storing File: res://.godot/imported/8.png-8ba5840b8f8da2a3d9a567aa0f69f439.ctex[39m[0m
[  58% ] [90m[1msavepack[22m | Storing File: res://assets/Humble Gift - Paper UI System v1.1/Sprites/Content Appear Animation/Plain/5 Mini Map/8.png.import[39m[0m
[  58% ] [90m[1msavepack[22m | Storing File: res://.godot/imported/9.png-b24cf420033e9910bd063e7a24733adb.ctex[39m[0m
[  58% ] [90m[1msavepack[22m | Storing File: res://assets/Humble Gift - Paper UI System v1.1/Sprites/Content Appear Animation/Plain/5 Mini Map/9.png.import[39m[0m
[  58% ] [90m[1msavepack[22m | Storing File: res://.godot/imported/10.png-5b3ea0469560412055a961e1169e47dc.ctex[39m[0m
[  58% ] [90m[1msavepack[22m | Storing File: res://assets/Humble Gift - Paper UI System v1.1/Sprites/Content Appear Animation/Plain/5 Mini Map/10.png.import[39m[0m
[  58% ] [90m[1msavepack[22m | Storing File: res://.godot/imported/11.png-dce5d1f014eb7cad8dafea7ef51edacb.ctex[39m[0m
[  58% ] [90m[1msavepack[22m | Storing File: res://assets/Humble Gift - Paper UI System v1.1/Sprites/Content Appear Animation/Plain/5 Mini Map/11.png.import[39m[0m
[  58% ] [90m[1msavepack[22m | Storing File: res://.godot/imported/12.png-a0ec4fd74922ce5309e8cc8da49e4b7e.ctex[39m[0m
[  58% ] [90m[1msavepack[22m | Storing File: res://assets/Humble Gift - Paper UI System v1.1/Sprites/Content Appear Animation/Plain/5 Mini Map/12.png.import[39m[0m
[  58% ] [90m[1msavepack[22m | Storing File: res://.godot/imported/13.png-25de622ddb304e5cbeeebdabf72f5a61.ctex[39m[0m
[  58% ] [90m[1msavepack[22m | Storing File: res://assets/Humble Gift - Paper UI System v1.1/Sprites/Content Appear Animation/Plain/5 Mini Map/13.png.import[39m[0m
[  58% ] [90m[1msavepack[22m | Storing File: res://.godot/imported/14.png-4fead488bdf2f938a4288648ba692353.ctex[39m[0m
[  58% ] [90m[1msavepack[22m | Storing File: res://assets/Humble Gift - Paper UI System v1.1/Sprites/Content Appear Animation/Plain/5 Mini Map/14.png.import[39m[0m
[  58% ] [90m[1msavepack[22m | Storing File: res://.godot/imported/15.png-a957fe9531da2d40f7de2e2f7868be41.ctex[39m[0m
[  58% ] [90m[1msavepack[22m | Storing File: res://assets/Humble Gift - Paper UI System v1.1/Sprites/Content Appear Animation/Plain/5 Mini Map/15.png.import[39m[0m
[  58% ] [90m[1msavepack[22m | Storing File: res://.godot/imported/16.png-9d60338ba78f48ee916586af6a066944.ctex[39m[0m
[  58% ] [90m[1msavepack[22m | Storing File: res://assets/Humble Gift - Paper UI System v1.1/Sprites/Content Appear Animation/Plain/5 Mini Map/16.png.import[39m[0m
[  58% ] [90m[1msavepack[22m | Storing File: res://.godot/imported/17.png-97581148bf5c8676508dece6bb026f98.ctex[39m[0m
[  58% ] [90m[1msavepack[22m | Storing File: res://assets/Humble Gift - Paper UI System v1.1/Sprites/Content Appear Animation/Plain/5 Mini Map/17.png.import[39m[0m
[  58% ] [90m[1msavepack[22m | Storing File: res://.godot/imported/18.png-7fe817db50b53257861684157a834276.ctex[39m[0m
[  58% ] [90m[1msavepack[22m | Storing File: res://assets/Humble Gift - Paper UI System v1.1/Sprites/Content Appear Animation/Plain/5 Mini Map/18.png.import[39m[0m
[  58% ] [90m[1msavepack[22m | Storing File: res://.godot/imported/19.png-1bc2975322dd6cbe2e6eb0a15431878f.ctex[39m[0m
[  58% ] [90m[1msavepack[22m | Storing File: res://assets/Humble Gift - Paper UI System v1.1/Sprites/Content Appear Animation/Plain/5 Mini Map/19.png.import[39m[0m
[  59% ] [90m[1msavepack[22m | Storing File: res://.godot/imported/20.png-c7217603ad1aeb10b1730ad5675ddbf7.ctex[39m[0m
[  59% ] [90m[1msavepack[22m | Storing File: res://assets/Humble Gift - Paper UI System v1.1/Sprites/Content Appear Animation/Plain/5 Mini Map/20.png.import[39m[0m
[  59% ] [90m[1msavepack[22m | Storing File: res://.godot/imported/1.png-1eb61001b2e88da9f9f054b31ab2b340.ctex[39m[0m
[  59% ] [90m[1msavepack[22m | Storing File: res://assets/Humble Gift - Paper UI System v1.1/Sprites/Content Appear Animation/Plain/6 Player HUD/1.png.import[39m[0m
[  59% ] [90m[1msavepack[22m | Storing File: res://.godot/imported/2.png-f6a78348cdc83d926c4bdb1a3e9e397a.ctex[39m[0m
[  59% ] [90m[1msavepack[22m | Storing File: res://assets/Humble Gift - Paper UI System v1.1/Sprites/Content Appear Animation/Plain/6 Player HUD/2.png.import[39m[0m
[  59% ] [90m[1msavepack[22m | Storing File: res://.godot/imported/3.png-6873d45c2fd4f2f9ed4e2be88b46548e.ctex[39m[0m
[  59% ] [90m[1msavepack[22m | Storing File: res://assets/Humble Gift - Paper UI System v1.1/Sprites/Content Appear Animation/Plain/6 Player HUD/3.png.import[39m[0m
[  59% ] [90m[1msavepack[22m | Storing File: res://.godot/imported/4.png-209593abde357d612af883e8f0c878ee.ctex[39m[0m
[  59% ] [90m[1msavepack[22m | Storing File: res://assets/Humble Gift - Paper UI System v1.1/Sprites/Content Appear Animation/Plain/6 Player HUD/4.png.import[39m[0m
[  59% ] [90m[1msavepack[22m | Storing File: res://.godot/imported/5.png-793c6a3c6e15b4d2b67548cdc40e352f.ctex[39m[0m
[  59% ] [90m[1msavepack[22m | Storing File: res://assets/Humble Gift - Paper UI System v1.1/Sprites/Content Appear Animation/Plain/6 Player HUD/5.png.import[39m[0m
[  59% ] [90m[1msavepack[22m | Storing File: res://.godot/imported/6.png-a49668f1374bb6d615416b181707fbc8.ctex[39m[0m
[  59% ] [90m[1msavepack[22m | Storing File: res://assets/Humble Gift - Paper UI System v1.1/Sprites/Content Appear Animation/Plain/6 Player HUD/6.png.import[39m[0m
[  59% ] [90m[1msavepack[22m | Storing File: res://.godot/imported/7.png-1302ebd55860830d323cda9dfb61610b.ctex[39m[0m
[  59% ] [90m[1msavepack[22m | Storing File: res://assets/Humble Gift - Paper UI System v1.1/Sprites/Content Appear Animation/Plain/6 Player HUD/7.png.import[39m[0m
[  59% ] [90m[1msavepack[22m | Storing File: res://.godot/imported/8.png-748197d2e6a57921dc305f59a03236d1.ctex[39m[0m
[  59% ] [90m[1msavepack[22m | Storing File: res://assets/Humble Gift - Paper UI System v1.1/Sprites/Content Appear Animation/Plain/6 Player HUD/8.png.import[39m[0m
[  59% ] [90m[1msavepack[22m | Storing File: res://.godot/imported/9.png-31ccd33e36c117a14900280c646c53eb.ctex[39m[0m
[  59% ] [90m[1msavepack[22m | Storing File: res://assets/Humble Gift - Paper UI System v1.1/Sprites/Content Appear Animation/Plain/6 Player HUD/9.png.import[39m[0m
[  59% ] [90m[1msavepack[22m | Storing File: res://.godot/imported/10.png-9e76ecd477b48e34b4c1ec592ca8e020.ctex[39m[0m
[  59% ] [90m[1msavepack[22m | Storing File: res://assets/Humble Gift - Paper UI System v1.1/Sprites/Content Appear Animation/Plain/6 Player HUD/10.png.import[39m[0m
[  59% ] [90m[1msavepack[22m | Storing File: res://.godot/imported/11.png-48995cfa7b4b925ecf94df0ceedba8ab.ctex[39m[0m
[  59% ] [90m[1msavepack[22m | Storing File: res://assets/Humble Gift - Paper UI System v1.1/Sprites/Content Appear Animation/Plain/6 Player HUD/11.png.import[39m[0m
[  59% ] [90m[1msavepack[22m | Storing File: res://.godot/imported/12.png-720f72585d86431c8fd574bca57058c4.ctex[39m[0m
[  59% ] [90m[1msavepack[22m | Storing File: res://assets/Humble Gift - Paper UI System v1.1/Sprites/Content Appear Animation/Plain/6 Player HUD/12.png.import[39m[0m
[  59% ] [90m[1msavepack[22m | Storing File: res://.godot/imported/13.png-fc8e314d76e3580db2ea55074f4b858d.ctex[39m[0m
[  59% ] [90m[1msavepack[22m | Storing File: res://assets/Humble Gift - Paper UI System v1.1/Sprites/Content Appear Animation/Plain/6 Player HUD/13.png.import[39m[0m
[  59% ] [90m[1msavepack[22m | Storing File: res://.godot/imported/14.png-5c488e35e129654a0402b625f209d81e.ctex[39m[0m
[  59% ] [90m[1msavepack[22m | Storing File: res://assets/Humble Gift - Paper UI System v1.1/Sprites/Content Appear Animation/Plain/6 Player HUD/14.png.import[39m[0m
[  59% ] [90m[1msavepack[22m | Storing File: res://.godot/imported/15.png-5e7b4eecb2b618dfc692ff56c9f83893.ctex[39m[0m
[  59% ] [90m[1msavepack[22m | Storing File: res://assets/Humble Gift - Paper UI System v1.1/Sprites/Content Appear Animation/Plain/6 Player HUD/15.png.import[39m[0m
[  59% ] [90m[1msavepack[22m | Storing File: res://.godot/imported/16.png-640dc2b90984bf6ce9fe2ac5dac24cab.ctex[39m[0m
[  59% ] [90m[1msavepack[22m | Storing File: res://assets/Humble Gift - Paper UI System v1.1/Sprites/Content Appear Animation/Plain/6 Player HUD/16.png.import[39m[0m
[  59% ] [90m[1msavepack[22m | Storing File: res://.godot/imported/17.png-95b7ce8c3ae924224f7896239f835e67.ctex[39m[0m
[  59% ] [90m[1msavepack[22m | Storing File: res://assets/Humble Gift - Paper UI System v1.1/Sprites/Content Appear Animation/Plain/6 Player HUD/17.png.import[39m[0m
[  59% ] [90m[1msavepack[22m | Storing File: res://.godot/imported/18.png-42e29a5a3d20559acade4f2b9cc863a1.ctex[39m[0m
[  59% ] [90m[1msavepack[22m | Storing File: res://assets/Humble Gift - Paper UI System v1.1/Sprites/Content Appear Animation/Plain/6 Player HUD/18.png.import[39m[0m
[  60% ] [90m[1msavepack[22m | Storing File: res://.godot/imported/19.png-3615bfbfbc21a4a9f073560d3ec8e77e.ctex[39m[0m
[  60% ] [90m[1msavepack[22m | Storing File: res://assets/Humble Gift - Paper UI System v1.1/Sprites/Content Appear Animation/Plain/6 Player HUD/19.png.import[39m[0m
[  60% ] [90m[1msavepack[22m | Storing File: res://.godot/imported/20.png-baad3d793f3686df2043b7530c351f93.ctex[39m[0m
[  60% ] [90m[1msavepack[22m | Storing File: res://assets/Humble Gift - Paper UI System v1.1/Sprites/Content Appear Animation/Plain/6 Player HUD/20.png.import[39m[0m
[  60% ] [90m[1msavepack[22m | Storing File: res://.godot/imported/21.png-57b108347399d75c1d81bb12e6fb97b3.ctex[39m[0m
[  60% ] [90m[1msavepack[22m | Storing File: res://assets/Humble Gift - Paper UI System v1.1/Sprites/Content Appear Animation/Plain/6 Player HUD/21.png.import[39m[0m
[  60% ] [90m[1msavepack[22m | Storing File: res://.godot/imported/22.png-4e723297d7f8e6e8dc349285bf2baf1c.ctex[39m[0m
[  60% ] [90m[1msavepack[22m | Storing File: res://assets/Humble Gift - Paper UI System v1.1/Sprites/Content Appear Animation/Plain/6 Player HUD/22.png.import[39m[0m
[  60% ] [90m[1msavepack[22m | Storing File: res://.godot/imported/1.png-f5a2eb007c917ec1c10cefea61cb3630.ctex[39m[0m
[  60% ] [90m[1msavepack[22m | Storing File: res://assets/Humble Gift - Paper UI System v1.1/Sprites/Content Appear Animation/Plain/7 Dialogue Box/1.png.import[39m[0m
[  60% ] [90m[1msavepack[22m | Storing File: res://.godot/imported/2.png-ec489020aacb5cc956af331204d2d08c.ctex[39m[0m
[  60% ] [90m[1msavepack[22m | Storing File: res://assets/Humble Gift - Paper UI System v1.1/Sprites/Content Appear Animation/Plain/7 Dialogue Box/2.png.import[39m[0m
[  60% ] [90m[1msavepack[22m | Storing File: res://.godot/imported/3.png-301a96af84a6ced39d0185aac02ea566.ctex[39m[0m
[  60% ] [90m[1msavepack[22m | Storing File: res://assets/Humble Gift - Paper UI System v1.1/Sprites/Content Appear Animation/Plain/7 Dialogue Box/3.png.import[39m[0m
[  60% ] [90m[1msavepack[22m | Storing File: res://.godot/imported/4.png-3ee10e9eda9587cba201b2949423deb7.ctex[39m[0m
[  60% ] [90m[1msavepack[22m | Storing File: res://assets/Humble Gift - Paper UI System v1.1/Sprites/Content Appear Animation/Plain/7 Dialogue Box/4.png.import[39m[0m
[  60% ] [90m[1msavepack[22m | Storing File: res://.godot/imported/5.png-42136c535dc0ca342f7342a1a0597250.ctex[39m[0m
[  60% ] [90m[1msavepack[22m | Storing File: res://assets/Humble Gift - Paper UI System v1.1/Sprites/Content Appear Animation/Plain/7 Dialogue Box/5.png.import[39m[0m
[  60% ] [90m[1msavepack[22m | Storing File: res://.godot/imported/6.png-d0455edab49a6279f106fbe47f19bafa.ctex[39m[0m
[  60% ] [90m[1msavepack[22m | Storing File: res://assets/Humble Gift - Paper UI System v1.1/Sprites/Content Appear Animation/Plain/7 Dialogue Box/6.png.import[39m[0m
[  60% ] [90m[1msavepack[22m | Storing File: res://.godot/imported/7.png-0cc46723723a7a716ef4969e975d5e15.ctex[39m[0m
[  60% ] [90m[1msavepack[22m | Storing File: res://assets/Humble Gift - Paper UI System v1.1/Sprites/Content Appear Animation/Plain/7 Dialogue Box/7.png.import[39m[0m
[  60% ] [90m[1msavepack[22m | Storing File: res://.godot/imported/8.png-7cea69db50cba5e9f9c7200b34c972b1.ctex[39m[0m
[  60% ] [90m[1msavepack[22m | Storing File: res://assets/Humble Gift - Paper UI System v1.1/Sprites/Content Appear Animation/Plain/7 Dialogue Box/8.png.import[39m[0m
[  60% ] [90m[1msavepack[22m | Storing File: res://.godot/imported/9.png-d375df1eb698498c1dbb02ec50773935.ctex[39m[0m
[  60% ] [90m[1msavepack[22m | Storing File: res://assets/Humble Gift - Paper UI System v1.1/Sprites/Content Appear Animation/Plain/7 Dialogue Box/9.png.import[39m[0m
[  60% ] [90m[1msavepack[22m | Storing File: res://.godot/imported/10.png-afca0ef5b87ce0c3e1abe0f760a28f88.ctex[39m[0m
[  60% ] [90m[1msavepack[22m | Storing File: res://assets/Humble Gift - Paper UI System v1.1/Sprites/Content Appear Animation/Plain/7 Dialogue Box/10.png.import[39m[0m
[  60% ] [90m[1msavepack[22m | Storing File: res://.godot/imported/11.png-f123845edfb67e87f2d32bc2168e2b3a.ctex[39m[0m
[  60% ] [90m[1msavepack[22m | Storing File: res://assets/Humble Gift - Paper UI System v1.1/Sprites/Content Appear Animation/Plain/7 Dialogue Box/11.png.import[39m[0m
[  60% ] [90m[1msavepack[22m | Storing File: res://.godot/imported/12.png-88c68e0172658031ff68a910b0975bc2.ctex[39m[0m
[  60% ] [90m[1msavepack[22m | Storing File: res://assets/Humble Gift - Paper UI System v1.1/Sprites/Content Appear Animation/Plain/7 Dialogue Box/12.png.import[39m[0m
[  60% ] [90m[1msavepack[22m | Storing File: res://.godot/imported/13.png-3afc82151a56b6fd34e7f0524af55045.ctex[39m[0m
[  60% ] [90m[1msavepack[22m | Storing File: res://assets/Humble Gift - Paper UI System v1.1/Sprites/Content Appear Animation/Plain/7 Dialogue Box/13.png.import[39m[0m
[  60% ] [90m[1msavepack[22m | Storing File: res://.godot/imported/14.png-0dc0458af2b541c2ba740d7280a74b9c.ctex[39m[0m
[  60% ] [90m[1msavepack[22m | Storing File: res://assets/Humble Gift - Paper UI System v1.1/Sprites/Content Appear Animation/Plain/7 Dialogue Box/14.png.import[39m[0m
[  60% ] [90m[1msavepack[22m | Storing File: res://.godot/imported/15.png-096b91f71ed4e531783f1bf786e685bf.ctex[39m[0m
[  60% ] [90m[1msavepack[22m | Storing File: res://assets/Humble Gift - Paper UI System v1.1/Sprites/Content Appear Animation/Plain/7 Dialogue Box/15.png.import[39m[0m
[  61% ] [90m[1msavepack[22m | Storing File: res://.godot/imported/16.png-9f881e56e4dcb462aa52efb006630409.ctex[39m[0m
[  61% ] [90m[1msavepack[22m | Storing File: res://assets/Humble Gift - Paper UI System v1.1/Sprites/Content Appear Animation/Plain/7 Dialogue Box/16.png.import[39m[0m
[  61% ] [90m[1msavepack[22m | Storing File: res://.godot/imported/17.png-ebf520b84adf3e9b283835400a890ffe.ctex[39m[0m
[  61% ] [90m[1msavepack[22m | Storing File: res://assets/Humble Gift - Paper UI System v1.1/Sprites/Content Appear Animation/Plain/7 Dialogue Box/17.png.import[39m[0m
[  61% ] [90m[1msavepack[22m | Storing File: res://.godot/imported/18.png-69c74df61367ad289b867be31c246fb5.ctex[39m[0m
[  61% ] [90m[1msavepack[22m | Storing File: res://assets/Humble Gift - Paper UI System v1.1/Sprites/Content Appear Animation/Plain/7 Dialogue Box/18.png.import[39m[0m
[  61% ] [90m[1msavepack[22m | Storing File: res://.godot/imported/19.png-23e2044056b71ba3861494a174bf0c00.ctex[39m[0m
[  61% ] [90m[1msavepack[22m | Storing File: res://assets/Humble Gift - Paper UI System v1.1/Sprites/Content Appear Animation/Plain/7 Dialogue Box/19.png.import[39m[0m
[  61% ] [90m[1msavepack[22m | Storing File: res://.godot/imported/20.png-eaf864bd59990157e94dd4c82152e6ff.ctex[39m[0m
[  61% ] [90m[1msavepack[22m | Storing File: res://assets/Humble Gift - Paper UI System v1.1/Sprites/Content Appear Animation/Plain/7 Dialogue Box/20.png.import[39m[0m
[  61% ] [90m[1msavepack[22m | Storing File: res://.godot/imported/21.png-0d9a34318ebc6820d791b791d7123589.ctex[39m[0m
[  61% ] [90m[1msavepack[22m | Storing File: res://assets/Humble Gift - Paper UI System v1.1/Sprites/Content Appear Animation/Plain/7 Dialogue Box/21.png.import[39m[0m
[  61% ] [90m[1msavepack[22m | Storing File: res://.godot/imported/22.png-a45cde90b97318c0a0bbd0409d370923.ctex[39m[0m
[  61% ] [90m[1msavepack[22m | Storing File: res://assets/Humble Gift - Paper UI System v1.1/Sprites/Content Appear Animation/Plain/7 Dialogue Box/22.png.import[39m[0m
[  61% ] [90m[1msavepack[22m | Storing File: res://.godot/imported/23.png-9322abf09ccd852a5da34a9cd8ebd94e.ctex[39m[0m
[  61% ] [90m[1msavepack[22m | Storing File: res://assets/Humble Gift - Paper UI System v1.1/Sprites/Content Appear Animation/Plain/7 Dialogue Box/23.png.import[39m[0m
[  61% ] [90m[1msavepack[22m | Storing File: res://.godot/imported/24.png-e234e28a28dd5275bbdf630a72b76f20.ctex[39m[0m
[  61% ] [90m[1msavepack[22m | Storing File: res://assets/Humble Gift - Paper UI System v1.1/Sprites/Content Appear Animation/Plain/7 Dialogue Box/24.png.import[39m[0m
[  61% ] [90m[1msavepack[22m | Storing File: res://.godot/imported/25.png-e7a724753fbb3b482d1de7a184bbfa9b.ctex[39m[0m
[  61% ] [90m[1msavepack[22m | Storing File: res://assets/Humble Gift - Paper UI System v1.1/Sprites/Content Appear Animation/Plain/7 Dialogue Box/25.png.import[39m[0m
[  61% ] [90m[1msavepack[22m | Storing File: res://.godot/imported/26.png-6046eae73f4b92e3a45ef51c01ddbd0d.ctex[39m[0m
[  61% ] [90m[1msavepack[22m | Storing File: res://assets/Humble Gift - Paper UI System v1.1/Sprites/Content Appear Animation/Plain/7 Dialogue Box/26.png.import[39m[0m
[  61% ] [90m[1msavepack[22m | Storing File: res://.godot/imported/27.png-d6226bd649d650f75697f03e0c65bceb.ctex[39m[0m
[  61% ] [90m[1msavepack[22m | Storing File: res://assets/Humble Gift - Paper UI System v1.1/Sprites/Content Appear Animation/Plain/7 Dialogue Box/27.png.import[39m[0m
[  61% ] [90m[1msavepack[22m | Storing File: res://.godot/imported/28.png-d4441ebbf88339a94d93863b7434faaa.ctex[39m[0m
[  61% ] [90m[1msavepack[22m | Storing File: res://assets/Humble Gift - Paper UI System v1.1/Sprites/Content Appear Animation/Plain/7 Dialogue Box/28.png.import[39m[0m
[  61% ] [90m[1msavepack[22m | Storing File: res://.godot/imported/29.png-77d7b471dd509b6b6918a1229b71b2bb.ctex[39m[0m
[  61% ] [90m[1msavepack[22m | Storing File: res://assets/Humble Gift - Paper UI System v1.1/Sprites/Content Appear Animation/Plain/7 Dialogue Box/29.png.import[39m[0m
[  61% ] [90m[1msavepack[22m | Storing File: res://.godot/imported/30.png-a97b2cf2de87826e91afdaee5600c6fe.ctex[39m[0m
[  61% ] [90m[1msavepack[22m | Storing File: res://assets/Humble Gift - Paper UI System v1.1/Sprites/Content Appear Animation/Plain/7 Dialogue Box/30.png.import[39m[0m
[  61% ] [90m[1msavepack[22m | Storing File: res://.godot/imported/31.png-01c23b258d9e35331366201f94697329.ctex[39m[0m
[  61% ] [90m[1msavepack[22m | Storing File: res://assets/Humble Gift - Paper UI System v1.1/Sprites/Content Appear Animation/Plain/7 Dialogue Box/31.png.import[39m[0m
[  61% ] [90m[1msavepack[22m | Storing File: res://.godot/imported/32.png-d9623b347515575f141b7740506ab4c4.ctex[39m[0m
[  61% ] [90m[1msavepack[22m | Storing File: res://assets/Humble Gift - Paper UI System v1.1/Sprites/Content Appear Animation/Plain/7 Dialogue Box/32.png.import[39m[0m
[  61% ] [90m[1msavepack[22m | Storing File: res://.godot/imported/33.png-9f7b6159e9e2fa7c28b8aa7d09b83970.ctex[39m[0m
[  61% ] [90m[1msavepack[22m | Storing File: res://assets/Humble Gift - Paper UI System v1.1/Sprites/Content Appear Animation/Plain/7 Dialogue Box/33.png.import[39m[0m
[  61% ] [90m[1msavepack[22m | Storing File: res://.godot/imported/34.png-daf845ec1905deb6d88c424ea2e00c41.ctex[39m[0m
[  61% ] [90m[1msavepack[22m | Storing File: res://assets/Humble Gift - Paper UI System v1.1/Sprites/Content Appear Animation/Plain/7 Dialogue Box/34.png.import[39m[0m
[  61% ] [90m[1msavepack[22m | Storing File: res://.godot/imported/35.png-2d1dcf12ea5b59d9773166da6fbef06e.ctex[39m[0m
[  61% ] [90m[1msavepack[22m | Storing File: res://assets/Humble Gift - Paper UI System v1.1/Sprites/Content Appear Animation/Plain/7 Dialogue Box/35.png.import[39m[0m
[  62% ] [90m[1msavepack[22m | Storing File: res://.godot/imported/36.png-3d4fbf24622b1d1cc1d4f771d7d2445d.ctex[39m[0m
[  62% ] [90m[1msavepack[22m | Storing File: res://assets/Humble Gift - Paper UI System v1.1/Sprites/Content Appear Animation/Plain/7 Dialogue Box/36.png.import[39m[0m
[  62% ] [90m[1msavepack[22m | Storing File: res://.godot/imported/37.png-eef6e81c483d8f70fa527328e102e94f.ctex[39m[0m
[  62% ] [90m[1msavepack[22m | Storing File: res://assets/Humble Gift - Paper UI System v1.1/Sprites/Content Appear Animation/Plain/7 Dialogue Box/37.png.import[39m[0m
[  62% ] [90m[1msavepack[22m | Storing File: res://.godot/imported/38.png-eb6936ae7c68d89a6489406c261dbe7e.ctex[39m[0m
[  62% ] [90m[1msavepack[22m | Storing File: res://assets/Humble Gift - Paper UI System v1.1/Sprites/Content Appear Animation/Plain/7 Dialogue Box/38.png.import[39m[0m
[  62% ] [90m[1msavepack[22m | Storing File: res://.godot/imported/39.png-b217994cfe9863bbde63d1e8809e639b.ctex[39m[0m
[  62% ] [90m[1msavepack[22m | Storing File: res://assets/Humble Gift - Paper UI System v1.1/Sprites/Content Appear Animation/Plain/7 Dialogue Box/39.png.import[39m[0m
[  62% ] [90m[1msavepack[22m | Storing File: res://.godot/imported/40.png-f773f33d8874b97eaeef6459d70227f2.ctex[39m[0m
[  62% ] [90m[1msavepack[22m | Storing File: res://assets/Humble Gift - Paper UI System v1.1/Sprites/Content Appear Animation/Plain/7 Dialogue Box/40.png.import[39m[0m
[  62% ] [90m[1msavepack[22m | Storing File: res://.godot/imported/41.png-05dbf273289e3fc14d477531b7a55b9f.ctex[39m[0m
[  62% ] [90m[1msavepack[22m | Storing File: res://assets/Humble Gift - Paper UI System v1.1/Sprites/Content Appear Animation/Plain/7 Dialogue Box/41.png.import[39m[0m
[  62% ] [90m[1msavepack[22m | Storing File: res://.godot/imported/42.png-245ee3815099d34337a2cfc25f009cb6.ctex[39m[0m
[  62% ] [90m[1msavepack[22m | Storing File: res://assets/Humble Gift - Paper UI System v1.1/Sprites/Content Appear Animation/Plain/7 Dialogue Box/42.png.import[39m[0m
[  62% ] [90m[1msavepack[22m | Storing File: res://.godot/imported/43.png-d212cb48fe450ab667465e56bcd52c02.ctex[39m[0m
[  62% ] [90m[1msavepack[22m | Storing File: res://assets/Humble Gift - Paper UI System v1.1/Sprites/Content Appear Animation/Plain/7 Dialogue Box/43.png.import[39m[0m
[  62% ] [90m[1msavepack[22m | Storing File: res://.godot/imported/44.png-a798281953354e7b0b4013e911f0d461.ctex[39m[0m
[  62% ] [90m[1msavepack[22m | Storing File: res://assets/Humble Gift - Paper UI System v1.1/Sprites/Content Appear Animation/Plain/7 Dialogue Box/44.png.import[39m[0m
[  62% ] [90m[1msavepack[22m | Storing File: res://.godot/imported/1.png-e50f9e8848844c0e98654d5c45f38f7c.ctex[39m[0m
[  62% ] [90m[1msavepack[22m | Storing File: res://assets/Humble Gift - Paper UI System v1.1/Sprites/Content Appear Animation/Plain/8 Shop/1.png.import[39m[0m
[  62% ] [90m[1msavepack[22m | Storing File: res://.godot/imported/2.png-0f2af47333478b551d233816b1542b14.ctex[39m[0m
[  62% ] [90m[1msavepack[22m | Storing File: res://assets/Humble Gift - Paper UI System v1.1/Sprites/Content Appear Animation/Plain/8 Shop/2.png.import[39m[0m
[  62% ] [90m[1msavepack[22m | Storing File: res://.godot/imported/3.png-197ea41566a205063c52f7220ac9de1b.ctex[39m[0m
[  62% ] [90m[1msavepack[22m | Storing File: res://assets/Humble Gift - Paper UI System v1.1/Sprites/Content Appear Animation/Plain/8 Shop/3.png.import[39m[0m
[  62% ] [90m[1msavepack[22m | Storing File: res://.godot/imported/4.png-ce1fc95692905f678cf79094ef50cb79.ctex[39m[0m
[  62% ] [90m[1msavepack[22m | Storing File: res://assets/Humble Gift - Paper UI System v1.1/Sprites/Content Appear Animation/Plain/8 Shop/4.png.import[39m[0m
[  62% ] [90m[1msavepack[22m | Storing File: res://.godot/imported/5.png-1dd266215b9a1e86b375946c458ca176.ctex[39m[0m
[  62% ] [90m[1msavepack[22m | Storing File: res://assets/Humble Gift - Paper UI System v1.1/Sprites/Content Appear Animation/Plain/8 Shop/5.png.import[39m[0m
[  62% ] [90m[1msavepack[22m | Storing File: res://.godot/imported/6.png-49a4ccd2da5c40215e63d1177fd40a62.ctex[39m[0m
[  62% ] [90m[1msavepack[22m | Storing File: res://assets/Humble Gift - Paper UI System v1.1/Sprites/Content Appear Animation/Plain/8 Shop/6.png.import[39m[0m
[  62% ] [90m[1msavepack[22m | Storing File: res://.godot/imported/7.png-06814ed01db9d79c5c9ee82a2319dd97.ctex[39m[0m
[  62% ] [90m[1msavepack[22m | Storing File: res://assets/Humble Gift - Paper UI System v1.1/Sprites/Content Appear Animation/Plain/8 Shop/7.png.import[39m[0m
[  62% ] [90m[1msavepack[22m | Storing File: res://.godot/imported/8.png-a839a85624d2b4bf6cf611661567686f.ctex[39m[0m
[  62% ] [90m[1msavepack[22m | Storing File: res://assets/Humble Gift - Paper UI System v1.1/Sprites/Content Appear Animation/Plain/8 Shop/8.png.import[39m[0m
[  62% ] [90m[1msavepack[22m | Storing File: res://.godot/imported/9.png-aac41d3ef80a8254057caf5d14c4cb83.ctex[39m[0m
[  62% ] [90m[1msavepack[22m | Storing File: res://assets/Humble Gift - Paper UI System v1.1/Sprites/Content Appear Animation/Plain/8 Shop/9.png.import[39m[0m
[  62% ] [90m[1msavepack[22m | Storing File: res://.godot/imported/10.png-53f21305bfc8aa5bef6a72d2bd0a3d93.ctex[39m[0m
[  62% ] [90m[1msavepack[22m | Storing File: res://assets/Humble Gift - Paper UI System v1.1/Sprites/Content Appear Animation/Plain/8 Shop/10.png.import[39m[0m
[  63% ] [90m[1msavepack[22m | Storing File: res://.godot/imported/11.png-78a921035aab6a079f084f5a83320227.ctex[39m[0m
[  63% ] [90m[1msavepack[22m | Storing File: res://assets/Humble Gift - Paper UI System v1.1/Sprites/Content Appear Animation/Plain/8 Shop/11.png.import[39m[0m
[  63% ] [90m[1msavepack[22m | Storing File: res://.godot/imported/12.png-4849de64a51f898c0f8b997ee7576355.ctex[39m[0m
[  63% ] [90m[1msavepack[22m | Storing File: res://assets/Humble Gift - Paper UI System v1.1/Sprites/Content Appear Animation/Plain/8 Shop/12.png.import[39m[0m
[  63% ] [90m[1msavepack[22m | Storing File: res://.godot/imported/13.png-0ac02fda4bfe8eee56f55913fcbe366c.ctex[39m[0m
[  63% ] [90m[1msavepack[22m | Storing File: res://assets/Humble Gift - Paper UI System v1.1/Sprites/Content Appear Animation/Plain/8 Shop/13.png.import[39m[0m
[  63% ] [90m[1msavepack[22m | Storing File: res://.godot/imported/14.png-7276d3c6409c6c8390d92db69a3ac91f.ctex[39m[0m
[  63% ] [90m[1msavepack[22m | Storing File: res://assets/Humble Gift - Paper UI System v1.1/Sprites/Content Appear Animation/Plain/8 Shop/14.png.import[39m[0m
[  63% ] [90m[1msavepack[22m | Storing File: res://.godot/imported/15.png-46fb9c596601486e16e103e517cd2145.ctex[39m[0m
[  63% ] [90m[1msavepack[22m | Storing File: res://assets/Humble Gift - Paper UI System v1.1/Sprites/Content Appear Animation/Plain/8 Shop/15.png.import[39m[0m
[  63% ] [90m[1msavepack[22m | Storing File: res://.godot/imported/16.png-08def35924b695ad0cf7ad7d29d425d1.ctex[39m[0m
[  63% ] [90m[1msavepack[22m | Storing File: res://assets/Humble Gift - Paper UI System v1.1/Sprites/Content Appear Animation/Plain/8 Shop/16.png.import[39m[0m
[  63% ] [90m[1msavepack[22m | Storing File: res://.godot/imported/17.png-a4789887095d3a0728deed7d4e5a5da9.ctex[39m[0m
[  63% ] [90m[1msavepack[22m | Storing File: res://assets/Humble Gift - Paper UI System v1.1/Sprites/Content Appear Animation/Plain/8 Shop/17.png.import[39m[0m
[  63% ] [90m[1msavepack[22m | Storing File: res://.godot/imported/18.png-74b306f0fd4edb672427ecb0dd4d67d1.ctex[39m[0m
[  63% ] [90m[1msavepack[22m | Storing File: res://assets/Humble Gift - Paper UI System v1.1/Sprites/Content Appear Animation/Plain/8 Shop/18.png.import[39m[0m
[  63% ] [90m[1msavepack[22m | Storing File: res://.godot/imported/19.png-54fe8017f525a56067ce3475c1a2dafb.ctex[39m[0m
[  63% ] [90m[1msavepack[22m | Storing File: res://assets/Humble Gift - Paper UI System v1.1/Sprites/Content Appear Animation/Plain/8 Shop/19.png.import[39m[0m
[  63% ] [90m[1msavepack[22m | Storing File: res://.godot/imported/20.png-146d5a2a9bd423285c62a801be53e6b6.ctex[39m[0m
[  63% ] [90m[1msavepack[22m | Storing File: res://assets/Humble Gift - Paper UI System v1.1/Sprites/Content Appear Animation/Plain/8 Shop/20.png.import[39m[0m
[  63% ] [90m[1msavepack[22m | Storing File: res://.godot/imported/21.png-618f44bc0dd884b267a4ec5f355ede55.ctex[39m[0m
[  63% ] [90m[1msavepack[22m | Storing File: res://assets/Humble Gift - Paper UI System v1.1/Sprites/Content Appear Animation/Plain/8 Shop/21.png.import[39m[0m
[  63% ] [90m[1msavepack[22m | Storing File: res://.godot/imported/22.png-c8297dd018c762a602c0e6e6de193d04.ctex[39m[0m
[  63% ] [90m[1msavepack[22m | Storing File: res://assets/Humble Gift - Paper UI System v1.1/Sprites/Content Appear Animation/Plain/8 Shop/22.png.import[39m[0m
[  63% ] [90m[1msavepack[22m | Storing File: res://.godot/imported/23.png-107a66d4e074676220c222ebac44bcfd.ctex[39m[0m
[  63% ] [90m[1msavepack[22m | Storing File: res://assets/Humble Gift - Paper UI System v1.1/Sprites/Content Appear Animation/Plain/8 Shop/23.png.import[39m[0m
[  63% ] [90m[1msavepack[22m | Storing File: res://.godot/imported/24.png-b46182a04cea08f86cf2f3aeec4c9ac0.ctex[39m[0m
[  63% ] [90m[1msavepack[22m | Storing File: res://assets/Humble Gift - Paper UI System v1.1/Sprites/Content Appear Animation/Plain/8 Shop/24.png.import[39m[0m
[  63% ] [90m[1msavepack[22m | Storing File: res://.godot/imported/25.png-7502670a011d7936a30a4b5454ebcd5c.ctex[39m[0m
[  63% ] [90m[1msavepack[22m | Storing File: res://assets/Humble Gift - Paper UI System v1.1/Sprites/Content Appear Animation/Plain/8 Shop/25.png.import[39m[0m
[  63% ] [90m[1msavepack[22m | Storing File: res://.godot/imported/26.png-6e2a7e620b8a3dc61752844062d8b90c.ctex[39m[0m
[  63% ] [90m[1msavepack[22m | Storing File: res://assets/Humble Gift - Paper UI System v1.1/Sprites/Content Appear Animation/Plain/8 Shop/26.png.import[39m[0m
[  63% ] [90m[1msavepack[22m | Storing File: res://.godot/imported/27.png-cb466454c76465f5d2fefb97d7130ac7.ctex[39m[0m
[  63% ] [90m[1msavepack[22m | Storing File: res://assets/Humble Gift - Paper UI System v1.1/Sprites/Content Appear Animation/Plain/8 Shop/27.png.import[39m[0m
[  63% ] [90m[1msavepack[22m | Storing File: res://.godot/imported/28.png-a629ae3d564e43d428c6e965eb850c6c.ctex[39m[0m
[  63% ] [90m[1msavepack[22m | Storing File: res://assets/Humble Gift - Paper UI System v1.1/Sprites/Content Appear Animation/Plain/8 Shop/28.png.import[39m[0m
[  63% ] [90m[1msavepack[22m | Storing File: res://.godot/imported/29.png-472c40f43ef919fdfbebe2c655c574eb.ctex[39m[0m
[  63% ] [90m[1msavepack[22m | Storing File: res://assets/Humble Gift - Paper UI System v1.1/Sprites/Content Appear Animation/Plain/8 Shop/29.png.import[39m[0m
[  64% ] [90m[1msavepack[22m | Storing File: res://.godot/imported/30.png-ddff0e190fb545e9986788f1eca61755.ctex[39m[0m
[  64% ] [90m[1msavepack[22m | Storing File: res://assets/Humble Gift - Paper UI System v1.1/Sprites/Content Appear Animation/Plain/8 Shop/30.png.import[39m[0m
[  64% ] [90m[1msavepack[22m | Storing File: res://.godot/imported/31.png-f38c9897672d8e66fa2bb69438714ff3.ctex[39m[0m
[  64% ] [90m[1msavepack[22m | Storing File: res://assets/Humble Gift - Paper UI System v1.1/Sprites/Content Appear Animation/Plain/8 Shop/31.png.import[39m[0m
[  64% ] [90m[1msavepack[22m | Storing File: res://.godot/imported/32.png-7d4e5767da4dd44e0c94aefe835b093b.ctex[39m[0m
[  64% ] [90m[1msavepack[22m | Storing File: res://assets/Humble Gift - Paper UI System v1.1/Sprites/Content Appear Animation/Plain/8 Shop/32.png.import[39m[0m
[  64% ] [90m[1msavepack[22m | Storing File: res://.godot/imported/33.png-286cb75fe8517c967830daa21fa5d03d.ctex[39m[0m
[  64% ] [90m[1msavepack[22m | Storing File: res://assets/Humble Gift - Paper UI System v1.1/Sprites/Content Appear Animation/Plain/8 Shop/33.png.import[39m[0m
[  64% ] [90m[1msavepack[22m | Storing File: res://.godot/imported/34.png-61b9d3d51cb650370be5bd451224d2db.ctex[39m[0m
[  64% ] [90m[1msavepack[22m | Storing File: res://assets/Humble Gift - Paper UI System v1.1/Sprites/Content Appear Animation/Plain/8 Shop/34.png.import[39m[0m
[  64% ] [90m[1msavepack[22m | Storing File: res://.godot/imported/35.png-b58aa30e3e9ddcec45f4c8a904b4c3aa.ctex[39m[0m
[  64% ] [90m[1msavepack[22m | Storing File: res://assets/Humble Gift - Paper UI System v1.1/Sprites/Content Appear Animation/Plain/8 Shop/35.png.import[39m[0m
[  64% ] [90m[1msavepack[22m | Storing File: res://.godot/imported/36.png-1f9effa99ab7ad2ccf35b4ee4ea55b80.ctex[39m[0m
[  64% ] [90m[1msavepack[22m | Storing File: res://assets/Humble Gift - Paper UI System v1.1/Sprites/Content Appear Animation/Plain/8 Shop/36.png.import[39m[0m
[  64% ] [90m[1msavepack[22m | Storing File: res://.godot/imported/1.png-609cfb1562807ae665474bd12ce19b9e.ctex[39m[0m
[  64% ] [90m[1msavepack[22m | Storing File: res://assets/Humble Gift - Paper UI System v1.1/Sprites/Content Appear Animation/Plain/9 Calender/1.png.import[39m[0m
[  64% ] [90m[1msavepack[22m | Storing File: res://.godot/imported/2.png-358f8b340ee4677dff4141f52678c54d.ctex[39m[0m
[  64% ] [90m[1msavepack[22m | Storing File: res://assets/Humble Gift - Paper UI System v1.1/Sprites/Content Appear Animation/Plain/9 Calender/2.png.import[39m[0m
[  64% ] [90m[1msavepack[22m | Storing File: res://.godot/imported/3.png-4c36aa0486d70278bfc96d969e6a5072.ctex[39m[0m
[  64% ] [90m[1msavepack[22m | Storing File: res://assets/Humble Gift - Paper UI System v1.1/Sprites/Content Appear Animation/Plain/9 Calender/3.png.import[39m[0m
[  64% ] [90m[1msavepack[22m | Storing File: res://.godot/imported/4.png-b9f127405836051574fdfa9fb424b12e.ctex[39m[0m
[  64% ] [90m[1msavepack[22m | Storing File: res://assets/Humble Gift - Paper UI System v1.1/Sprites/Content Appear Animation/Plain/9 Calender/4.png.import[39m[0m
[  64% ] [90m[1msavepack[22m | Storing File: res://.godot/imported/5.png-6a0b4c5e4222c3a3aab3136c54b63e3e.ctex[39m[0m
[  64% ] [90m[1msavepack[22m | Storing File: res://assets/Humble Gift - Paper UI System v1.1/Sprites/Content Appear Animation/Plain/9 Calender/5.png.import[39m[0m
[  64% ] [90m[1msavepack[22m | Storing File: res://.godot/imported/6.png-e0baf588de8ba1b584cce64db05eff33.ctex[39m[0m
[  64% ] [90m[1msavepack[22m | Storing File: res://assets/Humble Gift - Paper UI System v1.1/Sprites/Content Appear Animation/Plain/9 Calender/6.png.import[39m[0m
[  64% ] [90m[1msavepack[22m | Storing File: res://.godot/imported/7.png-1756f05c07df7ce4dd4dccebd1c39f61.ctex[39m[0m
[  64% ] [90m[1msavepack[22m | Storing File: res://assets/Humble Gift - Paper UI System v1.1/Sprites/Content Appear Animation/Plain/9 Calender/7.png.import[39m[0m
[  64% ] [90m[1msavepack[22m | Storing File: res://.godot/imported/8.png-683eb38d27544e424d26a5a643ad8069.ctex[39m[0m
[  64% ] [90m[1msavepack[22m | Storing File: res://assets/Humble Gift - Paper UI System v1.1/Sprites/Content Appear Animation/Plain/9 Calender/8.png.import[39m[0m
[  64% ] [90m[1msavepack[22m | Storing File: res://.godot/imported/9.png-5930d187321845769339220d19d53c19.ctex[39m[0m
[  64% ] [90m[1msavepack[22m | Storing File: res://assets/Humble Gift - Paper UI System v1.1/Sprites/Content Appear Animation/Plain/9 Calender/9.png.import[39m[0m
[  64% ] [90m[1msavepack[22m | Storing File: res://.godot/imported/10.png-4020025a95ee7afc006980eb11e9f769.ctex[39m[0m
[  64% ] [90m[1msavepack[22m | Storing File: res://assets/Humble Gift - Paper UI System v1.1/Sprites/Content Appear Animation/Plain/9 Calender/10.png.import[39m[0m
[  64% ] [90m[1msavepack[22m | Storing File: res://.godot/imported/11.png-5afcc911b267ca3a824bb2f434dcb09b.ctex[39m[0m
[  64% ] [90m[1msavepack[22m | Storing File: res://assets/Humble Gift - Paper UI System v1.1/Sprites/Content Appear Animation/Plain/9 Calender/11.png.import[39m[0m
[  64% ] [90m[1msavepack[22m | Storing File: res://.godot/imported/12.png-6a6476a259918d35e3f34d373dae1479.ctex[39m[0m
[  64% ] [90m[1msavepack[22m | Storing File: res://assets/Humble Gift - Paper UI System v1.1/Sprites/Content Appear Animation/Plain/9 Calender/12.png.import[39m[0m
[  65% ] [90m[1msavepack[22m | Storing File: res://.godot/imported/13.png-f70f1094766b88f0e08aa2091aefa5c3.ctex[39m[0m
[  65% ] [90m[1msavepack[22m | Storing File: res://assets/Humble Gift - Paper UI System v1.1/Sprites/Content Appear Animation/Plain/9 Calender/13.png.import[39m[0m
[  65% ] [90m[1msavepack[22m | Storing File: res://.godot/imported/14.png-51a29f84bb6c8764eca0cb614c0df02e.ctex[39m[0m
[  65% ] [90m[1msavepack[22m | Storing File: res://assets/Humble Gift - Paper UI System v1.1/Sprites/Content Appear Animation/Plain/9 Calender/14.png.import[39m[0m
[  65% ] [90m[1msavepack[22m | Storing File: res://.godot/imported/15.png-72d894288bb58c1580658d12934e0884.ctex[39m[0m
[  65% ] [90m[1msavepack[22m | Storing File: res://assets/Humble Gift - Paper UI System v1.1/Sprites/Content Appear Animation/Plain/9 Calender/15.png.import[39m[0m
[  65% ] [90m[1msavepack[22m | Storing File: res://.godot/imported/16.png-2a9f8762b24653a7a91aa74f2dc44482.ctex[39m[0m
[  65% ] [90m[1msavepack[22m | Storing File: res://assets/Humble Gift - Paper UI System v1.1/Sprites/Content Appear Animation/Plain/9 Calender/16.png.import[39m[0m
[  65% ] [90m[1msavepack[22m | Storing File: res://.godot/imported/17.png-a3751ae6595a03425a50e8b8bd986683.ctex[39m[0m
[  65% ] [90m[1msavepack[22m | Storing File: res://assets/Humble Gift - Paper UI System v1.1/Sprites/Content Appear Animation/Plain/9 Calender/17.png.import[39m[0m
[  65% ] [90m[1msavepack[22m | Storing File: res://.godot/imported/18.png-a14ae9ec3fb870e6cdff87f0e36ed59f.ctex[39m[0m
[  65% ] [90m[1msavepack[22m | Storing File: res://assets/Humble Gift - Paper UI System v1.1/Sprites/Content Appear Animation/Plain/9 Calender/18.png.import[39m[0m
[  65% ] [90m[1msavepack[22m | Storing File: res://.godot/imported/19.png-8299f9d2ed24c4a72c9b80d8934dc9f6.ctex[39m[0m
[  65% ] [90m[1msavepack[22m | Storing File: res://assets/Humble Gift - Paper UI System v1.1/Sprites/Content Appear Animation/Plain/9 Calender/19.png.import[39m[0m
[  65% ] [90m[1msavepack[22m | Storing File: res://.godot/imported/20.png-bb77963e8016c3fbcd7db50f8acb9fe1.ctex[39m[0m
[  65% ] [90m[1msavepack[22m | Storing File: res://assets/Humble Gift - Paper UI System v1.1/Sprites/Content Appear Animation/Plain/9 Calender/20.png.import[39m[0m
[  65% ] [90m[1msavepack[22m | Storing File: res://.godot/imported/21.png-4fb8fdff81278079ba93ab4c9b9ff826.ctex[39m[0m
[  65% ] [90m[1msavepack[22m | Storing File: res://assets/Humble Gift - Paper UI System v1.1/Sprites/Content Appear Animation/Plain/9 Calender/21.png.import[39m[0m
[  65% ] [90m[1msavepack[22m | Storing File: res://.godot/imported/22.png-c7c3d53fd853c7cb14ade153f21a0dcf.ctex[39m[0m
[  65% ] [90m[1msavepack[22m | Storing File: res://assets/Humble Gift - Paper UI System v1.1/Sprites/Content Appear Animation/Plain/9 Calender/22.png.import[39m[0m
[  65% ] [90m[1msavepack[22m | Storing File: res://.godot/imported/23.png-8135c73b8d774a632ae14b92914a2a26.ctex[39m[0m
[  65% ] [90m[1msavepack[22m | Storing File: res://assets/Humble Gift - Paper UI System v1.1/Sprites/Content Appear Animation/Plain/9 Calender/23.png.import[39m[0m
[  65% ] [90m[1msavepack[22m | Storing File: res://.godot/imported/24.png-47da735215850ea7157f710384efb7ff.ctex[39m[0m
[  65% ] [90m[1msavepack[22m | Storing File: res://assets/Humble Gift - Paper UI System v1.1/Sprites/Content Appear Animation/Plain/9 Calender/24.png.import[39m[0m
[  65% ] [90m[1msavepack[22m | Storing File: res://.godot/imported/25.png-0f99b5cfca1976d1cd92b67def9f1732.ctex[39m[0m
[  65% ] [90m[1msavepack[22m | Storing File: res://assets/Humble Gift - Paper UI System v1.1/Sprites/Content Appear Animation/Plain/9 Calender/25.png.import[39m[0m
[  65% ] [90m[1msavepack[22m | Storing File: res://.godot/imported/26.png-163fdd7160ba85249ae23745cac3e66c.ctex[39m[0m
[  65% ] [90m[1msavepack[22m | Storing File: res://assets/Humble Gift - Paper UI System v1.1/Sprites/Content Appear Animation/Plain/9 Calender/26.png.import[39m[0m
[  65% ] [90m[1msavepack[22m | Storing File: res://.godot/imported/27.png-88a910a001eed7403a35be2cecab5f58.ctex[39m[0m
[  65% ] [90m[1msavepack[22m | Storing File: res://assets/Humble Gift - Paper UI System v1.1/Sprites/Content Appear Animation/Plain/9 Calender/27.png.import[39m[0m
[  65% ] [90m[1msavepack[22m | Storing File: res://.godot/imported/28.png-92610eaa97edad4c18032d7cd2c5a83d.ctex[39m[0m
[  65% ] [90m[1msavepack[22m | Storing File: res://assets/Humble Gift - Paper UI System v1.1/Sprites/Content Appear Animation/Plain/9 Calender/28.png.import[39m[0m
[  65% ] [90m[1msavepack[22m | Storing File: res://.godot/imported/29.png-20420d44b749b0881ce58aae2f3b1be3.ctex[39m[0m
[  65% ] [90m[1msavepack[22m | Storing File: res://assets/Humble Gift - Paper UI System v1.1/Sprites/Content Appear Animation/Plain/9 Calender/29.png.import[39m[0m
[  65% ] [90m[1msavepack[22m | Storing File: res://.godot/imported/30.png-07dcc0e99dace62667713ba689e767c1.ctex[39m[0m
[  65% ] [90m[1msavepack[22m | Storing File: res://assets/Humble Gift - Paper UI System v1.1/Sprites/Content Appear Animation/Plain/9 Calender/30.png.import[39m[0m
[  65% ] [90m[1msavepack[22m | Storing File: res://.godot/imported/31.png-0fc58d12f5ab4ef713c3cfe50331254a.ctex[39m[0m
[  65% ] [90m[1msavepack[22m | Storing File: res://assets/Humble Gift - Paper UI System v1.1/Sprites/Content Appear Animation/Plain/9 Calender/31.png.import[39m[0m
[  65% ] [90m[1msavepack[22m | Storing File: res://.godot/imported/32.png-72e8b47ec1c014d2af60fe124ca7040c.ctex[39m[0m
[  65% ] [90m[1msavepack[22m | Storing File: res://assets/Humble Gift - Paper UI System v1.1/Sprites/Content Appear Animation/Plain/9 Calender/32.png.import[39m[0m
[  66% ] [90m[1msavepack[22m | Storing File: res://.godot/imported/33.png-dd168489ba58cb565670b3c08c5c4f9a.ctex[39m[0m
[  66% ] [90m[1msavepack[22m | Storing File: res://assets/Humble Gift - Paper UI System v1.1/Sprites/Content Appear Animation/Plain/9 Calender/33.png.import[39m[0m
[  66% ] [90m[1msavepack[22m | Storing File: res://.godot/imported/34.png-dc87d50166e0a316cf5aff358f1c2bcf.ctex[39m[0m
[  66% ] [90m[1msavepack[22m | Storing File: res://assets/Humble Gift - Paper UI System v1.1/Sprites/Content Appear Animation/Plain/9 Calender/34.png.import[39m[0m
[  66% ] [90m[1msavepack[22m | Storing File: res://.godot/imported/35.png-8f06d3dd24ed62f57e9ff9ee32dd7d1b.ctex[39m[0m
[  66% ] [90m[1msavepack[22m | Storing File: res://assets/Humble Gift - Paper UI System v1.1/Sprites/Content Appear Animation/Plain/9 Calender/35.png.import[39m[0m
[  66% ] [90m[1msavepack[22m | Storing File: res://.godot/imported/36.png-9140e3afba79a6b71f592d3586530f73.ctex[39m[0m
[  66% ] [90m[1msavepack[22m | Storing File: res://assets/Humble Gift - Paper UI System v1.1/Sprites/Content Appear Animation/Plain/9 Calender/36.png.import[39m[0m
[  66% ] [90m[1msavepack[22m | Storing File: res://.godot/imported/37.png-46438e1e6580fa6b9342b888ef13640c.ctex[39m[0m
[  66% ] [90m[1msavepack[22m | Storing File: res://assets/Humble Gift - Paper UI System v1.1/Sprites/Content Appear Animation/Plain/9 Calender/37.png.import[39m[0m
[  66% ] [90m[1msavepack[22m | Storing File: res://.godot/imported/38.png-0f93531e30e78202d93a7b4e3ebbfb17.ctex[39m[0m
[  66% ] [90m[1msavepack[22m | Storing File: res://assets/Humble Gift - Paper UI System v1.1/Sprites/Content Appear Animation/Plain/9 Calender/38.png.import[39m[0m
[  66% ] [90m[1msavepack[22m | Storing File: res://.godot/imported/39.png-82900191bbda4793886e70efef03d401.ctex[39m[0m
[  66% ] [90m[1msavepack[22m | Storing File: res://assets/Humble Gift - Paper UI System v1.1/Sprites/Content Appear Animation/Plain/9 Calender/39.png.import[39m[0m
[  66% ] [90m[1msavepack[22m | Storing File: res://.godot/imported/40.png-511a9b1192e9a7865ef5135d11ca90b1.ctex[39m[0m
[  66% ] [90m[1msavepack[22m | Storing File: res://assets/Humble Gift - Paper UI System v1.1/Sprites/Content Appear Animation/Plain/9 Calender/40.png.import[39m[0m
[  66% ] [90m[1msavepack[22m | Storing File: res://.godot/imported/41.png-cf34d478e5e62e5ce6d504256972dd67.ctex[39m[0m
[  66% ] [90m[1msavepack[22m | Storing File: res://assets/Humble Gift - Paper UI System v1.1/Sprites/Content Appear Animation/Plain/9 Calender/41.png.import[39m[0m
[  66% ] [90m[1msavepack[22m | Storing File: res://.godot/imported/42.png-e77087e7689f580ba43501a1dfd1651c.ctex[39m[0m
[  66% ] [90m[1msavepack[22m | Storing File: res://assets/Humble Gift - Paper UI System v1.1/Sprites/Content Appear Animation/Plain/9 Calender/42.png.import[39m[0m
[  66% ] [90m[1msavepack[22m | Storing File: res://.godot/imported/43.png-54767edfcba705c18a831f2ab48bcf39.ctex[39m[0m
[  66% ] [90m[1msavepack[22m | Storing File: res://assets/Humble Gift - Paper UI System v1.1/Sprites/Content Appear Animation/Plain/9 Calender/43.png.import[39m[0m
[  66% ] [90m[1msavepack[22m | Storing File: res://.godot/imported/44.png-798b68b8e9bfb4b8e27d4417c93766a0.ctex[39m[0m
[  66% ] [90m[1msavepack[22m | Storing File: res://assets/Humble Gift - Paper UI System v1.1/Sprites/Content Appear Animation/Plain/9 Calender/44.png.import[39m[0m
[  66% ] [90m[1msavepack[22m | Storing File: res://.godot/imported/45.png-5ac78d1a6f625d207b01d3a720421cb4.ctex[39m[0m
[  66% ] [90m[1msavepack[22m | Storing File: res://assets/Humble Gift - Paper UI System v1.1/Sprites/Content Appear Animation/Plain/9 Calender/45.png.import[39m[0m
[  66% ] [90m[1msavepack[22m | Storing File: res://.godot/imported/46.png-81b5104f441db3b85dd2e9122923b0b6.ctex[39m[0m
[  66% ] [90m[1msavepack[22m | Storing File: res://assets/Humble Gift - Paper UI System v1.1/Sprites/Content Appear Animation/Plain/9 Calender/46.png.import[39m[0m
[  66% ] [90m[1msavepack[22m | Storing File: res://.godot/imported/47.png-887e3dd6cdfc43e6b12ee3a725e09eb6.ctex[39m[0m
[  66% ] [90m[1msavepack[22m | Storing File: res://assets/Humble Gift - Paper UI System v1.1/Sprites/Content Appear Animation/Plain/9 Calender/47.png.import[39m[0m
[  66% ] [90m[1msavepack[22m | Storing File: res://.godot/imported/48.png-673b290b1e0a52dd603d874b2e33e01a.ctex[39m[0m
[  66% ] [90m[1msavepack[22m | Storing File: res://assets/Humble Gift - Paper UI System v1.1/Sprites/Content Appear Animation/Plain/9 Calender/48.png.import[39m[0m
[  66% ] [90m[1msavepack[22m | Storing File: res://.godot/imported/49.png-d53316ad9f8ff1f4e7142ee17b4d177f.ctex[39m[0m
[  66% ] [90m[1msavepack[22m | Storing File: res://assets/Humble Gift - Paper UI System v1.1/Sprites/Content Appear Animation/Plain/9 Calender/49.png.import[39m[0m
[  66% ] [90m[1msavepack[22m | Storing File: res://.godot/imported/1.png-04d9510e277e4af3b0a404c7d63739b2.ctex[39m[0m
[  66% ] [90m[1msavepack[22m | Storing File: res://assets/Humble Gift - Paper UI System v1.1/Sprites/Day & Night Cycle/Full/1 Dawn/1.png.import[39m[0m
[  66% ] [90m[1msavepack[22m | Storing File: res://.godot/imported/2.png-06d7cb07bab1b03c82b3d6433d75610c.ctex[39m[0m
[  66% ] [90m[1msavepack[22m | Storing File: res://assets/Humble Gift - Paper UI System v1.1/Sprites/Day & Night Cycle/Full/1 Dawn/2.png.import[39m[0m
[  66% ] [90m[1msavepack[22m | Storing File: res://.godot/imported/3.png-80fc99e314332af42bee89687d48801d.ctex[39m[0m
[  66% ] [90m[1msavepack[22m | Storing File: res://assets/Humble Gift - Paper UI System v1.1/Sprites/Day & Night Cycle/Full/1 Dawn/3.png.import[39m[0m
[  66% ] [90m[1msavepack[22m | Storing File: res://.godot/imported/4.png-52c441baf161da1518daf3eef57d3692.ctex[39m[0m
[  66% ] [90m[1msavepack[22m | Storing File: res://assets/Humble Gift - Paper UI System v1.1/Sprites/Day & Night Cycle/Full/1 Dawn/4.png.import[39m[0m
[  66% ] [90m[1msavepack[22m | Storing File: res://.godot/imported/5.png-4c3def9445e3e078c2efd82bcf31bddc.ctex[39m[0m
[  66% ] [90m[1msavepack[22m | Storing File: res://assets/Humble Gift - Paper UI System v1.1/Sprites/Day & Night Cycle/Full/1 Dawn/5.png.import[39m[0m
[  66% ] [90m[1msavepack[22m | Storing File: res://.godot/imported/6.png-7a9f5d2adc2f528f8fbb87f7c301c1c7.ctex[39m[0m
[  66% ] [90m[1msavepack[22m | Storing File: res://assets/Humble Gift - Paper UI System v1.1/Sprites/Day & Night Cycle/Full/1 Dawn/6.png.import[39m[0m
[  66% ] [90m[1msavepack[22m | Storing File: res://.godot/imported/7.png-dc605bb21c8475c9a39713b234e0d9dc.ctex[39m[0m
[  66% ] [90m[1msavepack[22m | Storing File: res://assets/Humble Gift - Paper UI System v1.1/Sprites/Day & Night Cycle/Full/1 Dawn/7.png.import[39m[0m
[  66% ] [90m[1msavepack[22m | Storing File: res://.godot/imported/8.png-13ae48d9aa913ab0d8b6991f305ae100.ctex[39m[0m
[  66% ] [90m[1msavepack[22m | Storing File: res://assets/Humble Gift - Paper UI System v1.1/Sprites/Day & Night Cycle/Full/1 Dawn/8.png.import[39m[0m
[  66% ] [90m[1msavepack[22m | Storing File: res://.godot/imported/9.png-4664af85bbe0b6ea224b7d483b165f0d.ctex[39m[0m
[  66% ] [90m[1msavepack[22m | Storing File: res://assets/Humble Gift - Paper UI System v1.1/Sprites/Day & Night Cycle/Full/1 Dawn/9.png.import[39m[0m
[  66% ] [90m[1msavepack[22m | Storing File: res://.godot/imported/10.png-5bcfb32ee7503130b0bbdb3ea57fe274.ctex[39m[0m
[  66% ] [90m[1msavepack[22m | Storing File: res://assets/Humble Gift - Paper UI System v1.1/Sprites/Day & Night Cycle/Full/1 Dawn/10.png.import[39m[0m
[  66% ] [90m[1msavepack[22m | Storing File: res://.godot/imported/1.png-1e47f6f6e778cf534315479a4073fba3.ctex[39m[0m
[  66% ] [90m[1msavepack[22m | Storing File: res://assets/Humble Gift - Paper UI System v1.1/Sprites/Day & Night Cycle/Full/2 Day/1.png.import[39m[0m
[  66% ] [90m[1msavepack[22m | Storing File: res://.godot/imported/2.png-f06f681fe3adcc6f92825febfc396aa1.ctex[39m[0m
[  66% ] [90m[1msavepack[22m | Storing File: res://assets/Humble Gift - Paper UI System v1.1/Sprites/Day & Night Cycle/Full/2 Day/2.png.import[39m[0m
[  66% ] [90m[1msavepack[22m | Storing File: res://.godot/imported/3.png-b2ae6c16a7794ffc8be1468eb9d26dfa.ctex[39m[0m
[  66% ] [90m[1msavepack[22m | Storing File: res://assets/Humble Gift - Paper UI System v1.1/Sprites/Day & Night Cycle/Full/2 Day/3.png.import[39m[0m
[  66% ] [90m[1msavepack[22m | Storing File: res://.godot/imported/4.png-24c12880b7a5ea343f6f0f77942a36d8.ctex[39m[0m
[  66% ] [90m[1msavepack[22m | Storing File: res://assets/Humble Gift - Paper UI System v1.1/Sprites/Day & Night Cycle/Full/2 Day/4.png.import[39m[0m
[  66% ] [90m[1msavepack[22m | Storing File: res://.godot/imported/5.png-ef2553b3be48cf603ef3f400ae946078.ctex[39m[0m
[  66% ] [90m[1msavepack[22m | Storing File: res://assets/Humble Gift - Paper UI System v1.1/Sprites/Day & Night Cycle/Full/2 Day/5.png.import[39m[0m
[  66% ] [90m[1msavepack[22m | Storing File: res://.godot/imported/6.png-eaa7b2519f9a5193d5ca0d89e159b8eb.ctex[39m[0m
[  66% ] [90m[1msavepack[22m | Storing File: res://assets/Humble Gift - Paper UI System v1.1/Sprites/Day & Night Cycle/Full/2 Day/6.png.import[39m[0m
[  66% ] [90m[1msavepack[22m | Storing File: res://.godot/imported/7.png-1beedc2457d803e2978364d226820982.ctex[39m[0m
[  66% ] [90m[1msavepack[22m | Storing File: res://assets/Humble Gift - Paper UI System v1.1/Sprites/Day & Night Cycle/Full/2 Day/7.png.import[39m[0m
[  66% ] [90m[1msavepack[22m | Storing File: res://.godot/imported/8.png-75d5d627a2c305bb0747a552abc93559.ctex[39m[0m
[  66% ] [90m[1msavepack[22m | Storing File: res://assets/Humble Gift - Paper UI System v1.1/Sprites/Day & Night Cycle/Full/2 Day/8.png.import[39m[0m
[  66% ] [90m[1msavepack[22m | Storing File: res://.godot/imported/9.png-a2f9fbb08a780436d897ca1b9f5bd1ac.ctex[39m[0m
[  66% ] [90m[1msavepack[22m | Storing File: res://assets/Humble Gift - Paper UI System v1.1/Sprites/Day & Night Cycle/Full/2 Day/9.png.import[39m[0m
[  66% ] [90m[1msavepack[22m | Storing File: res://.godot/imported/10.png-d52f2aa599986dc1ede95a45714f2bd2.ctex[39m[0m
[  66% ] [90m[1msavepack[22m | Storing File: res://assets/Humble Gift - Paper UI System v1.1/Sprites/Day & Night Cycle/Full/2 Day/10.png.import[39m[0m
[  66% ] [90m[1msavepack[22m | Storing File: res://.godot/imported/1.png-8099685c6a35520a91bf9d87c6b30170.ctex[39m[0m
[  66% ] [90m[1msavepack[22m | Storing File: res://assets/Humble Gift - Paper UI System v1.1/Sprites/Day & Night Cycle/Full/3 Noon/1.png.import[39m[0m
[  67% ] [90m[1msavepack[22m | Storing File: res://.godot/imported/2.png-507dfefad08a81f2f408de8729cc49ad.ctex[39m[0m
[  67% ] [90m[1msavepack[22m | Storing File: res://assets/Humble Gift - Paper UI System v1.1/Sprites/Day & Night Cycle/Full/3 Noon/2.png.import[39m[0m
[  67% ] [90m[1msavepack[22m | Storing File: res://.godot/imported/3.png-bc2158536a526aa5814518f3ee52b47b.ctex[39m[0m
[  67% ] [90m[1msavepack[22m | Storing File: res://assets/Humble Gift - Paper UI System v1.1/Sprites/Day & Night Cycle/Full/3 Noon/3.png.import[39m[0m
[  67% ] [90m[1msavepack[22m | Storing File: res://.godot/imported/4.png-56bc4bc66ddd9ca189d870411aa2f8a6.ctex[39m[0m
[  67% ] [90m[1msavepack[22m | Storing File: res://assets/Humble Gift - Paper UI System v1.1/Sprites/Day & Night Cycle/Full/3 Noon/4.png.import[39m[0m
[  67% ] [90m[1msavepack[22m | Storing File: res://.godot/imported/5.png-c92ff619cd7c890700a2ea7c57de2b12.ctex[39m[0m
[  67% ] [90m[1msavepack[22m | Storing File: res://assets/Humble Gift - Paper UI System v1.1/Sprites/Day & Night Cycle/Full/3 Noon/5.png.import[39m[0m
[  67% ] [90m[1msavepack[22m | Storing File: res://.godot/imported/6.png-a88ed3bda22d27487ecba44fcb6000ff.ctex[39m[0m
[  67% ] [90m[1msavepack[22m | Storing File: res://assets/Humble Gift - Paper UI System v1.1/Sprites/Day & Night Cycle/Full/3 Noon/6.png.import[39m[0m
[  67% ] [90m[1msavepack[22m | Storing File: res://.godot/imported/7.png-7195dc8b61b7bd886eadcbb2fb8f49f2.ctex[39m[0m
[  67% ] [90m[1msavepack[22m | Storing File: res://assets/Humble Gift - Paper UI System v1.1/Sprites/Day & Night Cycle/Full/3 Noon/7.png.import[39m[0m
[  67% ] [90m[1msavepack[22m | Storing File: res://.godot/imported/8.png-662d1852ab3a2c7296afdd426226710f.ctex[39m[0m
[  67% ] [90m[1msavepack[22m | Storing File: res://assets/Humble Gift - Paper UI System v1.1/Sprites/Day & Night Cycle/Full/3 Noon/8.png.import[39m[0m
[  67% ] [90m[1msavepack[22m | Storing File: res://.godot/imported/9.png-160e09a175bbf1268b436e054ec25c00.ctex[39m[0m
[  67% ] [90m[1msavepack[22m | Storing File: res://assets/Humble Gift - Paper UI System v1.1/Sprites/Day & Night Cycle/Full/3 Noon/9.png.import[39m[0m
[  67% ] [90m[1msavepack[22m | Storing File: res://.godot/imported/10.png-793f62d0a9f3ce0f38ec593ffeae41e8.ctex[39m[0m
[  67% ] [90m[1msavepack[22m | Storing File: res://assets/Humble Gift - Paper UI System v1.1/Sprites/Day & Night Cycle/Full/3 Noon/10.png.import[39m[0m
[  67% ] [90m[1msavepack[22m | Storing File: res://.godot/imported/1.png-a7ab243bb9f150968cae01452bd50775.ctex[39m[0m
[  67% ] [90m[1msavepack[22m | Storing File: res://assets/Humble Gift - Paper UI System v1.1/Sprites/Day & Night Cycle/Full/4 Night/1.png.import[39m[0m
[  67% ] [90m[1msavepack[22m | Storing File: res://.godot/imported/2.png-17774b0ea71286e2f5782a53437a63b3.ctex[39m[0m
[  67% ] [90m[1msavepack[22m | Storing File: res://assets/Humble Gift - Paper UI System v1.1/Sprites/Day & Night Cycle/Full/4 Night/2.png.import[39m[0m
[  67% ] [90m[1msavepack[22m | Storing File: res://.godot/imported/3.png-bdf4544b6f033adecbf97bf20d5f5587.ctex[39m[0m
[  67% ] [90m[1msavepack[22m | Storing File: res://assets/Humble Gift - Paper UI System v1.1/Sprites/Day & Night Cycle/Full/4 Night/3.png.import[39m[0m
[  67% ] [90m[1msavepack[22m | Storing File: res://.godot/imported/4.png-8db5f659ba782e214e21620532682565.ctex[39m[0m
[  67% ] [90m[1msavepack[22m | Storing File: res://assets/Humble Gift - Paper UI System v1.1/Sprites/Day & Night Cycle/Full/4 Night/4.png.import[39m[0m
[  67% ] [90m[1msavepack[22m | Storing File: res://.godot/imported/5.png-e350b90b2dacb582e34637186a6929b8.ctex[39m[0m
[  67% ] [90m[1msavepack[22m | Storing File: res://assets/Humble Gift - Paper UI System v1.1/Sprites/Day & Night Cycle/Full/4 Night/5.png.import[39m[0m
[  67% ] [90m[1msavepack[22m | Storing File: res://.godot/imported/6.png-9dcfdff5a41ef3e6ae4f418c4cc69130.ctex[39m[0m
[  67% ] [90m[1msavepack[22m | Storing File: res://assets/Humble Gift - Paper UI System v1.1/Sprites/Day & Night Cycle/Full/4 Night/6.png.import[39m[0m
[  67% ] [90m[1msavepack[22m | Storing File: res://.godot/imported/7.png-ee01d32201233823e284fb0f36c45a5a.ctex[39m[0m
[  67% ] [90m[1msavepack[22m | Storing File: res://assets/Humble Gift - Paper UI System v1.1/Sprites/Day & Night Cycle/Full/4 Night/7.png.import[39m[0m
[  67% ] [90m[1msavepack[22m | Storing File: res://.godot/imported/8.png-4f87f71e29f5b2164daf940357aa0311.ctex[39m[0m
[  67% ] [90m[1msavepack[22m | Storing File: res://assets/Humble Gift - Paper UI System v1.1/Sprites/Day & Night Cycle/Full/4 Night/8.png.import[39m[0m
[  67% ] [90m[1msavepack[22m | Storing File: res://.godot/imported/9.png-801143fa95995cd5ffa77f951600ff8f.ctex[39m[0m
[  67% ] [90m[1msavepack[22m | Storing File: res://assets/Humble Gift - Paper UI System v1.1/Sprites/Day & Night Cycle/Full/4 Night/9.png.import[39m[0m
[  67% ] [90m[1msavepack[22m | Storing File: res://.godot/imported/10.png-c88ec1f2d896f97dffa17769e0835526.ctex[39m[0m
[  67% ] [90m[1msavepack[22m | Storing File: res://assets/Humble Gift - Paper UI System v1.1/Sprites/Day & Night Cycle/Full/4 Night/10.png.import[39m[0m
[  68% ] [90m[1msavepack[22m | Storing File: res://.godot/imported/1.png-da0f6377aefb89336b4309a443edcbc7.ctex[39m[0m
[  68% ] [90m[1msavepack[22m | Storing File: res://assets/Humble Gift - Paper UI System v1.1/Sprites/Day & Night Cycle/Full/5 Lightning 1/1.png.import[39m[0m
[  68% ] [90m[1msavepack[22m | Storing File: res://.godot/imported/2.png-d2f41ecde44bae55a36ad57e255cbbeb.ctex[39m[0m
[  68% ] [90m[1msavepack[22m | Storing File: res://assets/Humble Gift - Paper UI System v1.1/Sprites/Day & Night Cycle/Full/5 Lightning 1/2.png.import[39m[0m
[  68% ] [90m[1msavepack[22m | Storing File: res://.godot/imported/3.png-d73a4ff8a74dc2f14801794027b5b85d.ctex[39m[0m
[  68% ] [90m[1msavepack[22m | Storing File: res://assets/Humble Gift - Paper UI System v1.1/Sprites/Day & Night Cycle/Full/5 Lightning 1/3.png.import[39m[0m
[  68% ] [90m[1msavepack[22m | Storing File: res://.godot/imported/4.png-25dcb430006da6e3050e90d1c7fc6192.ctex[39m[0m
[  68% ] [90m[1msavepack[22m | Storing File: res://assets/Humble Gift - Paper UI System v1.1/Sprites/Day & Night Cycle/Full/5 Lightning 1/4.png.import[39m[0m
[  68% ] [90m[1msavepack[22m | Storing File: res://.godot/imported/5.png-a3e8aee160d83148d97bd649cc6aebd3.ctex[39m[0m
[  68% ] [90m[1msavepack[22m | Storing File: res://assets/Humble Gift - Paper UI System v1.1/Sprites/Day & Night Cycle/Full/5 Lightning 1/5.png.import[39m[0m
[  68% ] [90m[1msavepack[22m | Storing File: res://.godot/imported/6.png-bbf7ce84d767c595f6491dd6b36064d7.ctex[39m[0m
[  68% ] [90m[1msavepack[22m | Storing File: res://assets/Humble Gift - Paper UI System v1.1/Sprites/Day & Night Cycle/Full/5 Lightning 1/6.png.import[39m[0m
[  68% ] [90m[1msavepack[22m | Storing File: res://.godot/imported/7.png-f1ac948253364d1c6163777cb601bf75.ctex[39m[0m
[  68% ] [90m[1msavepack[22m | Storing File: res://assets/Humble Gift - Paper UI System v1.1/Sprites/Day & Night Cycle/Full/5 Lightning 1/7.png.import[39m[0m
[  68% ] [90m[1msavepack[22m | Storing File: res://.godot/imported/8.png-1da66c9f9f3e9d8c0169f80300196f09.ctex[39m[0m
[  68% ] [90m[1msavepack[22m | Storing File: res://assets/Humble Gift - Paper UI System v1.1/Sprites/Day & Night Cycle/Full/5 Lightning 1/8.png.import[39m[0m
[  68% ] [90m[1msavepack[22m | Storing File: res://.godot/imported/9.png-5b34d5ae5ea4d0d55e75c43c4f8322a7.ctex[39m[0m
[  68% ] [90m[1msavepack[22m | Storing File: res://assets/Humble Gift - Paper UI System v1.1/Sprites/Day & Night Cycle/Full/5 Lightning 1/9.png.import[39m[0m
[  68% ] [90m[1msavepack[22m | Storing File: res://.godot/imported/10.png-8c8bd4e82b21f90cb0a77d6c05b4e10b.ctex[39m[0m
[  68% ] [90m[1msavepack[22m | Storing File: res://assets/Humble Gift - Paper UI System v1.1/Sprites/Day & Night Cycle/Full/5 Lightning 1/10.png.import[39m[0m
[  68% ] [90m[1msavepack[22m | Storing File: res://.godot/imported/1.png-8a21bb41c531213c0f0a92600f41b972.ctex[39m[0m
[  68% ] [90m[1msavepack[22m | Storing File: res://assets/Humble Gift - Paper UI System v1.1/Sprites/Day & Night Cycle/Full/6 Lightning 2/1.png.import[39m[0m
[  68% ] [90m[1msavepack[22m | Storing File: res://.godot/imported/2.png-257040ef4f8492c499f3b1d16f154401.ctex[39m[0m
[  68% ] [90m[1msavepack[22m | Storing File: res://assets/Humble Gift - Paper UI System v1.1/Sprites/Day & Night Cycle/Full/6 Lightning 2/2.png.import[39m[0m
[  68% ] [90m[1msavepack[22m | Storing File: res://.godot/imported/3.png-09e90ea2b6e8e525f96fb62f9fbd0cfe.ctex[39m[0m
[  68% ] [90m[1msavepack[22m | Storing File: res://assets/Humble Gift - Paper UI System v1.1/Sprites/Day & Night Cycle/Full/6 Lightning 2/3.png.import[39m[0m
[  68% ] [90m[1msavepack[22m | Storing File: res://.godot/imported/4.png-b90bc467379620b9f6382ebda0ce7a98.ctex[39m[0m
[  68% ] [90m[1msavepack[22m | Storing File: res://assets/Humble Gift - Paper UI System v1.1/Sprites/Day & Night Cycle/Full/6 Lightning 2/4.png.import[39m[0m
[  68% ] [90m[1msavepack[22m | Storing File: res://.godot/imported/5.png-e462d0db5e4de5f11abca3e16ef8fa81.ctex[39m[0m
[  68% ] [90m[1msavepack[22m | Storing File: res://assets/Humble Gift - Paper UI System v1.1/Sprites/Day & Night Cycle/Full/6 Lightning 2/5.png.import[39m[0m
[  68% ] [90m[1msavepack[22m | Storing File: res://.godot/imported/6.png-f9e6940bc497cc381c26290881c8057b.ctex[39m[0m
[  68% ] [90m[1msavepack[22m | Storing File: res://assets/Humble Gift - Paper UI System v1.1/Sprites/Day & Night Cycle/Full/6 Lightning 2/6.png.import[39m[0m
[  68% ] [90m[1msavepack[22m | Storing File: res://.godot/imported/7.png-d6b722722ca3e7122a7794f31f3794af.ctex[39m[0m
[  68% ] [90m[1msavepack[22m | Storing File: res://assets/Humble Gift - Paper UI System v1.1/Sprites/Day & Night Cycle/Full/6 Lightning 2/7.png.import[39m[0m
[  68% ] [90m[1msavepack[22m | Storing File: res://.godot/imported/8.png-339f9051ac7e317801b3328100e77aa2.ctex[39m[0m
[  68% ] [90m[1msavepack[22m | Storing File: res://assets/Humble Gift - Paper UI System v1.1/Sprites/Day & Night Cycle/Full/6 Lightning 2/8.png.import[39m[0m
[  68% ] [90m[1msavepack[22m | Storing File: res://.godot/imported/9.png-9c2a8d304832bb79386edd6ca0e9e730.ctex[39m[0m
[  68% ] [90m[1msavepack[22m | Storing File: res://assets/Humble Gift - Paper UI System v1.1/Sprites/Day & Night Cycle/Full/6 Lightning 2/9.png.import[39m[0m
[  68% ] [90m[1msavepack[22m | Storing File: res://.godot/imported/10.png-753a7e68aacd5ba9f7dcf871ffc48b92.ctex[39m[0m
[  68% ] [90m[1msavepack[22m | Storing File: res://assets/Humble Gift - Paper UI System v1.1/Sprites/Day & Night Cycle/Full/6 Lightning 2/10.png.import[39m[0m
[  69% ] [90m[1msavepack[22m | Storing File: res://.godot/imported/1.png-363643bfde8b0d381b1ee3736188e973.ctex[39m[0m
[  69% ] [90m[1msavepack[22m | Storing File: res://assets/Humble Gift - Paper UI System v1.1/Sprites/Day & Night Cycle/Full/7 Raining/1.png.import[39m[0m
[  69% ] [90m[1msavepack[22m | Storing File: res://.godot/imported/2.png-217035e592c82c968e554303d84091af.ctex[39m[0m
[  69% ] [90m[1msavepack[22m | Storing File: res://assets/Humble Gift - Paper UI System v1.1/Sprites/Day & Night Cycle/Full/7 Raining/2.png.import[39m[0m
[  69% ] [90m[1msavepack[22m | Storing File: res://.godot/imported/3.png-286f62b4e24b4f52766296729411f8c3.ctex[39m[0m
[  69% ] [90m[1msavepack[22m | Storing File: res://assets/Humble Gift - Paper UI System v1.1/Sprites/Day & Night Cycle/Full/7 Raining/3.png.import[39m[0m
[  69% ] [90m[1msavepack[22m | Storing File: res://.godot/imported/4.png-340d85f65e74dbc839aa1bbc87b83206.ctex[39m[0m
[  69% ] [90m[1msavepack[22m | Storing File: res://assets/Humble Gift - Paper UI System v1.1/Sprites/Day & Night Cycle/Full/7 Raining/4.png.import[39m[0m
[  69% ] [90m[1msavepack[22m | Storing File: res://.godot/imported/5.png-97c4d70b75b0a7bfb7ce31f9fc4e0f4a.ctex[39m[0m
[  69% ] [90m[1msavepack[22m | Storing File: res://assets/Humble Gift - Paper UI System v1.1/Sprites/Day & Night Cycle/Full/7 Raining/5.png.import[39m[0m
[  69% ] [90m[1msavepack[22m | Storing File: res://.godot/imported/6.png-8beb616a6fa3d269ea699ace46c1f591.ctex[39m[0m
[  69% ] [90m[1msavepack[22m | Storing File: res://assets/Humble Gift - Paper UI System v1.1/Sprites/Day & Night Cycle/Full/7 Raining/6.png.import[39m[0m
[  69% ] [90m[1msavepack[22m | Storing File: res://.godot/imported/7.png-65d85902943e0f5c93a498a70c923927.ctex[39m[0m
[  69% ] [90m[1msavepack[22m | Storing File: res://assets/Humble Gift - Paper UI System v1.1/Sprites/Day & Night Cycle/Full/7 Raining/7.png.import[39m[0m
[  69% ] [90m[1msavepack[22m | Storing File: res://.godot/imported/8.png-a275e383e3dea98777ee98a2dc16ecdf.ctex[39m[0m
[  69% ] [90m[1msavepack[22m | Storing File: res://assets/Humble Gift - Paper UI System v1.1/Sprites/Day & Night Cycle/Full/7 Raining/8.png.import[39m[0m
[  69% ] [90m[1msavepack[22m | Storing File: res://.godot/imported/9.png-8db4ffca06bef1854b4e19ad262afb14.ctex[39m[0m
[  69% ] [90m[1msavepack[22m | Storing File: res://assets/Humble Gift - Paper UI System v1.1/Sprites/Day & Night Cycle/Full/7 Raining/9.png.import[39m[0m
[  69% ] [90m[1msavepack[22m | Storing File: res://.godot/imported/10.png-352958c77d570cdfd2d1896b87cccaaa.ctex[39m[0m
[  69% ] [90m[1msavepack[22m | Storing File: res://assets/Humble Gift - Paper UI System v1.1/Sprites/Day & Night Cycle/Full/7 Raining/10.png.import[39m[0m
[  69% ] [90m[1msavepack[22m | Storing File: res://.godot/imported/1.png-5b7188b19fd3d9b344061089722dee59.ctex[39m[0m
[  69% ] [90m[1msavepack[22m | Storing File: res://assets/Humble Gift - Paper UI System v1.1/Sprites/Day & Night Cycle/Half/1 Dawn/1.png.import[39m[0m
[  69% ] [90m[1msavepack[22m | Storing File: res://.godot/imported/2.png-c393b23b9bdf4279ac647726cad1be20.ctex[39m[0m
[  69% ] [90m[1msavepack[22m | Storing File: res://assets/Humble Gift - Paper UI System v1.1/Sprites/Day & Night Cycle/Half/1 Dawn/2.png.import[39m[0m
[  69% ] [90m[1msavepack[22m | Storing File: res://.godot/imported/3.png-e75a3e8af8495f65936cc39927110ddb.ctex[39m[0m
[  69% ] [90m[1msavepack[22m | Storing File: res://assets/Humble Gift - Paper UI System v1.1/Sprites/Day & Night Cycle/Half/1 Dawn/3.png.import[39m[0m
[  69% ] [90m[1msavepack[22m | Storing File: res://.godot/imported/4.png-f44ded7da3d7eb3f94af38ce2cc1ed1f.ctex[39m[0m
[  69% ] [90m[1msavepack[22m | Storing File: res://assets/Humble Gift - Paper UI System v1.1/Sprites/Day & Night Cycle/Half/1 Dawn/4.png.import[39m[0m
[  69% ] [90m[1msavepack[22m | Storing File: res://.godot/imported/5.png-f9602f1dcbff7922882aa0b5a318a0a7.ctex[39m[0m
[  69% ] [90m[1msavepack[22m | Storing File: res://assets/Humble Gift - Paper UI System v1.1/Sprites/Day & Night Cycle/Half/1 Dawn/5.png.import[39m[0m
[  69% ] [90m[1msavepack[22m | Storing File: res://.godot/imported/6.png-45930fc640ea392ced8c1f5ebeddeb4b.ctex[39m[0m
[  69% ] [90m[1msavepack[22m | Storing File: res://assets/Humble Gift - Paper UI System v1.1/Sprites/Day & Night Cycle/Half/1 Dawn/6.png.import[39m[0m
[  69% ] [90m[1msavepack[22m | Storing File: res://.godot/imported/7.png-3bce2280cbea7236edba1ac6c37c96cd.ctex[39m[0m
[  69% ] [90m[1msavepack[22m | Storing File: res://assets/Humble Gift - Paper UI System v1.1/Sprites/Day & Night Cycle/Half/1 Dawn/7.png.import[39m[0m
[  69% ] [90m[1msavepack[22m | Storing File: res://.godot/imported/8.png-b4b39585c67ad91adc9940850aeca482.ctex[39m[0m
[  69% ] [90m[1msavepack[22m | Storing File: res://assets/Humble Gift - Paper UI System v1.1/Sprites/Day & Night Cycle/Half/1 Dawn/8.png.import[39m[0m
[  69% ] [90m[1msavepack[22m | Storing File: res://.godot/imported/9.png-ac602acb9b82a41d0634a95b4762e775.ctex[39m[0m
[  69% ] [90m[1msavepack[22m | Storing File: res://assets/Humble Gift - Paper UI System v1.1/Sprites/Day & Night Cycle/Half/1 Dawn/9.png.import[39m[0m
[  70% ] [90m[1msavepack[22m | Storing File: res://.godot/imported/10.png-528f445f48000aeb327aa68a7e641798.ctex[39m[0m
[  70% ] [90m[1msavepack[22m | Storing File: res://assets/Humble Gift - Paper UI System v1.1/Sprites/Day & Night Cycle/Half/1 Dawn/10.png.import[39m[0m
[  70% ] [90m[1msavepack[22m | Storing File: res://.godot/imported/1.png-7b33cc8be4f2300220160e351e211154.ctex[39m[0m
[  70% ] [90m[1msavepack[22m | Storing File: res://assets/Humble Gift - Paper UI System v1.1/Sprites/Day & Night Cycle/Half/2 Day/1.png.import[39m[0m
[  70% ] [90m[1msavepack[22m | Storing File: res://.godot/imported/2.png-43e94c56505de8db8e5f6379604eded2.ctex[39m[0m
[  70% ] [90m[1msavepack[22m | Storing File: res://assets/Humble Gift - Paper UI System v1.1/Sprites/Day & Night Cycle/Half/2 Day/2.png.import[39m[0m
[  70% ] [90m[1msavepack[22m | Storing File: res://.godot/imported/3.png-dd5fad300108c964c6e3fbf042c75071.ctex[39m[0m
[  70% ] [90m[1msavepack[22m | Storing File: res://assets/Humble Gift - Paper UI System v1.1/Sprites/Day & Night Cycle/Half/2 Day/3.png.import[39m[0m
[  70% ] [90m[1msavepack[22m | Storing File: res://.godot/imported/4.png-104b8210d715d496467f27916b1e598e.ctex[39m[0m
[  70% ] [90m[1msavepack[22m | Storing File: res://assets/Humble Gift - Paper UI System v1.1/Sprites/Day & Night Cycle/Half/2 Day/4.png.import[39m[0m
[  70% ] [90m[1msavepack[22m | Storing File: res://.godot/imported/5.png-c9e4be947aef8f4b5ca0170401669d74.ctex[39m[0m
[  70% ] [90m[1msavepack[22m | Storing File: res://assets/Humble Gift - Paper UI System v1.1/Sprites/Day & Night Cycle/Half/2 Day/5.png.import[39m[0m
[  70% ] [90m[1msavepack[22m | Storing File: res://.godot/imported/6.png-4d76813ae41361fc62f9a351157c866d.ctex[39m[0m
[  70% ] [90m[1msavepack[22m | Storing File: res://assets/Humble Gift - Paper UI System v1.1/Sprites/Day & Night Cycle/Half/2 Day/6.png.import[39m[0m
[  70% ] [90m[1msavepack[22m | Storing File: res://.godot/imported/7.png-a04139312a8c2441f9804686d5ef07eb.ctex[39m[0m
[  70% ] [90m[1msavepack[22m | Storing File: res://assets/Humble Gift - Paper UI System v1.1/Sprites/Day & Night Cycle/Half/2 Day/7.png.import[39m[0m
[  70% ] [90m[1msavepack[22m | Storing File: res://.godot/imported/8.png-69497b68b7ab172798096018d4c8d2b2.ctex[39m[0m
[  70% ] [90m[1msavepack[22m | Storing File: res://assets/Humble Gift - Paper UI System v1.1/Sprites/Day & Night Cycle/Half/2 Day/8.png.import[39m[0m
[  70% ] [90m[1msavepack[22m | Storing File: res://.godot/imported/9.png-0e1759b8a2b0bf9a7906f0e235adedd4.ctex[39m[0m
[  70% ] [90m[1msavepack[22m | Storing File: res://assets/Humble Gift - Paper UI System v1.1/Sprites/Day & Night Cycle/Half/2 Day/9.png.import[39m[0m
[  70% ] [90m[1msavepack[22m | Storing File: res://.godot/imported/10.png-b1704d62115a8390acf14e552b6e6541.ctex[39m[0m
[  70% ] [90m[1msavepack[22m | Storing File: res://assets/Humble Gift - Paper UI System v1.1/Sprites/Day & Night Cycle/Half/2 Day/10.png.import[39m[0m
[  70% ] [90m[1msavepack[22m | Storing File: res://.godot/imported/1.png-e5cb1ccacae4d7beff8b78e66c257439.ctex[39m[0m
[  70% ] [90m[1msavepack[22m | Storing File: res://assets/Humble Gift - Paper UI System v1.1/Sprites/Day & Night Cycle/Half/3 Noon/1.png.import[39m[0m
[  70% ] [90m[1msavepack[22m | Storing File: res://.godot/imported/2.png-0a9b4ccecf1804103ae49c4c04948a51.ctex[39m[0m
[  70% ] [90m[1msavepack[22m | Storing File: res://assets/Humble Gift - Paper UI System v1.1/Sprites/Day & Night Cycle/Half/3 Noon/2.png.import[39m[0m
[  70% ] [90m[1msavepack[22m | Storing File: res://.godot/imported/3.png-7f4ebbc05b4a9883e0b77fa995fec87e.ctex[39m[0m
[  70% ] [90m[1msavepack[22m | Storing File: res://assets/Humble Gift - Paper UI System v1.1/Sprites/Day & Night Cycle/Half/3 Noon/3.png.import[39m[0m
[  70% ] [90m[1msavepack[22m | Storing File: res://.godot/imported/4.png-1751501c573a7141118c7e937296dff4.ctex[39m[0m
[  70% ] [90m[1msavepack[22m | Storing File: res://assets/Humble Gift - Paper UI System v1.1/Sprites/Day & Night Cycle/Half/3 Noon/4.png.import[39m[0m
[  70% ] [90m[1msavepack[22m | Storing File: res://.godot/imported/5.png-acb1391482ac2251163ec59152d6e82f.ctex[39m[0m
[  70% ] [90m[1msavepack[22m | Storing File: res://assets/Humble Gift - Paper UI System v1.1/Sprites/Day & Night Cycle/Half/3 Noon/5.png.import[39m[0m
[  70% ] [90m[1msavepack[22m | Storing File: res://.godot/imported/6.png-a4e940917b468621056895fd6c5e18f3.ctex[39m[0m
[  70% ] [90m[1msavepack[22m | Storing File: res://assets/Humble Gift - Paper UI System v1.1/Sprites/Day & Night Cycle/Half/3 Noon/6.png.import[39m[0m
[  70% ] [90m[1msavepack[22m | Storing File: res://.godot/imported/7.png-d2297e22dbb7728c088dda1261f4b359.ctex[39m[0m
[  70% ] [90m[1msavepack[22m | Storing File: res://assets/Humble Gift - Paper UI System v1.1/Sprites/Day & Night Cycle/Half/3 Noon/7.png.import[39m[0m
[  70% ] [90m[1msavepack[22m | Storing File: res://.godot/imported/8.png-b84af9a29164509a1069758300393e48.ctex[39m[0m
[  70% ] [90m[1msavepack[22m | Storing File: res://assets/Humble Gift - Paper UI System v1.1/Sprites/Day & Night Cycle/Half/3 Noon/8.png.import[39m[0m
[  71% ] [90m[1msavepack[22m | Storing File: res://.godot/imported/9.png-a7c626559e2b00bd7c10013314b4db74.ctex[39m[0m
[  71% ] [90m[1msavepack[22m | Storing File: res://assets/Humble Gift - Paper UI System v1.1/Sprites/Day & Night Cycle/Half/3 Noon/9.png.import[39m[0m
[  71% ] [90m[1msavepack[22m | Storing File: res://.godot/imported/10.png-a8dad015bf910a57f8461e78e23bf962.ctex[39m[0m
[  71% ] [90m[1msavepack[22m | Storing File: res://assets/Humble Gift - Paper UI System v1.1/Sprites/Day & Night Cycle/Half/3 Noon/10.png.import[39m[0m
[  71% ] [90m[1msavepack[22m | Storing File: res://.godot/imported/1.png-9c4a6c141958394a04432447ce55c8ab.ctex[39m[0m
[  71% ] [90m[1msavepack[22m | Storing File: res://assets/Humble Gift - Paper UI System v1.1/Sprites/Day & Night Cycle/Half/4 Night/1.png.import[39m[0m
[  71% ] [90m[1msavepack[22m | Storing File: res://.godot/imported/2.png-f8585e5c61b6e0e020b2c4795053f84a.ctex[39m[0m
[  71% ] [90m[1msavepack[22m | Storing File: res://assets/Humble Gift - Paper UI System v1.1/Sprites/Day & Night Cycle/Half/4 Night/2.png.import[39m[0m
[  71% ] [90m[1msavepack[22m | Storing File: res://.godot/imported/3.png-480edfa0746e4465e9a41a512acf7b70.ctex[39m[0m
[  71% ] [90m[1msavepack[22m | Storing File: res://assets/Humble Gift - Paper UI System v1.1/Sprites/Day & Night Cycle/Half/4 Night/3.png.import[39m[0m
[  71% ] [90m[1msavepack[22m | Storing File: res://.godot/imported/4.png-f435d894f8ec3d742e42d4392803a569.ctex[39m[0m
[  71% ] [90m[1msavepack[22m | Storing File: res://assets/Humble Gift - Paper UI System v1.1/Sprites/Day & Night Cycle/Half/4 Night/4.png.import[39m[0m
[  71% ] [90m[1msavepack[22m | Storing File: res://.godot/imported/5.png-9db26c7cbbc518ccc53f45235ce4f939.ctex[39m[0m
[  71% ] [90m[1msavepack[22m | Storing File: res://assets/Humble Gift - Paper UI System v1.1/Sprites/Day & Night Cycle/Half/4 Night/5.png.import[39m[0m
[  71% ] [90m[1msavepack[22m | Storing File: res://.godot/imported/6.png-93b86119bab52f039736f55203c526ef.ctex[39m[0m
[  71% ] [90m[1msavepack[22m | Storing File: res://assets/Humble Gift - Paper UI System v1.1/Sprites/Day & Night Cycle/Half/4 Night/6.png.import[39m[0m
[  71% ] [90m[1msavepack[22m | Storing File: res://.godot/imported/7.png-81325164a42736b43e2b440db19f8596.ctex[39m[0m
[  71% ] [90m[1msavepack[22m | Storing File: res://assets/Humble Gift - Paper UI System v1.1/Sprites/Day & Night Cycle/Half/4 Night/7.png.import[39m[0m
[  71% ] [90m[1msavepack[22m | Storing File: res://.godot/imported/8.png-ec46458811cc9e0f022218a097598b49.ctex[39m[0m
[  71% ] [90m[1msavepack[22m | Storing File: res://assets/Humble Gift - Paper UI System v1.1/Sprites/Day & Night Cycle/Half/4 Night/8.png.import[39m[0m
[  71% ] [90m[1msavepack[22m | Storing File: res://.godot/imported/9.png-4d563c66f31ff5d853201b31bf26cc60.ctex[39m[0m
[  71% ] [90m[1msavepack[22m | Storing File: res://assets/Humble Gift - Paper UI System v1.1/Sprites/Day & Night Cycle/Half/4 Night/9.png.import[39m[0m
[  71% ] [90m[1msavepack[22m | Storing File: res://.godot/imported/10.png-036d4dcea001df89b52c45985c61323c.ctex[39m[0m
[  71% ] [90m[1msavepack[22m | Storing File: res://assets/Humble Gift - Paper UI System v1.1/Sprites/Day & Night Cycle/Half/4 Night/10.png.import[39m[0m
[  71% ] [90m[1msavepack[22m | Storing File: res://.godot/imported/1.png-8a9fe07a45bf0163d9c9b9e50d3c7275.ctex[39m[0m
[  71% ] [90m[1msavepack[22m | Storing File: res://assets/Humble Gift - Paper UI System v1.1/Sprites/Day & Night Cycle/Half/5 Lightning 1/1.png.import[39m[0m
[  71% ] [90m[1msavepack[22m | Storing File: res://.godot/imported/2.png-9a3764ac0b7a9450934bc9c3e36cbdbe.ctex[39m[0m
[  71% ] [90m[1msavepack[22m | Storing File: res://assets/Humble Gift - Paper UI System v1.1/Sprites/Day & Night Cycle/Half/5 Lightning 1/2.png.import[39m[0m
[  71% ] [90m[1msavepack[22m | Storing File: res://.godot/imported/3.png-0fce003a47a5f42391b219ae88790fb4.ctex[39m[0m
[  71% ] [90m[1msavepack[22m | Storing File: res://assets/Humble Gift - Paper UI System v1.1/Sprites/Day & Night Cycle/Half/5 Lightning 1/3.png.import[39m[0m
[  71% ] [90m[1msavepack[22m | Storing File: res://.godot/imported/4.png-9638d82413b800b3d5bcb9113662f992.ctex[39m[0m
[  71% ] [90m[1msavepack[22m | Storing File: res://assets/Humble Gift - Paper UI System v1.1/Sprites/Day & Night Cycle/Half/5 Lightning 1/4.png.import[39m[0m
[  71% ] [90m[1msavepack[22m | Storing File: res://.godot/imported/5.png-3d7bf8f50328190f8ac365eb90d0ffb0.ctex[39m[0m
[  71% ] [90m[1msavepack[22m | Storing File: res://assets/Humble Gift - Paper UI System v1.1/Sprites/Day & Night Cycle/Half/5 Lightning 1/5.png.import[39m[0m
[  71% ] [90m[1msavepack[22m | Storing File: res://.godot/imported/6.png-58454d781ce4e79238bd948c8c4200cc.ctex[39m[0m
[  71% ] [90m[1msavepack[22m | Storing File: res://assets/Humble Gift - Paper UI System v1.1/Sprites/Day & Night Cycle/Half/5 Lightning 1/6.png.import[39m[0m
[  71% ] [90m[1msavepack[22m | Storing File: res://.godot/imported/7.png-4626bb048de7ab94ebfff4acc2f5c860.ctex[39m[0m
[  71% ] [90m[1msavepack[22m | Storing File: res://assets/Humble Gift - Paper UI System v1.1/Sprites/Day & Night Cycle/Half/5 Lightning 1/7.png.import[39m[0m
[  72% ] [90m[1msavepack[22m | Storing File: res://.godot/imported/8.png-190f2772516adb1a1ebe2feaa5831ffc.ctex[39m[0m
[  72% ] [90m[1msavepack[22m | Storing File: res://assets/Humble Gift - Paper UI System v1.1/Sprites/Day & Night Cycle/Half/5 Lightning 1/8.png.import[39m[0m
[  72% ] [90m[1msavepack[22m | Storing File: res://.godot/imported/9.png-713283a3b4660f56a4d888ea88f7b03c.ctex[39m[0m
[  72% ] [90m[1msavepack[22m | Storing File: res://assets/Humble Gift - Paper UI System v1.1/Sprites/Day & Night Cycle/Half/5 Lightning 1/9.png.import[39m[0m
[  72% ] [90m[1msavepack[22m | Storing File: res://.godot/imported/10.png-3f4434d45e2f64c71b5220df27054aa6.ctex[39m[0m
[  72% ] [90m[1msavepack[22m | Storing File: res://assets/Humble Gift - Paper UI System v1.1/Sprites/Day & Night Cycle/Half/5 Lightning 1/10.png.import[39m[0m
[  72% ] [90m[1msavepack[22m | Storing File: res://.godot/imported/1.png-01605b947f4c44b02bf350d6214c15c3.ctex[39m[0m
[  72% ] [90m[1msavepack[22m | Storing File: res://assets/Humble Gift - Paper UI System v1.1/Sprites/Day & Night Cycle/Half/6 Lightning 2/1.png.import[39m[0m
[  72% ] [90m[1msavepack[22m | Storing File: res://.godot/imported/2.png-33c49f8640e9af6d28980d7887f1be71.ctex[39m[0m
[  72% ] [90m[1msavepack[22m | Storing File: res://assets/Humble Gift - Paper UI System v1.1/Sprites/Day & Night Cycle/Half/6 Lightning 2/2.png.import[39m[0m
[  72% ] [90m[1msavepack[22m | Storing File: res://.godot/imported/3.png-f533a580b696be7dda3b243b2afad22f.ctex[39m[0m
[  72% ] [90m[1msavepack[22m | Storing File: res://assets/Humble Gift - Paper UI System v1.1/Sprites/Day & Night Cycle/Half/6 Lightning 2/3.png.import[39m[0m
[  72% ] [90m[1msavepack[22m | Storing File: res://.godot/imported/4.png-ad130f49b9221bf31a4122e69f7ebca6.ctex[39m[0m
[  72% ] [90m[1msavepack[22m | Storing File: res://assets/Humble Gift - Paper UI System v1.1/Sprites/Day & Night Cycle/Half/6 Lightning 2/4.png.import[39m[0m
[  72% ] [90m[1msavepack[22m | Storing File: res://.godot/imported/5.png-7a935c9aa768eda492df38f412d86d4a.ctex[39m[0m
[  72% ] [90m[1msavepack[22m | Storing File: res://assets/Humble Gift - Paper UI System v1.1/Sprites/Day & Night Cycle/Half/6 Lightning 2/5.png.import[39m[0m
[  72% ] [90m[1msavepack[22m | Storing File: res://.godot/imported/6.png-3db093436f3cf9f07f457452108423fd.ctex[39m[0m
[  72% ] [90m[1msavepack[22m | Storing File: res://assets/Humble Gift - Paper UI System v1.1/Sprites/Day & Night Cycle/Half/6 Lightning 2/6.png.import[39m[0m
[  72% ] [90m[1msavepack[22m | Storing File: res://.godot/imported/7.png-5c11ec35cccaafe515066d2da1724a02.ctex[39m[0m
[  72% ] [90m[1msavepack[22m | Storing File: res://assets/Humble Gift - Paper UI System v1.1/Sprites/Day & Night Cycle/Half/6 Lightning 2/7.png.import[39m[0m
[  72% ] [90m[1msavepack[22m | Storing File: res://.godot/imported/8.png-dcbd7cff97002b3ad5c9bf9036630e23.ctex[39m[0m
[  72% ] [90m[1msavepack[22m | Storing File: res://assets/Humble Gift - Paper UI System v1.1/Sprites/Day & Night Cycle/Half/6 Lightning 2/8.png.import[39m[0m
[  72% ] [90m[1msavepack[22m | Storing File: res://.godot/imported/9.png-9771c225083c8688cb9aef02c79b45e4.ctex[39m[0m
[  72% ] [90m[1msavepack[22m | Storing File: res://assets/Humble Gift - Paper UI System v1.1/Sprites/Day & Night Cycle/Half/6 Lightning 2/9.png.import[39m[0m
[  72% ] [90m[1msavepack[22m | Storing File: res://.godot/imported/10.png-5c6d418feb5a30fe744f34eedb6513de.ctex[39m[0m
[  72% ] [90m[1msavepack[22m | Storing File: res://assets/Humble Gift - Paper UI System v1.1/Sprites/Day & Night Cycle/Half/6 Lightning 2/10.png.import[39m[0m
[  72% ] [90m[1msavepack[22m | Storing File: res://.godot/imported/1.png-8f7a24b520353f1a7a18996b97068a77.ctex[39m[0m
[  72% ] [90m[1msavepack[22m | Storing File: res://assets/Humble Gift - Paper UI System v1.1/Sprites/Day & Night Cycle/Half/7 Raining/1.png.import[39m[0m
[  72% ] [90m[1msavepack[22m | Storing File: res://.godot/imported/2.png-592639fb33ff200258a5c46012b07b16.ctex[39m[0m
[  72% ] [90m[1msavepack[22m | Storing File: res://assets/Humble Gift - Paper UI System v1.1/Sprites/Day & Night Cycle/Half/7 Raining/2.png.import[39m[0m
[  72% ] [90m[1msavepack[22m | Storing File: res://.godot/imported/3.png-5cfae9a2c8d946e8a5d6fc852a7dbcf4.ctex[39m[0m
[  72% ] [90m[1msavepack[22m | Storing File: res://assets/Humble Gift - Paper UI System v1.1/Sprites/Day & Night Cycle/Half/7 Raining/3.png.import[39m[0m
[  72% ] [90m[1msavepack[22m | Storing File: res://.godot/imported/4.png-088479a9a84c49d38169ccdddf701c1f.ctex[39m[0m
[  72% ] [90m[1msavepack[22m | Storing File: res://assets/Humble Gift - Paper UI System v1.1/Sprites/Day & Night Cycle/Half/7 Raining/4.png.import[39m[0m
[  72% ] [90m[1msavepack[22m | Storing File: res://.godot/imported/5.png-05e6354014e9b5ca9a3e5ff40b79d158.ctex[39m[0m
[  72% ] [90m[1msavepack[22m | Storing File: res://assets/Humble Gift - Paper UI System v1.1/Sprites/Day & Night Cycle/Half/7 Raining/5.png.import[39m[0m
[  72% ] [90m[1msavepack[22m | Storing File: res://.godot/imported/6.png-f472b9788618037142c4b9577f8a0f7c.ctex[39m[0m
[  72% ] [90m[1msavepack[22m | Storing File: res://assets/Humble Gift - Paper UI System v1.1/Sprites/Day & Night Cycle/Half/7 Raining/6.png.import[39m[0m
[  72% ] [90m[1msavepack[22m | Storing File: res://.godot/imported/7.png-729cc9e0642768a74819c4ae19adcfed.ctex[39m[0m
[  72% ] [90m[1msavepack[22m | Storing File: res://assets/Humble Gift - Paper UI System v1.1/Sprites/Day & Night Cycle/Half/7 Raining/7.png.import[39m[0m
[  73% ] [90m[1msavepack[22m | Storing File: res://.godot/imported/8.png-abdf029a35a8bb2ce6f175aa55685821.ctex[39m[0m
[  73% ] [90m[1msavepack[22m | Storing File: res://assets/Humble Gift - Paper UI System v1.1/Sprites/Day & Night Cycle/Half/7 Raining/8.png.import[39m[0m
[  73% ] [90m[1msavepack[22m | Storing File: res://.godot/imported/9.png-c09181f9480b6accf8fad4558e067a87.ctex[39m[0m
[  73% ] [90m[1msavepack[22m | Storing File: res://assets/Humble Gift - Paper UI System v1.1/Sprites/Day & Night Cycle/Half/7 Raining/9.png.import[39m[0m
[  73% ] [90m[1msavepack[22m | Storing File: res://.godot/imported/10.png-25a04de6f1ec2e375a63ec757f761ef7.ctex[39m[0m
[  73% ] [90m[1msavepack[22m | Storing File: res://assets/Humble Gift - Paper UI System v1.1/Sprites/Day & Night Cycle/Half/7 Raining/10.png.import[39m[0m
[  73% ] [90m[1msavepack[22m | Storing File: res://.godot/imported/1.png-afdb2bec9a2ffaf7aa481377089fc084.ctex[39m[0m
[  73% ] [90m[1msavepack[22m | Storing File: res://assets/Humble Gift - Paper UI System v1.1/Sprites/Paper UI Pack/Folding & Cutout/1 Paper/1.png.import[39m[0m
[  73% ] [90m[1msavepack[22m | Storing File: res://.godot/imported/2.png-b7cd2ff056af1af2929c6730441e1b6d.ctex[39m[0m
[  73% ] [90m[1msavepack[22m | Storing File: res://assets/Humble Gift - Paper UI System v1.1/Sprites/Paper UI Pack/Folding & Cutout/1 Paper/2.png.import[39m[0m
[  73% ] [90m[1msavepack[22m | Storing File: res://.godot/imported/3.png-09a24ba17f4a5c59876ef21cef506fb6.ctex[39m[0m
[  73% ] [90m[1msavepack[22m | Storing File: res://assets/Humble Gift - Paper UI System v1.1/Sprites/Paper UI Pack/Folding & Cutout/1 Paper/3.png.import[39m[0m
[  73% ] [90m[1msavepack[22m | Storing File: res://.godot/imported/4.png-1c9cfaf14578e2fb0a14eba6b9aada64.ctex[39m[0m
[  73% ] [90m[1msavepack[22m | Storing File: res://assets/Humble Gift - Paper UI System v1.1/Sprites/Paper UI Pack/Folding & Cutout/1 Paper/4.png.import[39m[0m
[  73% ] [90m[1msavepack[22m | Storing File: res://.godot/imported/5.png-d0cd0e8c0d0dd52058381af93715a2ef.ctex[39m[0m
[  73% ] [90m[1msavepack[22m | Storing File: res://assets/Humble Gift - Paper UI System v1.1/Sprites/Paper UI Pack/Folding & Cutout/1 Paper/5.png.import[39m[0m
[  73% ] [90m[1msavepack[22m | Storing File: res://.godot/imported/6.png-42145fe452f76515b6ea618b3b1bfe75.ctex[39m[0m
[  73% ] [90m[1msavepack[22m | Storing File: res://assets/Humble Gift - Paper UI System v1.1/Sprites/Paper UI Pack/Folding & Cutout/1 Paper/6.png.import[39m[0m
[  73% ] [90m[1msavepack[22m | Storing File: res://.godot/imported/7.png-434c2e1cc4711b4208d209888b26598d.ctex[39m[0m
[  73% ] [90m[1msavepack[22m | Storing File: res://assets/Humble Gift - Paper UI System v1.1/Sprites/Paper UI Pack/Folding & Cutout/1 Paper/7.png.import[39m[0m
[  73% ] [90m[1msavepack[22m | Storing File: res://.godot/imported/8.png-d7e35ab2aec74dd94a321311509d9817.ctex[39m[0m
[  73% ] [90m[1msavepack[22m | Storing File: res://assets/Humble Gift - Paper UI System v1.1/Sprites/Paper UI Pack/Folding & Cutout/1 Paper/8.png.import[39m[0m
[  73% ] [90m[1msavepack[22m | Storing File: res://.godot/imported/9.png-6068ddb7b62cae8e953147bf8abb2610.ctex[39m[0m
[  73% ] [90m[1msavepack[22m | Storing File: res://assets/Humble Gift - Paper UI System v1.1/Sprites/Paper UI Pack/Folding & Cutout/1 Paper/9.png.import[39m[0m
[  73% ] [90m[1msavepack[22m | Storing File: res://.godot/imported/10.png-79e0f2b09bf460b46073e820f717f707.ctex[39m[0m
[  73% ] [90m[1msavepack[22m | Storing File: res://assets/Humble Gift - Paper UI System v1.1/Sprites/Paper UI Pack/Folding & Cutout/1 Paper/10.png.import[39m[0m
[  73% ] [90m[1msavepack[22m | Storing File: res://.godot/imported/11.png-2cf8f9a9a9c5635501efcb5ab8967ee8.ctex[39m[0m
[  73% ] [90m[1msavepack[22m | Storing File: res://assets/Humble Gift - Paper UI System v1.1/Sprites/Paper UI Pack/Folding & Cutout/1 Paper/11.png.import[39m[0m
[  73% ] [90m[1msavepack[22m | Storing File: res://.godot/imported/12.png-a878bdc5e9f193cabb2e6519c5fdf11f.ctex[39m[0m
[  73% ] [90m[1msavepack[22m | Storing File: res://assets/Humble Gift - Paper UI System v1.1/Sprites/Paper UI Pack/Folding & Cutout/1 Paper/12.png.import[39m[0m
[  73% ] [90m[1msavepack[22m | Storing File: res://.godot/imported/13.png-e6a93bb7e4caf6b24c401ba385c82bc5.ctex[39m[0m
[  73% ] [90m[1msavepack[22m | Storing File: res://assets/Humble Gift - Paper UI System v1.1/Sprites/Paper UI Pack/Folding & Cutout/1 Paper/13.png.import[39m[0m
[  73% ] [90m[1msavepack[22m | Storing File: res://.godot/imported/14.png-4585419eb21b9b5a79b3dd5803758d12.ctex[39m[0m
[  73% ] [90m[1msavepack[22m | Storing File: res://assets/Humble Gift - Paper UI System v1.1/Sprites/Paper UI Pack/Folding & Cutout/1 Paper/14.png.import[39m[0m
[  73% ] [90m[1msavepack[22m | Storing File: res://.godot/imported/15.png-45041bbda4fbdaa33422477416454415.ctex[39m[0m
[  73% ] [90m[1msavepack[22m | Storing File: res://assets/Humble Gift - Paper UI System v1.1/Sprites/Paper UI Pack/Folding & Cutout/1 Paper/15.png.import[39m[0m
[  73% ] [90m[1msavepack[22m | Storing File: res://.godot/imported/16.png-3c97326894c50d3757249ccba3e187d1.ctex[39m[0m
[  73% ] [90m[1msavepack[22m | Storing File: res://assets/Humble Gift - Paper UI System v1.1/Sprites/Paper UI Pack/Folding & Cutout/1 Paper/16.png.import[39m[0m
[  74% ] [90m[1msavepack[22m | Storing File: res://.godot/imported/17.png-c0678bd68be69e031b1fe618a7432e3d.ctex[39m[0m
[  74% ] [90m[1msavepack[22m | Storing File: res://assets/Humble Gift - Paper UI System v1.1/Sprites/Paper UI Pack/Folding & Cutout/1 Paper/17.png.import[39m[0m
[  74% ] [90m[1msavepack[22m | Storing File: res://.godot/imported/18.png-a4e914fa82c257fe01011b0c1de490a3.ctex[39m[0m
[  74% ] [90m[1msavepack[22m | Storing File: res://assets/Humble Gift - Paper UI System v1.1/Sprites/Paper UI Pack/Folding & Cutout/1 Paper/18.png.import[39m[0m
[  74% ] [90m[1msavepack[22m | Storing File: res://.godot/imported/19.png-7b167d038e72864f26711199ad28c65a.ctex[39m[0m
[  74% ] [90m[1msavepack[22m | Storing File: res://assets/Humble Gift - Paper UI System v1.1/Sprites/Paper UI Pack/Folding & Cutout/1 Paper/19.png.import[39m[0m
[  74% ] [90m[1msavepack[22m | Storing File: res://.godot/imported/20.png-f325eeb05efd66cefbdcc9bd842d03f6.ctex[39m[0m
[  74% ] [90m[1msavepack[22m | Storing File: res://assets/Humble Gift - Paper UI System v1.1/Sprites/Paper UI Pack/Folding & Cutout/1 Paper/20.png.import[39m[0m
[  74% ] [90m[1msavepack[22m | Storing File: res://.godot/imported/21.png-530b5b080c13016cabe01bc85133de4d.ctex[39m[0m
[  74% ] [90m[1msavepack[22m | Storing File: res://assets/Humble Gift - Paper UI System v1.1/Sprites/Paper UI Pack/Folding & Cutout/1 Paper/21.png.import[39m[0m
[  74% ] [90m[1msavepack[22m | Storing File: res://.godot/imported/22.png-e3cad61a186c916e0ee9bee03f33a954.ctex[39m[0m
[  74% ] [90m[1msavepack[22m | Storing File: res://assets/Humble Gift - Paper UI System v1.1/Sprites/Paper UI Pack/Folding & Cutout/1 Paper/22.png.import[39m[0m
[  74% ] [90m[1msavepack[22m | Storing File: res://.godot/imported/23.png-50473067a3f6c7dca74e57d99c86540e.ctex[39m[0m
[  74% ] [90m[1msavepack[22m | Storing File: res://assets/Humble Gift - Paper UI System v1.1/Sprites/Paper UI Pack/Folding & Cutout/1 Paper/23.png.import[39m[0m
[  74% ] [90m[1msavepack[22m | Storing File: res://.godot/imported/24.png-078cfd4652b9f686aea50d9c18c62841.ctex[39m[0m
[  74% ] [90m[1msavepack[22m | Storing File: res://assets/Humble Gift - Paper UI System v1.1/Sprites/Paper UI Pack/Folding & Cutout/1 Paper/24.png.import[39m[0m
[  74% ] [90m[1msavepack[22m | Storing File: res://.godot/imported/25.png-d4f49499cff641c5945bfbad4bbd9b9e.ctex[39m[0m
[  74% ] [90m[1msavepack[22m | Storing File: res://assets/Humble Gift - Paper UI System v1.1/Sprites/Paper UI Pack/Folding & Cutout/1 Paper/25.png.import[39m[0m
[  74% ] [90m[1msavepack[22m | Storing File: res://.godot/imported/26.png-8b22d505a3bb4564f859d6fa5473b506.ctex[39m[0m
[  74% ] [90m[1msavepack[22m | Storing File: res://assets/Humble Gift - Paper UI System v1.1/Sprites/Paper UI Pack/Folding & Cutout/1 Paper/26.png.import[39m[0m
[  74% ] [90m[1msavepack[22m | Storing File: res://.godot/imported/27.png-eec61b2402a3ccbfde41940dd10ccb85.ctex[39m[0m
[  74% ] [90m[1msavepack[22m | Storing File: res://assets/Humble Gift - Paper UI System v1.1/Sprites/Paper UI Pack/Folding & Cutout/1 Paper/27.png.import[39m[0m
[  74% ] [90m[1msavepack[22m | Storing File: res://.godot/imported/28.png-be60b145afaa58340329d10ac5c44069.ctex[39m[0m
[  74% ] [90m[1msavepack[22m | Storing File: res://assets/Humble Gift - Paper UI System v1.1/Sprites/Paper UI Pack/Folding & Cutout/1 Paper/28.png.import[39m[0m
[  74% ] [90m[1msavepack[22m | Storing File: res://.godot/imported/29.png-53dcc6c9c00b3388282c3510b5498c51.ctex[39m[0m
[  74% ] [90m[1msavepack[22m | Storing File: res://assets/Humble Gift - Paper UI System v1.1/Sprites/Paper UI Pack/Folding & Cutout/1 Paper/29.png.import[39m[0m
[  74% ] [90m[1msavepack[22m | Storing File: res://.godot/imported/30.png-fe3dc3cea1a85aff8bf196b34b429b89.ctex[39m[0m
[  74% ] [90m[1msavepack[22m | Storing File: res://assets/Humble Gift - Paper UI System v1.1/Sprites/Paper UI Pack/Folding & Cutout/1 Paper/30.png.import[39m[0m
[  74% ] [90m[1msavepack[22m | Storing File: res://.godot/imported/31.png-0eb4e0ba0f307e6148f34de51fecfe40.ctex[39m[0m
[  74% ] [90m[1msavepack[22m | Storing File: res://assets/Humble Gift - Paper UI System v1.1/Sprites/Paper UI Pack/Folding & Cutout/1 Paper/31.png.import[39m[0m
[  74% ] [90m[1msavepack[22m | Storing File: res://.godot/imported/32.png-fcea5adc1d9574e29780b2966e4f45c1.ctex[39m[0m
[  74% ] [90m[1msavepack[22m | Storing File: res://assets/Humble Gift - Paper UI System v1.1/Sprites/Paper UI Pack/Folding & Cutout/1 Paper/32.png.import[39m[0m
[  74% ] [90m[1msavepack[22m | Storing File: res://.godot/imported/33.png-2e1c2d708e7bfec3084fcc3795a81c42.ctex[39m[0m
[  74% ] [90m[1msavepack[22m | Storing File: res://assets/Humble Gift - Paper UI System v1.1/Sprites/Paper UI Pack/Folding & Cutout/1 Paper/33.png.import[39m[0m
[  74% ] [90m[1msavepack[22m | Storing File: res://.godot/imported/34.png-aa4980c9b6fe32ea927abaf9e0e53025.ctex[39m[0m
[  74% ] [90m[1msavepack[22m | Storing File: res://assets/Humble Gift - Paper UI System v1.1/Sprites/Paper UI Pack/Folding & Cutout/1 Paper/34.png.import[39m[0m
[  74% ] [90m[1msavepack[22m | Storing File: res://.godot/imported/35.png-3f28948c05a637e3209e77bed1473a31.ctex[39m[0m
[  74% ] [90m[1msavepack[22m | Storing File: res://assets/Humble Gift - Paper UI System v1.1/Sprites/Paper UI Pack/Folding & Cutout/1 Paper/35.png.import[39m[0m
[  75% ] [90m[1msavepack[22m | Storing File: res://.godot/imported/36.png-673243d7e533b5c129d55c4082632ecb.ctex[39m[0m
[  75% ] [90m[1msavepack[22m | Storing File: res://assets/Humble Gift - Paper UI System v1.1/Sprites/Paper UI Pack/Folding & Cutout/1 Paper/36.png.import[39m[0m
[  75% ] [90m[1msavepack[22m | Storing File: res://.godot/imported/37.png-dda57506cfc7f8895c8dd4dde42c3518.ctex[39m[0m
[  75% ] [90m[1msavepack[22m | Storing File: res://assets/Humble Gift - Paper UI System v1.1/Sprites/Paper UI Pack/Folding & Cutout/1 Paper/37.png.import[39m[0m
[  75% ] [90m[1msavepack[22m | Storing File: res://.godot/imported/38.png-d45dbfc44d1177966194f3ea21f8b5d0.ctex[39m[0m
[  75% ] [90m[1msavepack[22m | Storing File: res://assets/Humble Gift - Paper UI System v1.1/Sprites/Paper UI Pack/Folding & Cutout/1 Paper/38.png.import[39m[0m
[  75% ] [90m[1msavepack[22m | Storing File: res://.godot/imported/39.png-56b7fda1156b5796f860671ebaf34a1a.ctex[39m[0m
[  75% ] [90m[1msavepack[22m | Storing File: res://assets/Humble Gift - Paper UI System v1.1/Sprites/Paper UI Pack/Folding & Cutout/1 Paper/39.png.import[39m[0m
[  75% ] [90m[1msavepack[22m | Storing File: res://.godot/imported/40.png-e738cb8bc46915e346c84e71f0e4a057.ctex[39m[0m
[  75% ] [90m[1msavepack[22m | Storing File: res://assets/Humble Gift - Paper UI System v1.1/Sprites/Paper UI Pack/Folding & Cutout/1 Paper/40.png.import[39m[0m
[  75% ] [90m[1msavepack[22m | Storing File: res://.godot/imported/41.png-e11f1eef3f60c995e674ec1d45f51f01.ctex[39m[0m
[  75% ] [90m[1msavepack[22m | Storing File: res://assets/Humble Gift - Paper UI System v1.1/Sprites/Paper UI Pack/Folding & Cutout/1 Paper/41.png.import[39m[0m
[  75% ] [90m[1msavepack[22m | Storing File: res://.godot/imported/42.png-9d7f353fd93c936a63569d16a0cc8b48.ctex[39m[0m
[  75% ] [90m[1msavepack[22m | Storing File: res://assets/Humble Gift - Paper UI System v1.1/Sprites/Paper UI Pack/Folding & Cutout/1 Paper/42.png.import[39m[0m
[  75% ] [90m[1msavepack[22m | Storing File: res://.godot/imported/43.png-aeffa69f11b46a324c40db90b5bba173.ctex[39m[0m
[  75% ] [90m[1msavepack[22m | Storing File: res://assets/Humble Gift - Paper UI System v1.1/Sprites/Paper UI Pack/Folding & Cutout/1 Paper/43.png.import[39m[0m
[  75% ] [90m[1msavepack[22m | Storing File: res://.godot/imported/44.png-b4aa8fe307d7489b13aa9e1543dcc5af.ctex[39m[0m
[  75% ] [90m[1msavepack[22m | Storing File: res://assets/Humble Gift - Paper UI System v1.1/Sprites/Paper UI Pack/Folding & Cutout/1 Paper/44.png.import[39m[0m
[  75% ] [90m[1msavepack[22m | Storing File: res://.godot/imported/45.png-d900562ef56ddb6ff46518ed1aa87f4c.ctex[39m[0m
[  75% ] [90m[1msavepack[22m | Storing File: res://assets/Humble Gift - Paper UI System v1.1/Sprites/Paper UI Pack/Folding & Cutout/1 Paper/45.png.import[39m[0m
[  75% ] [90m[1msavepack[22m | Storing File: res://.godot/imported/46.png-e4b84de9eef86e685a4d0a8506f1d39a.ctex[39m[0m
[  75% ] [90m[1msavepack[22m | Storing File: res://assets/Humble Gift - Paper UI System v1.1/Sprites/Paper UI Pack/Folding & Cutout/1 Paper/46.png.import[39m[0m
[  75% ] [90m[1msavepack[22m | Storing File: res://.godot/imported/47.png-ee9695161726af4f0a3e0c43395945e1.ctex[39m[0m
[  75% ] [90m[1msavepack[22m | Storing File: res://assets/Humble Gift - Paper UI System v1.1/Sprites/Paper UI Pack/Folding & Cutout/1 Paper/47.png.import[39m[0m
[  75% ] [90m[1msavepack[22m | Storing File: res://.godot/imported/48.png-4d1ea4a7c0cea31abc8f4b20668430cf.ctex[39m[0m
[  75% ] [90m[1msavepack[22m | Storing File: res://assets/Humble Gift - Paper UI System v1.1/Sprites/Paper UI Pack/Folding & Cutout/1 Paper/48.png.import[39m[0m
[  75% ] [90m[1msavepack[22m | Storing File: res://.godot/imported/49.png-9dd7974fc4e322ad4ba36b17e28f9e3f.ctex[39m[0m
[  75% ] [90m[1msavepack[22m | Storing File: res://assets/Humble Gift - Paper UI System v1.1/Sprites/Paper UI Pack/Folding & Cutout/1 Paper/49.png.import[39m[0m
[  75% ] [90m[1msavepack[22m | Storing File: res://.godot/imported/50.png-5ce87b05037d986e8149d67c10555a26.ctex[39m[0m
[  75% ] [90m[1msavepack[22m | Storing File: res://assets/Humble Gift - Paper UI System v1.1/Sprites/Paper UI Pack/Folding & Cutout/1 Paper/50.png.import[39m[0m
[  75% ] [90m[1msavepack[22m | Storing File: res://.godot/imported/51.png-4f4cb17866fa6503f1950a388797390a.ctex[39m[0m
[  75% ] [90m[1msavepack[22m | Storing File: res://assets/Humble Gift - Paper UI System v1.1/Sprites/Paper UI Pack/Folding & Cutout/1 Paper/51.png.import[39m[0m
[  75% ] [90m[1msavepack[22m | Storing File: res://.godot/imported/52.png-5139449204d3678e048d2dfc71670a7f.ctex[39m[0m
[  75% ] [90m[1msavepack[22m | Storing File: res://assets/Humble Gift - Paper UI System v1.1/Sprites/Paper UI Pack/Folding & Cutout/1 Paper/52.png.import[39m[0m
[  75% ] [90m[1msavepack[22m | Storing File: res://.godot/imported/53.png-97dc27d9a18ebdfaa665380b3feea9a0.ctex[39m[0m
[  75% ] [90m[1msavepack[22m | Storing File: res://assets/Humble Gift - Paper UI System v1.1/Sprites/Paper UI Pack/Folding & Cutout/1 Paper/53.png.import[39m[0m
[  75% ] [90m[1msavepack[22m | Storing File: res://.godot/imported/54.png-8fa9805ef8cc525b871942cd5031c228.ctex[39m[0m
[  75% ] [90m[1msavepack[22m | Storing File: res://assets/Humble Gift - Paper UI System v1.1/Sprites/Paper UI Pack/Folding & Cutout/1 Paper/54.png.import[39m[0m
[  75% ] [90m[1msavepack[22m | Storing File: res://.godot/imported/55.png-286897da906f7f7c6d7e3a4d788fc238.ctex[39m[0m
[  75% ] [90m[1msavepack[22m | Storing File: res://assets/Humble Gift - Paper UI System v1.1/Sprites/Paper UI Pack/Folding & Cutout/1 Paper/55.png.import[39m[0m
[  76% ] [90m[1msavepack[22m | Storing File: res://.godot/imported/56.png-e2a6fce7720be9223d92322799e66253.ctex[39m[0m
[  76% ] [90m[1msavepack[22m | Storing File: res://assets/Humble Gift - Paper UI System v1.1/Sprites/Paper UI Pack/Folding & Cutout/1 Paper/56.png.import[39m[0m
[  76% ] [90m[1msavepack[22m | Storing File: res://.godot/imported/1.png-246eb1e80b8ba92a37ba0881abeebfd5.ctex[39m[0m
[  76% ] [90m[1msavepack[22m | Storing File: res://assets/Humble Gift - Paper UI System v1.1/Sprites/Paper UI Pack/Folding & Cutout/2 Headers/1.png.import[39m[0m
[  76% ] [90m[1msavepack[22m | Storing File: res://.godot/imported/2.png-d7d8d49cdaf71c07cadb038dfad99fab.ctex[39m[0m
[  76% ] [90m[1msavepack[22m | Storing File: res://assets/Humble Gift - Paper UI System v1.1/Sprites/Paper UI Pack/Folding & Cutout/2 Headers/2.png.import[39m[0m
[  76% ] [90m[1msavepack[22m | Storing File: res://.godot/imported/3.png-701df3817256cd615c62a588aa04f59b.ctex[39m[0m
[  76% ] [90m[1msavepack[22m | Storing File: res://assets/Humble Gift - Paper UI System v1.1/Sprites/Paper UI Pack/Folding & Cutout/2 Headers/3.png.import[39m[0m
[  76% ] [90m[1msavepack[22m | Storing File: res://.godot/imported/4.png-528029c6b0df302435845ac4ba12eb0e.ctex[39m[0m
[  76% ] [90m[1msavepack[22m | Storing File: res://assets/Humble Gift - Paper UI System v1.1/Sprites/Paper UI Pack/Folding & Cutout/2 Headers/4.png.import[39m[0m
[  76% ] [90m[1msavepack[22m | Storing File: res://.godot/imported/1.png-2ff0f63bf6f81bfc62048eabad0ff986.ctex[39m[0m
[  76% ] [90m[1msavepack[22m | Storing File: res://assets/Humble Gift - Paper UI System v1.1/Sprites/Paper UI Pack/Folding & Cutout/3 Item Holder/1.png.import[39m[0m
[  76% ] [90m[1msavepack[22m | Storing File: res://.godot/imported/1.png-8dfc468f1fbfe6693d09163de398d26e.ctex[39m[0m
[  76% ] [90m[1msavepack[22m | Storing File: res://assets/Humble Gift - Paper UI System v1.1/Sprites/Paper UI Pack/Folding & Cutout/4 Notification/1.png.import[39m[0m
[  76% ] [90m[1msavepack[22m | Storing File: res://.godot/imported/2.png-1ec083bf49e9fd50cea53d0777bd503f.ctex[39m[0m
[  76% ] [90m[1msavepack[22m | Storing File: res://assets/Humble Gift - Paper UI System v1.1/Sprites/Paper UI Pack/Folding & Cutout/4 Notification/2.png.import[39m[0m
[  76% ] [90m[1msavepack[22m | Storing File: res://.godot/imported/1.png-44b2d1529422227cf5de102ab3549536.ctex[39m[0m
[  76% ] [90m[1msavepack[22m | Storing File: res://assets/Humble Gift - Paper UI System v1.1/Sprites/Paper UI Pack/Folding & Cutout/5 Mini Map/1.png.import[39m[0m
[  76% ] [90m[1msavepack[22m | Storing File: res://.godot/imported/1.png-d97625e23db61c34adf825796f37b43b.ctex[39m[0m
[  76% ] [90m[1msavepack[22m | Storing File: res://assets/Humble Gift - Paper UI System v1.1/Sprites/Paper UI Pack/Folding & Cutout/6 Player HUD/1.png.import[39m[0m
[  76% ] [90m[1msavepack[22m | Storing File: res://.godot/imported/1.png-35e59449e2e5089302ee5c10414e4d39.ctex[39m[0m
[  76% ] [90m[1msavepack[22m | Storing File: res://assets/Humble Gift - Paper UI System v1.1/Sprites/Paper UI Pack/Folding & Cutout/7 Dialogue Box/1.png.import[39m[0m
[  76% ] [90m[1msavepack[22m | Storing File: res://.godot/imported/1.png-4ee11aebfa72ad566f1bcb771d5c639f.ctex[39m[0m
[  76% ] [90m[1msavepack[22m | Storing File: res://assets/Humble Gift - Paper UI System v1.1/Sprites/Paper UI Pack/Folding & Cutout/8 Shop/1.png.import[39m[0m
[  76% ] [90m[1msavepack[22m | Storing File: res://.godot/imported/1.png-36dde1da615fc02e482bcd212b9c2e02.ctex[39m[0m
[  76% ] [90m[1msavepack[22m | Storing File: res://assets/Humble Gift - Paper UI System v1.1/Sprites/Paper UI Pack/Folding & Cutout/9 Rewards/1.png.import[39m[0m
[  76% ] [90m[1msavepack[22m | Storing File: res://.godot/imported/2.png-ab68788dd73a89ed5d11c59aa87287a3.ctex[39m[0m
[  76% ] [90m[1msavepack[22m | Storing File: res://assets/Humble Gift - Paper UI System v1.1/Sprites/Paper UI Pack/Folding & Cutout/9 Rewards/2.png.import[39m[0m
[  76% ] [90m[1msavepack[22m | Storing File: res://.godot/imported/1.png-a4808d67fa073248e68ea0e9644d3280.ctex[39m[0m
[  76% ] [90m[1msavepack[22m | Storing File: res://assets/Humble Gift - Paper UI System v1.1/Sprites/Paper UI Pack/Folding & Cutout/10 Calander/1.png.import[39m[0m
[  76% ] [90m[1msavepack[22m | Storing File: res://.godot/imported/1.png-9c0af4419c57f87b22db8cb57f3f2cd0.ctex[39m[0m
[  76% ] [90m[1msavepack[22m | Storing File: res://assets/Humble Gift - Paper UI System v1.1/Sprites/Paper UI Pack/Plain/1 Paper/1.png.import[39m[0m
[  76% ] [90m[1msavepack[22m | Storing File: res://.godot/imported/2.png-dfd5b71d0ead07378c121834e19ed027.ctex[39m[0m
[  76% ] [90m[1msavepack[22m | Storing File: res://assets/Humble Gift - Paper UI System v1.1/Sprites/Paper UI Pack/Plain/1 Paper/2.png.import[39m[0m
[  76% ] [90m[1msavepack[22m | Storing File: res://.godot/imported/3.png-359861a14c166f6eaa203febb46694d4.ctex[39m[0m
[  76% ] [90m[1msavepack[22m | Storing File: res://assets/Humble Gift - Paper UI System v1.1/Sprites/Paper UI Pack/Plain/1 Paper/3.png.import[39m[0m
[  76% ] [90m[1msavepack[22m | Storing File: res://.godot/imported/4.png-10462af8845d135e9d685f014badf59f.ctex[39m[0m
[  76% ] [90m[1msavepack[22m | Storing File: res://assets/Humble Gift - Paper UI System v1.1/Sprites/Paper UI Pack/Plain/1 Paper/4.png.import[39m[0m
[  77% ] [90m[1msavepack[22m | Storing File: res://.godot/imported/5.png-f55d105e84a06549092929bb2b9ff2e8.ctex[39m[0m
[  77% ] [90m[1msavepack[22m | Storing File: res://assets/Humble Gift - Paper UI System v1.1/Sprites/Paper UI Pack/Plain/1 Paper/5.png.import[39m[0m
[  77% ] [90m[1msavepack[22m | Storing File: res://.godot/imported/6.png-42da7215c3854c242757cfcad46d6b3d.ctex[39m[0m
[  77% ] [90m[1msavepack[22m | Storing File: res://assets/Humble Gift - Paper UI System v1.1/Sprites/Paper UI Pack/Plain/1 Paper/6.png.import[39m[0m
[  77% ] [90m[1msavepack[22m | Storing File: res://.godot/imported/7.png-ea55676d9f77100fbede8cbd2d1d27aa.ctex[39m[0m
[  77% ] [90m[1msavepack[22m | Storing File: res://assets/Humble Gift - Paper UI System v1.1/Sprites/Paper UI Pack/Plain/1 Paper/7.png.import[39m[0m
[  77% ] [90m[1msavepack[22m | Storing File: res://.godot/imported/8.png-629a604f79025e709b71d5583daef2e9.ctex[39m[0m
[  77% ] [90m[1msavepack[22m | Storing File: res://assets/Humble Gift - Paper UI System v1.1/Sprites/Paper UI Pack/Plain/1 Paper/8.png.import[39m[0m
[  77% ] [90m[1msavepack[22m | Storing File: res://.godot/imported/9.png-0ae35955dd8ee32b52c2507427a7c360.ctex[39m[0m
[  77% ] [90m[1msavepack[22m | Storing File: res://assets/Humble Gift - Paper UI System v1.1/Sprites/Paper UI Pack/Plain/1 Paper/9.png.import[39m[0m
[  77% ] [90m[1msavepack[22m | Storing File: res://.godot/imported/10.png-b474014ae515f5e5b344d70b17a75116.ctex[39m[0m
[  77% ] [90m[1msavepack[22m | Storing File: res://assets/Humble Gift - Paper UI System v1.1/Sprites/Paper UI Pack/Plain/1 Paper/10.png.import[39m[0m
[  77% ] [90m[1msavepack[22m | Storing File: res://.godot/imported/11.png-0f0f93dfc058bd9d4beadfbe446fa30b.ctex[39m[0m
[  77% ] [90m[1msavepack[22m | Storing File: res://assets/Humble Gift - Paper UI System v1.1/Sprites/Paper UI Pack/Plain/1 Paper/11.png.import[39m[0m
[  77% ] [90m[1msavepack[22m | Storing File: res://.godot/imported/12.png-0ad40073502faa388959239ba7551267.ctex[39m[0m
[  77% ] [90m[1msavepack[22m | Storing File: res://assets/Humble Gift - Paper UI System v1.1/Sprites/Paper UI Pack/Plain/1 Paper/12.png.import[39m[0m
[  77% ] [90m[1msavepack[22m | Storing File: res://.godot/imported/13.png-434a10d24cb90b357143485b8ba3b61e.ctex[39m[0m
[  77% ] [90m[1msavepack[22m | Storing File: res://assets/Humble Gift - Paper UI System v1.1/Sprites/Paper UI Pack/Plain/1 Paper/13.png.import[39m[0m
[  77% ] [90m[1msavepack[22m | Storing File: res://.godot/imported/14.png-386d07792d7395e630240a4e48d061e4.ctex[39m[0m
[  77% ] [90m[1msavepack[22m | Storing File: res://assets/Humble Gift - Paper UI System v1.1/Sprites/Paper UI Pack/Plain/1 Paper/14.png.import[39m[0m
[  77% ] [90m[1msavepack[22m | Storing File: res://.godot/imported/15.png-dea742dbb12554c8a2a5b312da78a512.ctex[39m[0m
[  77% ] [90m[1msavepack[22m | Storing File: res://assets/Humble Gift - Paper UI System v1.1/Sprites/Paper UI Pack/Plain/1 Paper/15.png.import[39m[0m
[  77% ] [90m[1msavepack[22m | Storing File: res://.godot/imported/16.png-87f7de8fdbb042f4483d1bddee8ab2aa.ctex[39m[0m
[  77% ] [90m[1msavepack[22m | Storing File: res://assets/Humble Gift - Paper UI System v1.1/Sprites/Paper UI Pack/Plain/1 Paper/16.png.import[39m[0m
[  77% ] [90m[1msavepack[22m | Storing File: res://.godot/imported/17.png-e45a83aa398cf68bb88763508ebd92e1.ctex[39m[0m
[  77% ] [90m[1msavepack[22m | Storing File: res://assets/Humble Gift - Paper UI System v1.1/Sprites/Paper UI Pack/Plain/1 Paper/17.png.import[39m[0m
[  77% ] [90m[1msavepack[22m | Storing File: res://.godot/imported/18.png-ac7ea883f053f82d640ec28fb2a027e1.ctex[39m[0m
[  77% ] [90m[1msavepack[22m | Storing File: res://assets/Humble Gift - Paper UI System v1.1/Sprites/Paper UI Pack/Plain/1 Paper/18.png.import[39m[0m
[  77% ] [90m[1msavepack[22m | Storing File: res://.godot/imported/19.png-8c625188a332013b4c0fb84aa25db8fb.ctex[39m[0m
[  77% ] [90m[1msavepack[22m | Storing File: res://assets/Humble Gift - Paper UI System v1.1/Sprites/Paper UI Pack/Plain/1 Paper/19.png.import[39m[0m
[  77% ] [90m[1msavepack[22m | Storing File: res://.godot/imported/20.png-a7f942c8072978de5325bbc1c609f7be.ctex[39m[0m
[  77% ] [90m[1msavepack[22m | Storing File: res://assets/Humble Gift - Paper UI System v1.1/Sprites/Paper UI Pack/Plain/1 Paper/20.png.import[39m[0m
[  77% ] [90m[1msavepack[22m | Storing File: res://.godot/imported/21.png-8dca33a03a3b1c122fc27ebe6bc50aa7.ctex[39m[0m
[  77% ] [90m[1msavepack[22m | Storing File: res://assets/Humble Gift - Paper UI System v1.1/Sprites/Paper UI Pack/Plain/1 Paper/21.png.import[39m[0m
[  77% ] [90m[1msavepack[22m | Storing File: res://.godot/imported/22.png-595e3b7cd493dd518f3540307ee25d83.ctex[39m[0m
[  77% ] [90m[1msavepack[22m | Storing File: res://assets/Humble Gift - Paper UI System v1.1/Sprites/Paper UI Pack/Plain/1 Paper/22.png.import[39m[0m
[  77% ] [90m[1msavepack[22m | Storing File: res://.godot/imported/23.png-5d368753b17768a930579d5a01ba0d9f.ctex[39m[0m
[  77% ] [90m[1msavepack[22m | Storing File: res://assets/Humble Gift - Paper UI System v1.1/Sprites/Paper UI Pack/Plain/1 Paper/23.png.import[39m[0m
[  78% ] [90m[1msavepack[22m | Storing File: res://.godot/imported/24.png-0f0cf1ab4e7ac120c09378436a577abe.ctex[39m[0m
[  78% ] [90m[1msavepack[22m | Storing File: res://assets/Humble Gift - Paper UI System v1.1/Sprites/Paper UI Pack/Plain/1 Paper/24.png.import[39m[0m
[  78% ] [90m[1msavepack[22m | Storing File: res://.godot/imported/25.png-9ee15b92e479b69c4371c285a6f6bab7.ctex[39m[0m
[  78% ] [90m[1msavepack[22m | Storing File: res://assets/Humble Gift - Paper UI System v1.1/Sprites/Paper UI Pack/Plain/1 Paper/25.png.import[39m[0m
[  78% ] [90m[1msavepack[22m | Storing File: res://.godot/imported/26.png-124f10710fe79f0fe8e813f15fa9a8b9.ctex[39m[0m
[  78% ] [90m[1msavepack[22m | Storing File: res://assets/Humble Gift - Paper UI System v1.1/Sprites/Paper UI Pack/Plain/1 Paper/26.png.import[39m[0m
[  78% ] [90m[1msavepack[22m | Storing File: res://.godot/imported/27.png-54078f661cd471fc8e0ed56bbed82186.ctex[39m[0m
[  78% ] [90m[1msavepack[22m | Storing File: res://assets/Humble Gift - Paper UI System v1.1/Sprites/Paper UI Pack/Plain/1 Paper/27.png.import[39m[0m
[  78% ] [90m[1msavepack[22m | Storing File: res://.godot/imported/28.png-651df807d6363ae58c5d4490e7c618ab.ctex[39m[0m
[  78% ] [90m[1msavepack[22m | Storing File: res://assets/Humble Gift - Paper UI System v1.1/Sprites/Paper UI Pack/Plain/1 Paper/28.png.import[39m[0m
[  78% ] [90m[1msavepack[22m | Storing File: res://.godot/imported/29.png-82af76a0906ecdf6bc5b12614f141877.ctex[39m[0m
[  78% ] [90m[1msavepack[22m | Storing File: res://assets/Humble Gift - Paper UI System v1.1/Sprites/Paper UI Pack/Plain/1 Paper/29.png.import[39m[0m
[  78% ] [90m[1msavepack[22m | Storing File: res://.godot/imported/30.png-05fc459d8cca5d4e101b125f72a64de7.ctex[39m[0m
[  78% ] [90m[1msavepack[22m | Storing File: res://assets/Humble Gift - Paper UI System v1.1/Sprites/Paper UI Pack/Plain/1 Paper/30.png.import[39m[0m
[  78% ] [90m[1msavepack[22m | Storing File: res://.godot/imported/31.png-08c432d4991c694c1e0a394c901dcc55.ctex[39m[0m
[  78% ] [90m[1msavepack[22m | Storing File: res://assets/Humble Gift - Paper UI System v1.1/Sprites/Paper UI Pack/Plain/1 Paper/31.png.import[39m[0m
[  78% ] [90m[1msavepack[22m | Storing File: res://.godot/imported/32.png-efe6bfcfb77f520609e9c73c6c3b3416.ctex[39m[0m
[  78% ] [90m[1msavepack[22m | Storing File: res://assets/Humble Gift - Paper UI System v1.1/Sprites/Paper UI Pack/Plain/1 Paper/32.png.import[39m[0m
[  78% ] [90m[1msavepack[22m | Storing File: res://.godot/imported/33.png-58b4ba3eb71288f646d39d56ea7fb1f2.ctex[39m[0m
[  78% ] [90m[1msavepack[22m | Storing File: res://assets/Humble Gift - Paper UI System v1.1/Sprites/Paper UI Pack/Plain/1 Paper/33.png.import[39m[0m
[  78% ] [90m[1msavepack[22m | Storing File: res://.godot/imported/34.png-31851f64561b6e916c939f9d835982ee.ctex[39m[0m
[  78% ] [90m[1msavepack[22m | Storing File: res://assets/Humble Gift - Paper UI System v1.1/Sprites/Paper UI Pack/Plain/1 Paper/34.png.import[39m[0m
[  78% ] [90m[1msavepack[22m | Storing File: res://.godot/imported/35.png-fe08b3f93ef5b6741f0908f59bf18f8c.ctex[39m[0m
[  78% ] [90m[1msavepack[22m | Storing File: res://assets/Humble Gift - Paper UI System v1.1/Sprites/Paper UI Pack/Plain/1 Paper/35.png.import[39m[0m
[  78% ] [90m[1msavepack[22m | Storing File: res://.godot/imported/36.png-be1c4081a858855b3bcff5470f868ac7.ctex[39m[0m
[  78% ] [90m[1msavepack[22m | Storing File: res://assets/Humble Gift - Paper UI System v1.1/Sprites/Paper UI Pack/Plain/1 Paper/36.png.import[39m[0m
[  78% ] [90m[1msavepack[22m | Storing File: res://.godot/imported/37.png-1db1bb0cc619776c8c7458abe378d75a.ctex[39m[0m
[  78% ] [90m[1msavepack[22m | Storing File: res://assets/Humble Gift - Paper UI System v1.1/Sprites/Paper UI Pack/Plain/1 Paper/37.png.import[39m[0m
[  78% ] [90m[1msavepack[22m | Storing File: res://.godot/imported/38.png-056e23ac254af6369e5589a47980fc04.ctex[39m[0m
[  78% ] [90m[1msavepack[22m | Storing File: res://assets/Humble Gift - Paper UI System v1.1/Sprites/Paper UI Pack/Plain/1 Paper/38.png.import[39m[0m
[  78% ] [90m[1msavepack[22m | Storing File: res://.godot/imported/39.png-74c7a7e54e90c0f5438420c12114b43b.ctex[39m[0m
[  78% ] [90m[1msavepack[22m | Storing File: res://assets/Humble Gift - Paper UI System v1.1/Sprites/Paper UI Pack/Plain/1 Paper/39.png.import[39m[0m
[  78% ] [90m[1msavepack[22m | Storing File: res://.godot/imported/40.png-9522c68f5c1b0ba7870566c89a0e0ad2.ctex[39m[0m
[  78% ] [90m[1msavepack[22m | Storing File: res://assets/Humble Gift - Paper UI System v1.1/Sprites/Paper UI Pack/Plain/1 Paper/40.png.import[39m[0m
[  78% ] [90m[1msavepack[22m | Storing File: res://.godot/imported/41.png-7d996fd9b842e6185a8a6cc08afb3e93.ctex[39m[0m
[  78% ] [90m[1msavepack[22m | Storing File: res://assets/Humble Gift - Paper UI System v1.1/Sprites/Paper UI Pack/Plain/1 Paper/41.png.import[39m[0m
[  78% ] [90m[1msavepack[22m | Storing File: res://.godot/imported/42.png-40237d9c8b778e5fd13ee9181daf4c20.ctex[39m[0m
[  78% ] [90m[1msavepack[22m | Storing File: res://assets/Humble Gift - Paper UI System v1.1/Sprites/Paper UI Pack/Plain/1 Paper/42.png.import[39m[0m
[  79% ] [90m[1msavepack[22m | Storing File: res://.godot/imported/43.png-d2daf1600a84577a4a627b95087f662d.ctex[39m[0m
[  79% ] [90m[1msavepack[22m | Storing File: res://assets/Humble Gift - Paper UI System v1.1/Sprites/Paper UI Pack/Plain/1 Paper/43.png.import[39m[0m
[  79% ] [90m[1msavepack[22m | Storing File: res://.godot/imported/44.png-23fe351ee61ed20f0f158f8130802152.ctex[39m[0m
[  79% ] [90m[1msavepack[22m | Storing File: res://assets/Humble Gift - Paper UI System v1.1/Sprites/Paper UI Pack/Plain/1 Paper/44.png.import[39m[0m
[  79% ] [90m[1msavepack[22m | Storing File: res://.godot/imported/45.png-9d67299676bf12c474f7420f28066244.ctex[39m[0m
[  79% ] [90m[1msavepack[22m | Storing File: res://assets/Humble Gift - Paper UI System v1.1/Sprites/Paper UI Pack/Plain/1 Paper/45.png.import[39m[0m
[  79% ] [90m[1msavepack[22m | Storing File: res://.godot/imported/46.png-1734703def4afb34a9c1128b2e0693c3.ctex[39m[0m
[  79% ] [90m[1msavepack[22m | Storing File: res://assets/Humble Gift - Paper UI System v1.1/Sprites/Paper UI Pack/Plain/1 Paper/46.png.import[39m[0m
[  79% ] [90m[1msavepack[22m | Storing File: res://.godot/imported/47.png-3cf7289ff3b53b1b5460b7fc9702b8b7.ctex[39m[0m
[  79% ] [90m[1msavepack[22m | Storing File: res://assets/Humble Gift - Paper UI System v1.1/Sprites/Paper UI Pack/Plain/1 Paper/47.png.import[39m[0m
[  79% ] [90m[1msavepack[22m | Storing File: res://.godot/imported/48.png-adb35388e97bd24095c8964f8d1687a4.ctex[39m[0m
[  79% ] [90m[1msavepack[22m | Storing File: res://assets/Humble Gift - Paper UI System v1.1/Sprites/Paper UI Pack/Plain/1 Paper/48.png.import[39m[0m
[  79% ] [90m[1msavepack[22m | Storing File: res://.godot/imported/49.png-c3bad799c73b37f898ee9a2e66a381cc.ctex[39m[0m
[  79% ] [90m[1msavepack[22m | Storing File: res://assets/Humble Gift - Paper UI System v1.1/Sprites/Paper UI Pack/Plain/1 Paper/49.png.import[39m[0m
[  79% ] [90m[1msavepack[22m | Storing File: res://.godot/imported/50.png-8e2ab491906e914efeb537d84f4578dd.ctex[39m[0m
[  79% ] [90m[1msavepack[22m | Storing File: res://assets/Humble Gift - Paper UI System v1.1/Sprites/Paper UI Pack/Plain/1 Paper/50.png.import[39m[0m
[  79% ] [90m[1msavepack[22m | Storing File: res://.godot/imported/51.png-55fc366c6f7c1e98c38fa1a505054424.ctex[39m[0m
[  79% ] [90m[1msavepack[22m | Storing File: res://assets/Humble Gift - Paper UI System v1.1/Sprites/Paper UI Pack/Plain/1 Paper/51.png.import[39m[0m
[  79% ] [90m[1msavepack[22m | Storing File: res://.godot/imported/52.png-d64d5bada7f36d917b37b787000942e9.ctex[39m[0m
[  79% ] [90m[1msavepack[22m | Storing File: res://assets/Humble Gift - Paper UI System v1.1/Sprites/Paper UI Pack/Plain/1 Paper/52.png.import[39m[0m
[  79% ] [90m[1msavepack[22m | Storing File: res://.godot/imported/53.png-2923833eba8165d361aa9ce17e5948e3.ctex[39m[0m
[  79% ] [90m[1msavepack[22m | Storing File: res://assets/Humble Gift - Paper UI System v1.1/Sprites/Paper UI Pack/Plain/1 Paper/53.png.import[39m[0m
[  79% ] [90m[1msavepack[22m | Storing File: res://.godot/imported/1.png-d05d27da2f79f044e9f70d8647c21c11.ctex[39m[0m
[  79% ] [90m[1msavepack[22m | Storing File: res://assets/Humble Gift - Paper UI System v1.1/Sprites/Paper UI Pack/Plain/2 Headers/1.png.import[39m[0m
[  79% ] [90m[1msavepack[22m | Storing File: res://.godot/imported/2.png-926f8990bee8e41f74b74ad47156e98a.ctex[39m[0m
[  79% ] [90m[1msavepack[22m | Storing File: res://assets/Humble Gift - Paper UI System v1.1/Sprites/Paper UI Pack/Plain/2 Headers/2.png.import[39m[0m
[  79% ] [90m[1msavepack[22m | Storing File: res://.godot/imported/3.png-d83cca70d191111fc3f58d718c254fd8.ctex[39m[0m
[  79% ] [90m[1msavepack[22m | Storing File: res://assets/Humble Gift - Paper UI System v1.1/Sprites/Paper UI Pack/Plain/2 Headers/3.png.import[39m[0m
[  79% ] [90m[1msavepack[22m | Storing File: res://.godot/imported/4.png-1cf84e05aeac5bd2c71f6575b494c85a.ctex[39m[0m
[  79% ] [90m[1msavepack[22m | Storing File: res://assets/Humble Gift - Paper UI System v1.1/Sprites/Paper UI Pack/Plain/2 Headers/4.png.import[39m[0m
[  79% ] [90m[1msavepack[22m | Storing File: res://.godot/imported/1.png-56676ee259b643eadc574c2adb258539.ctex[39m[0m
[  79% ] [90m[1msavepack[22m | Storing File: res://assets/Humble Gift - Paper UI System v1.1/Sprites/Paper UI Pack/Plain/3 Item Holder/1.png.import[39m[0m
[  79% ] [90m[1msavepack[22m | Storing File: res://.godot/imported/1.png-be439d7445bf3a8f4073de576243906a.ctex[39m[0m
[  79% ] [90m[1msavepack[22m | Storing File: res://assets/Humble Gift - Paper UI System v1.1/Sprites/Paper UI Pack/Plain/4 Notification/1.png.import[39m[0m
[  79% ] [90m[1msavepack[22m | Storing File: res://.godot/imported/2.png-0a094abb7290cf4dacb68500ba532440.ctex[39m[0m
[  79% ] [90m[1msavepack[22m | Storing File: res://assets/Humble Gift - Paper UI System v1.1/Sprites/Paper UI Pack/Plain/4 Notification/2.png.import[39m[0m
[  79% ] [90m[1msavepack[22m | Storing File: res://.godot/imported/1.png-00f26b3f0c70836e25cd946659812fe1.ctex[39m[0m
[  79% ] [90m[1msavepack[22m | Storing File: res://assets/Humble Gift - Paper UI System v1.1/Sprites/Paper UI Pack/Plain/5 Mini Map/1.png.import[39m[0m
[  79% ] [90m[1msavepack[22m | Storing File: res://.godot/imported/1.png-71c71db250c523d60181bbf9569a90a7.ctex[39m[0m
[  79% ] [90m[1msavepack[22m | Storing File: res://assets/Humble Gift - Paper UI System v1.1/Sprites/Paper UI Pack/Plain/6 Player HUD/1.png.import[39m[0m
[  80% ] [90m[1msavepack[22m | Storing File: res://.godot/imported/1.png-513d8c10752eebbba4517a617c87ad7c.ctex[39m[0m
[  80% ] [90m[1msavepack[22m | Storing File: res://assets/Humble Gift - Paper UI System v1.1/Sprites/Paper UI Pack/Plain/7 Dialogue Box/1.png.import[39m[0m
[  80% ] [90m[1msavepack[22m | Storing File: res://.godot/imported/1.png-6ad769b9d86368ff4c43a190609c3768.ctex[39m[0m
[  80% ] [90m[1msavepack[22m | Storing File: res://assets/Humble Gift - Paper UI System v1.1/Sprites/Paper UI Pack/Plain/8 Shop/1.png.import[39m[0m
[  80% ] [90m[1msavepack[22m | Storing File: res://.godot/imported/1.png-6ded4e1b7fac8673c2ce5cc375f0a14f.ctex[39m[0m
[  80% ] [90m[1msavepack[22m | Storing File: res://assets/Humble Gift - Paper UI System v1.1/Sprites/Paper UI Pack/Plain/9 Rewards/1.png.import[39m[0m
[  80% ] [90m[1msavepack[22m | Storing File: res://.godot/imported/2.png-4759538d23fb38a211bf95e4b00eaae7.ctex[39m[0m
[  80% ] [90m[1msavepack[22m | Storing File: res://assets/Humble Gift - Paper UI System v1.1/Sprites/Paper UI Pack/Plain/9 Rewards/2.png.import[39m[0m
[  80% ] [90m[1msavepack[22m | Storing File: res://.godot/imported/1.png-16bfb8fa4d26116ec2a76f7e1f552224.ctex[39m[0m
[  80% ] [90m[1msavepack[22m | Storing File: res://assets/Humble Gift - Paper UI System v1.1/Sprites/Paper UI Pack/Plain/10 Calander/1.png.import[39m[0m
[  80% ] [90m[1msavepack[22m | Storing File: res://.godot/imported/Folding & Cutout Paper UI SpriteSheet.png-c7fcbc590d311d375abde1ba6957f3a0.ctex[39m[0m
[  80% ] [90m[1msavepack[22m | Storing File: res://assets/Humble Gift - Paper UI System v1.1/SpriteSheet/Folding & Cutout Paper UI SpriteSheet.png.import[39m[0m
[  80% ] [90m[1msavepack[22m | Storing File: res://.godot/imported/Plain Paper UI SpriteSheet.png-cedb0ed73071092ff9a21a43fbd87795.ctex[39m[0m
[  80% ] [90m[1msavepack[22m | Storing File: res://assets/Humble Gift - Paper UI System v1.1/SpriteSheet/Plain Paper UI SpriteSheet.png.import[39m[0m
[  80% ] [90m[1msavepack[22m | Storing File: res://.godot/imported/crypt_caldris_source.png-e843b2dfa12fa0843c27ba0ff6dfe27e.ctex[39m[0m
[  80% ] [90m[1msavepack[22m | Storing File: res://assets/merchants/sources/crypt_caldris_source.png.import[39m[0m
[  80% ] [90m[1msavepack[22m | Storing File: res://.godot/imported/forest_thistle_source.png-241100bfef41cc8d7e0c6691e350f5cc.ctex[39m[0m
[  80% ] [90m[1msavepack[22m | Storing File: res://assets/merchants/sources/forest_thistle_source.png.import[39m[0m
[  80% ] [90m[1msavepack[22m | Storing File: res://.godot/imported/tavern_mara_source.png-e5b181f9d9160623aa08d3e18b4ebdd2.ctex[39m[0m
[  80% ] [90m[1msavepack[22m | Storing File: res://assets/merchants/sources/tavern_mara_source.png.import[39m[0m
[  80% ] [90m[1msavepack[22m | Storing File: res://.godot/imported/crypt_caldris.png-bc7b72a4d8503edcf90308b9e0921e37.ctex[39m[0m
[  80% ] [90m[1msavepack[22m | Storing File: res://assets/merchants/crypt_caldris.png.import[39m[0m
[  80% ] [90m[1msavepack[22m | Storing File: res://.godot/imported/forest_thistle.png-01cfce97c7d681a366bd6c106fe643e1.ctex[39m[0m
[  80% ] [90m[1msavepack[22m | Storing File: res://assets/merchants/forest_thistle.png.import[39m[0m
[  80% ] [90m[1msavepack[22m | Storing File: res://.godot/imported/tavern_mara.png-a7aebe2a6793d14d62f2f7790e3cb78b.ctex[39m[0m
[  80% ] [90m[1msavepack[22m | Storing File: res://assets/merchants/tavern_mara.png.import[39m[0m
[  80% ] [90m[1msavepack[22m | Storing File: res://.godot/imported/chest2.png-e707dccf8b338c3b4dfd8ebe2ba975f4.ctex[39m[0m
[  80% ] [90m[1msavepack[22m | Storing File: res://assets/pixel_art/chests/chest2.png.import[39m[0m
[  80% ] [90m[1msavepack[22m | Storing File: res://.godot/imported/chest.png-0e61dd01c12b21074f0260f462a4c318.ctex[39m[0m
[  80% ] [90m[1msavepack[22m | Storing File: res://assets/pixel_art/chests/chest.png.import[39m[0m
[  80% ] [90m[1msavepack[22m | Storing File: res://.godot/imported/tree_large.png-e54b543723a74668943324c56c70a31f.ctex[39m[0m
[  80% ] [90m[1msavepack[22m | Storing File: res://assets/pixel_art/forest_art/decor/tree_large.png.import[39m[0m
[  80% ] [90m[1msavepack[22m | Storing File: res://.godot/imported/tree_wide.png-cadbb3ddec711898f5ffde936325828f.ctex[39m[0m
[  80% ] [90m[1msavepack[22m | Storing File: res://assets/pixel_art/forest_art/decor/tree_wide.png.import[39m[0m
[  80% ] [90m[1msavepack[22m | Storing File: res://.godot/imported/barrel_generated.png-c3d15c002285c6a21dc40b184e848129.ctex[39m[0m
[  80% ] [90m[1msavepack[22m | Storing File: res://assets/pixel_art/forest_art/interactables/barrel_generated.png.import[39m[0m
[  80% ] [90m[1msavepack[22m | Storing File: res://.godot/imported/grass1.jpeg-41c735a60c2e2f5223818cd12990f998.ctex[39m[0m
[  80% ] [90m[1msavepack[22m | Storing File: res://assets/pixel_art/forest_art/grass1.jpeg.import[39m[0m
[  81% ] [90m[1msavepack[22m | Storing File: res://.godot/imported/grass2.jpg-7a40dd2bd368ca5fc0aa62a74b82a1df.ctex[39m[0m
[  81% ] [90m[1msavepack[22m | Storing File: res://assets/pixel_art/forest_art/grass2.jpg.import[39m[0m
[  81% ] [90m[1msavepack[22m | Storing File: res://.godot/imported/grass3.jpg-e1021bb165918f3f43a2d559999d34f2.ctex[39m[0m
[  81% ] [90m[1msavepack[22m | Storing File: res://assets/pixel_art/forest_art/grass3.jpg.import[39m[0m
[  81% ] [90m[1msavepack[22m | Storing File: res://.godot/imported/istockphoto-2210710944-612x612.jpg-1fcf4679a5ee24e002a0774f4c11b8c1.ctex[39m[0m
[  81% ] [90m[1msavepack[22m | Storing File: res://assets/pixel_art/forest_art/istockphoto-2210710944-612x612.jpg.import[39m[0m
[  81% ] [90m[1msavepack[22m | Storing File: res://.godot/imported/rock1.png-53d133afce015fdb5802a422277f23fa.ctex[39m[0m
[  81% ] [90m[1msavepack[22m | Storing File: res://assets/pixel_art/rocks/rock1.png.import[39m[0m
[  81% ] [90m[1msavepack[22m | Storing File: res://.godot/imported/rock2.png-05f850abac00bbe6204a7f06cba14140.ctex[39m[0m
[  81% ] [90m[1msavepack[22m | Storing File: res://assets/pixel_art/rocks/rock2.png.import[39m[0m
[  81% ] [90m[1msavepack[22m | Storing File: res://.godot/imported/rock3.jpg-7d385c508cf59506b2bcf4d2e0b7daaa.ctex[39m[0m
[  81% ] [90m[1msavepack[22m | Storing File: res://assets/pixel_art/rocks/rock3.jpg.import[39m[0m
[  81% ] [90m[1msavepack[22m | Storing File: res://assets/pixel_art/atlas_transparency.gdshader[39m[0m
[  81% ] [90m[1msavepack[22m | Storing File: res://.godot/imported/bambusfackel.png-98ff60d56dc4457c0144262982f23841.ctex[39m[0m
[  81% ] [90m[1msavepack[22m | Storing File: res://assets/pixel_art/bambusfackel.png.import[39m[0m
[  81% ] [90m[1msavepack[22m | Storing File: res://.godot/imported/barrel1.png-a047a8a29b84c9b9e8d754b0cf990c14.ctex[39m[0m
[  81% ] [90m[1msavepack[22m | Storing File: res://assets/pixel_art/barrel1.png.import[39m[0m
[  81% ] [90m[1msavepack[22m | Storing File: res://.godot/imported/barrel2.jpg-361548f53f2cc43fd74c25feb992c836.ctex[39m[0m
[  81% ] [90m[1msavepack[22m | Storing File: res://assets/pixel_art/barrel2.jpg.import[39m[0m
[  81% ] [90m[1msavepack[22m | Storing File: res://.godot/imported/Campfire.png-350bfa1ebc96e0b6107d43cf69f7192a.ctex[39m[0m
[  81% ] [90m[1msavepack[22m | Storing File: res://assets/pixel_art/Campfire.png.import[39m[0m
[  81% ] [90m[1msavepack[22m | Storing File: res://.godot/imported/dead-swamp-v4.png-9fcc648f5a971bf4e9a3a06550985c48.ctex[39m[0m
[  81% ] [90m[1msavepack[22m | Storing File: res://assets/pixel_art/dead-swamp-v4.png.import[39m[0m
[  81% ] [90m[1msavepack[22m | Storing File: res://.godot/imported/dreck auf dreck.png-6877e120db1017b16444248e772468aa.ctex[39m[0m
[  81% ] [90m[1msavepack[22m | Storing File: res://assets/pixel_art/dreck auf dreck.png.import[39m[0m
[  81% ] [90m[1msavepack[22m | Storing File: res://.godot/imported/FreePack.png-9272ef7b917c4de4096d47d08b86f9ca.ctex[39m[0m
[  81% ] [90m[1msavepack[22m | Storing File: res://assets/pixel_art/FreePack.png.import[39m[0m
[  81% ] [90m[1msavepack[22m | Storing File: res://.godot/imported/Gold.png-b26523858305a3645a5f08a631d80423.ctex[39m[0m
[  81% ] [90m[1msavepack[22m | Storing File: res://assets/pixel_art/Gold.png.import[39m[0m
[  81% ] [90m[1msavepack[22m | Storing File: res://.godot/imported/houses.png-79e2f6be0dbb18d8f905ae3edb3630a8.ctex[39m[0m
[  81% ] [90m[1msavepack[22m | Storing File: res://assets/pixel_art/houses.png.import[39m[0m
[  81% ] [90m[1msavepack[22m | Storing File: res://.godot/imported/key.png-67bdd530abdbd21b337773c475539b27.ctex[39m[0m
[  81% ] [90m[1msavepack[22m | Storing File: res://assets/pixel_art/key.png.import[39m[0m
[  81% ] [90m[1msavepack[22m | Storing File: res://.godot/imported/MediavelFree.png-7d5cc8a163f9e54d54f19ae3500fa9e9.ctex[39m[0m
[  81% ] [90m[1msavepack[22m | Storing File: res://assets/pixel_art/MediavelFree.png.import[39m[0m
[  81% ] [90m[1msavepack[22m | Storing File: res://.godot/imported/potion.png-3357aef7a46f164bc55e3906cfd6dd9a.ctex[39m[0m
[  81% ] [90m[1msavepack[22m | Storing File: res://assets/pixel_art/potion.png.import[39m[0m
[  82% ] [90m[1msavepack[22m | Storing File: res://.godot/imported/shroomie - wakeup.png-8646594d01356fd1843cd235a6127e0e.ctex[39m[0m
[  82% ] [90m[1msavepack[22m | Storing File: res://assets/pixel_art/shroomie - wakeup.png.import[39m[0m
[  82% ] [90m[1msavepack[22m | Storing File: res://.godot/imported/shroomie.png-9f7d00152d44e96a14fcdadb9d69d910.ctex[39m[0m
[  82% ] [90m[1msavepack[22m | Storing File: res://assets/pixel_art/shroomie.png.import[39m[0m
[  82% ] [90m[1msavepack[22m | Storing File: res://.godot/imported/spellnode.png-ec489456d352dd676c988f8f12dd5683.ctex[39m[0m
[  82% ] [90m[1msavepack[22m | Storing File: res://assets/pixel_art/spellnode.png.import[39m[0m
[  82% ] [90m[1msavepack[22m | Storing File: res://.godot/imported/starter_atlas.png-76511fb27d554ab583a3a9bc56ef9e29.ctex[39m[0m
[  82% ] [90m[1msavepack[22m | Storing File: res://assets/pixel_art/starter_atlas.png.import[39m[0m
[  82% ] [90m[1msavepack[22m | Storing File: res://.godot/imported/swamp blubbeln.png-e21e7998a02e0b8b86dbb60b19df31f5.ctex[39m[0m
[  82% ] [90m[1msavepack[22m | Storing File: res://assets/pixel_art/swamp blubbeln.png.import[39m[0m
[  82% ] [90m[1msavepack[22m | Storing File: res://.godot/imported/swamp-brühe animated-v5.png-450e9b248d9c921e986fe9f5d435f6a3.ctex[39m[0m
[  82% ] [90m[1msavepack[22m | Storing File: res://assets/pixel_art/swamp-brühe animated-v5.png.import[39m[0m
[  82% ] [90m[1msavepack[22m | Storing File: res://.godot/imported/swamp-v3 - shrooms-preview.png-89c3467e492d5f8b8e98738a65be78ca.ctex[39m[0m
[  82% ] [90m[1msavepack[22m | Storing File: res://assets/pixel_art/swamp-v3 - shrooms-preview.png.import[39m[0m
[  82% ] [90m[1msavepack[22m | Storing File: res://.godot/imported/translucent shrooms.png-54f221250c4a35014f4fe7b68c4a82d2.ctex[39m[0m
[  82% ] [90m[1msavepack[22m | Storing File: res://assets/pixel_art/translucent shrooms.png.import[39m[0m
[  82% ] [90m[1msavepack[22m | Storing File: res://.godot/imported/trap.png-c17a7a3f68419d3cd01294d5efa38545.ctex[39m[0m
[  82% ] [90m[1msavepack[22m | Storing File: res://assets/pixel_art/trap.png.import[39m[0m
[  82% ] [90m[1msavepack[22m | Storing File: res://.godot/imported/tree-trunk-swamp.png-5b43cec8cc1d2ab4284af9f76cb721ca.ctex[39m[0m
[  82% ] [90m[1msavepack[22m | Storing File: res://assets/pixel_art/tree-trunk-swamp.png.import[39m[0m
[  82% ] [90m[1msavepack[22m | Storing File: res://.godot/imported/TX Brickman.png-9a048a055bfad2c47b7f779dc583d082.ctex[39m[0m
[  82% ] [90m[1msavepack[22m | Storing File: res://assets/pixel_art/TX Brickman.png.import[39m[0m
[  82% ] [90m[1msavepack[22m | Storing File: res://.godot/imported/TX Plant.png-9055d3a06ade0aa9d48c7211ce32a345.ctex[39m[0m
[  82% ] [90m[1msavepack[22m | Storing File: res://assets/pixel_art/TX Plant.png.import[39m[0m
[  82% ] [90m[1msavepack[22m | Storing File: res://.godot/imported/TX Props.png-24c79cd00ba4ae0651c86edfc3383ca3.ctex[39m[0m
[  82% ] [90m[1msavepack[22m | Storing File: res://assets/pixel_art/TX Props.png.import[39m[0m
[  82% ] [90m[1msavepack[22m | Storing File: res://.godot/imported/TX Shadow Plant.png-9574926c97cce475755c290c3f5d3886.ctex[39m[0m
[  82% ] [90m[1msavepack[22m | Storing File: res://assets/pixel_art/TX Shadow Plant.png.import[39m[0m
[  82% ] [90m[1msavepack[22m | Storing File: res://.godot/imported/TX Shadow.png-e53a4826da0f9216bc89e0049139d747.ctex[39m[0m
[  82% ] [90m[1msavepack[22m | Storing File: res://assets/pixel_art/TX Shadow.png.import[39m[0m
[  82% ] [90m[1msavepack[22m | Storing File: res://.godot/imported/TX Struct.png-37e9fb0c8c1232cf8119112c8c06115a.ctex[39m[0m
[  82% ] [90m[1msavepack[22m | Storing File: res://assets/pixel_art/TX Struct.png.import[39m[0m
[  82% ] [90m[1msavepack[22m | Storing File: res://.godot/imported/TX Tileset Grass.png-5c2bd21d5ab2641fa190e20dc67e650c.ctex[39m[0m
[  82% ] [90m[1msavepack[22m | Storing File: res://assets/pixel_art/TX Tileset Grass.png.import[39m[0m
[  82% ] [90m[1msavepack[22m | Storing File: res://.godot/imported/TX Tileset Stone Ground.png-096e22630348b1284e746bfe3266dd7a.ctex[39m[0m
[  82% ] [90m[1msavepack[22m | Storing File: res://assets/pixel_art/TX Tileset Stone Ground.png.import[39m[0m
[  82% ] [90m[1msavepack[22m | Storing File: res://.godot/imported/TX Tileset Wall.png-89999a9c809049a15911ef8c11a59dc6.ctex[39m[0m
[  82% ] [90m[1msavepack[22m | Storing File: res://assets/pixel_art/TX Tileset Wall.png.import[39m[0m
[  83% ] [90m[1msavepack[22m | Storing File: res://.godot/imported/voodoo-guy-behaviour.png-9775fd3c6b65731d80118c1d3d3eb9e0.ctex[39m[0m
[  83% ] [90m[1msavepack[22m | Storing File: res://assets/pixel_art/voodoo-guy-behaviour.png.import[39m[0m
[  83% ] [90m[1msavepack[22m | Storing File: res://.godot/imported/voodoo-guy-walk anim.png-493c67666478e4a33715bad2341877cb.ctex[39m[0m
[  83% ] [90m[1msavepack[22m | Storing File: res://assets/pixel_art/voodoo-guy-walk anim.png.import[39m[0m
[  83% ] [90m[1msavepack[22m | Storing File: res://.godot/imported/windspiel.png-330470dd7e8ca9d687a692cc75f981c3.ctex[39m[0m
[  83% ] [90m[1msavepack[22m | Storing File: res://assets/pixel_art/windspiel.png.import[39m[0m
[  83% ] [90m[1msavepack[22m | Storing File: res://.godot/imported/healer_0.png-473984225a8b202475a07820e7e0d78c.ctex[39m[0m
[  83% ] [90m[1msavepack[22m | Storing File: res://assets/roster_portraits/healer_0.png.import[39m[0m
[  83% ] [90m[1msavepack[22m | Storing File: res://.godot/imported/healer_1.png-43a17300805ccd68a04eb69b3c9fec0f.ctex[39m[0m
[  83% ] [90m[1msavepack[22m | Storing File: res://assets/roster_portraits/healer_1.png.import[39m[0m
[  83% ] [90m[1msavepack[22m | Storing File: res://.godot/imported/healer_2.png-9fd3aa6e3b5f81a081c02596f3283b48.ctex[39m[0m
[  83% ] [90m[1msavepack[22m | Storing File: res://assets/roster_portraits/healer_2.png.import[39m[0m
[  83% ] [90m[1msavepack[22m | Storing File: res://.godot/imported/healer_3.png-2caabf19b5f3a6f26f901e70500fb380.ctex[39m[0m
[  83% ] [90m[1msavepack[22m | Storing File: res://assets/roster_portraits/healer_3.png.import[39m[0m
[  83% ] [90m[1msavepack[22m | Storing File: res://.godot/imported/mage_0.png-3d5eb35d33a119f76d622300d5589147.ctex[39m[0m
[  83% ] [90m[1msavepack[22m | Storing File: res://assets/roster_portraits/mage_0.png.import[39m[0m
[  83% ] [90m[1msavepack[22m | Storing File: res://.godot/imported/mage_1.png-56fec3d0146db7d116db7dfb504a0ac5.ctex[39m[0m
[  83% ] [90m[1msavepack[22m | Storing File: res://assets/roster_portraits/mage_1.png.import[39m[0m
[  83% ] [90m[1msavepack[22m | Storing File: res://.godot/imported/mage_2.png-d7f19e39fb71de95658d6e8352c4d74a.ctex[39m[0m
[  83% ] [90m[1msavepack[22m | Storing File: res://assets/roster_portraits/mage_2.png.import[39m[0m
[  83% ] [90m[1msavepack[22m | Storing File: res://.godot/imported/mage_3.png-5f285c83fa08d8c9149589f797c08fc3.ctex[39m[0m
[  83% ] [90m[1msavepack[22m | Storing File: res://assets/roster_portraits/mage_3.png.import[39m[0m
[  83% ] [90m[1msavepack[22m | Storing File: res://.godot/imported/recruit_atlas.png-3b10f432ba3dc969298b94aa1a8e353e.ctex[39m[0m
[  83% ] [90m[1msavepack[22m | Storing File: res://assets/roster_portraits/recruit_atlas.png.import[39m[0m
[  83% ] [90m[1msavepack[22m | Storing File: res://.godot/imported/rogue_0.png-65d0f9bd4803768ea6fde89d28e3eb5b.ctex[39m[0m
[  83% ] [90m[1msavepack[22m | Storing File: res://assets/roster_portraits/rogue_0.png.import[39m[0m
[  83% ] [90m[1msavepack[22m | Storing File: res://.godot/imported/rogue_1.png-b4392667f01f747d039973d4e3934d08.ctex[39m[0m
[  83% ] [90m[1msavepack[22m | Storing File: res://assets/roster_portraits/rogue_1.png.import[39m[0m
[  83% ] [90m[1msavepack[22m | Storing File: res://.godot/imported/rogue_2.png-1a30f0703c978a6ede48d98f401c67d5.ctex[39m[0m
[  83% ] [90m[1msavepack[22m | Storing File: res://assets/roster_portraits/rogue_2.png.import[39m[0m
[  83% ] [90m[1msavepack[22m | Storing File: res://.godot/imported/rogue_3.png-6d290102c53e63cc3b5798384e87150c.ctex[39m[0m
[  83% ] [90m[1msavepack[22m | Storing File: res://assets/roster_portraits/rogue_3.png.import[39m[0m
[  83% ] [90m[1msavepack[22m | Storing File: res://.godot/imported/summoner_0.png-297f1c9641a7f219f87ec1204f8f9784.ctex[39m[0m
[  83% ] [90m[1msavepack[22m | Storing File: res://assets/roster_portraits/summoner_0.png.import[39m[0m
[  83% ] [90m[1msavepack[22m | Storing File: res://.godot/imported/summoner_1.png-707f76ddcaab3817c3cdf9a45a982748.ctex[39m[0m
[  83% ] [90m[1msavepack[22m | Storing File: res://assets/roster_portraits/summoner_1.png.import[39m[0m
[  83% ] [90m[1msavepack[22m | Storing File: res://.godot/imported/summoner_2.png-5cbb8021c8559bb4b81deb7ee0ece823.ctex[39m[0m
[  83% ] [90m[1msavepack[22m | Storing File: res://assets/roster_portraits/summoner_2.png.import[39m[0m
[  83% ] [90m[1msavepack[22m | Storing File: res://.godot/imported/summoner_3.png-69ccb46324eb425633ca792448aa2f13.ctex[39m[0m
[  83% ] [90m[1msavepack[22m | Storing File: res://assets/roster_portraits/summoner_3.png.import[39m[0m
[  84% ] [90m[1msavepack[22m | Storing File: res://.godot/imported/tank_0.png-99ce88d8150d193a997a1c299e4a9a49.ctex[39m[0m
[  84% ] [90m[1msavepack[22m | Storing File: res://assets/roster_portraits/tank_0.png.import[39m[0m
[  84% ] [90m[1msavepack[22m | Storing File: res://.godot/imported/tank_1.png-e1af92894df2bfec8335cd3e418e0029.ctex[39m[0m
[  84% ] [90m[1msavepack[22m | Storing File: res://assets/roster_portraits/tank_1.png.import[39m[0m
[  84% ] [90m[1msavepack[22m | Storing File: res://.godot/imported/tank_2.png-e75182945dcd13602acf04a7310d4eec.ctex[39m[0m
[  84% ] [90m[1msavepack[22m | Storing File: res://assets/roster_portraits/tank_2.png.import[39m[0m
[  84% ] [90m[1msavepack[22m | Storing File: res://.godot/imported/tank_3.png-ab56ce4a463a003e706a6c557e641789.ctex[39m[0m
[  84% ] [90m[1msavepack[22m | Storing File: res://assets/roster_portraits/tank_3.png.import[39m[0m
[  84% ] [90m[1msavepack[22m | Storing File: res://.godot/imported/warrior_0.png-6a3e175572fe0cbcc4c76f16f1bb2ef4.ctex[39m[0m
[  84% ] [90m[1msavepack[22m | Storing File: res://assets/roster_portraits/warrior_0.png.import[39m[0m
[  84% ] [90m[1msavepack[22m | Storing File: res://.godot/imported/warrior_1.png-6437a9ecb1e3ea07162991c74f61cd19.ctex[39m[0m
[  84% ] [90m[1msavepack[22m | Storing File: res://assets/roster_portraits/warrior_1.png.import[39m[0m
[  84% ] [90m[1msavepack[22m | Storing File: res://.godot/imported/warrior_2.png-15a1bc7c030cc563c99b041878099c20.ctex[39m[0m
[  84% ] [90m[1msavepack[22m | Storing File: res://assets/roster_portraits/warrior_2.png.import[39m[0m
[  84% ] [90m[1msavepack[22m | Storing File: res://.godot/imported/warrior_3.png-7d9990b461859da48cf0c01d810c71b8.ctex[39m[0m
[  84% ] [90m[1msavepack[22m | Storing File: res://assets/roster_portraits/warrior_3.png.import[39m[0m
[  84% ] [90m[1msavepack[22m | Storing File: res://.godot/imported/verdant_tileset.png-4e1c06d4f0ef55f3991cb4588ab3db8a.ctex[39m[0m
[  84% ] [90m[1msavepack[22m | Storing File: res://assets/slasher/forest/verdant_tileset.png.import[39m[0m
[  84% ] [90m[1msavepack[22m | Storing File: res://.godot/imported/slasher_resource_hud_frame.png-80d8a2d70f57a3c3af44bc62e0a45c42.ctex[39m[0m
[  84% ] [90m[1msavepack[22m | Storing File: res://assets/slasher/ui/slasher_resource_hud_frame.png.import[39m[0m
[  84% ] [90m[1msavepack[22m | Storing File: res://.godot/imported/ATTACK 1.png-4e41c76c67edbccb25b1501877ef6060.ctex[39m[0m
[  84% ] [90m[1msavepack[22m | Storing File: res://assets/sprite_packs/Kobold/Sprites/without_outline/ATTACK 1.png.import[39m[0m
[  84% ] [90m[1msavepack[22m | Storing File: res://.godot/imported/IDLE.png-7622c1f333c7075b820fd74e24060dad.ctex[39m[0m
[  84% ] [90m[1msavepack[22m | Storing File: res://assets/sprite_packs/Kobold/Sprites/without_outline/IDLE.png.import[39m[0m
[  84% ] [90m[1msavepack[22m | Storing File: res://.godot/imported/RUN.png-9f936dbf03d72c3bba25b4b758a01d28.ctex[39m[0m
[  84% ] [90m[1msavepack[22m | Storing File: res://assets/sprite_packs/Kobold/Sprites/without_outline/RUN.png.import[39m[0m
[  84% ] [90m[1msavepack[22m | Storing File: res://.godot/imported/ATTACK 1.png-5bc4a605f6bb08c345d8f844900e813b.ctex[39m[0m
[  84% ] [90m[1msavepack[22m | Storing File: res://assets/sprite_packs/Kobold/Sprites/with_outline/ATTACK 1.png.import[39m[0m
[  84% ] [90m[1msavepack[22m | Storing File: res://.godot/imported/IDLE.png-a97631b1327e9a8282cf6690006c75d1.ctex[39m[0m
[  84% ] [90m[1msavepack[22m | Storing File: res://assets/sprite_packs/Kobold/Sprites/with_outline/IDLE.png.import[39m[0m
[  84% ] [90m[1msavepack[22m | Storing File: res://.godot/imported/RUN.png-e708840a4f12a9e7a529c5735dd75f7b.ctex[39m[0m
[  84% ] [90m[1msavepack[22m | Storing File: res://assets/sprite_packs/Kobold/Sprites/with_outline/RUN.png.import[39m[0m
[  84% ] [90m[1msavepack[22m | Storing File: res://.godot/exported/133200997/export-251a3df9dbf41d9ffa8867f9a850ff33-kobold_frames.res[39m[0m
[  84% ] [90m[1msavepack[22m | Storing File: res://.godot/exported/133200997/export-8e1503b73093a7d56200f76caf0513d5-kobold_profile.res[39m[0m
[  84% ] [90m[1msavepack[22m | Storing File: res://.godot/imported/Preview.png-6c021101d4fc6551e2f2cef146d73fc2.ctex[39m[0m
[  84% ] [90m[1msavepack[22m | Storing File: res://assets/sprite_packs/Kobold/Preview.png.import[39m[0m
[  85% ] [90m[1msavepack[22m | Storing File: res://.godot/imported/attack1_down.png-07c25d1af2393ebe75ade19f8b207327.ctex[39m[0m
[  85% ] [90m[1msavepack[22m | Storing File: res://assets/sprite_packs/Player/ATTACK 1/attack1_down.png.import[39m[0m
[  85% ] [90m[1msavepack[22m | Storing File: res://.godot/imported/attack1_left.png-5d75bd93e91d531c273d3a286db7c460.ctex[39m[0m
[  85% ] [90m[1msavepack[22m | Storing File: res://assets/sprite_packs/Player/ATTACK 1/attack1_left.png.import[39m[0m
[  85% ] [90m[1msavepack[22m | Storing File: res://.godot/imported/attack1_right.png-e0fa898525165f705bd52b25ba735d31.ctex[39m[0m
[  85% ] [90m[1msavepack[22m | Storing File: res://assets/sprite_packs/Player/ATTACK 1/attack1_right.png.import[39m[0m
[  85% ] [90m[1msavepack[22m | Storing File: res://.godot/imported/attack1_up.png-6a3874e03189ab6f4bc5282d8a178df3.ctex[39m[0m
[  85% ] [90m[1msavepack[22m | Storing File: res://assets/sprite_packs/Player/ATTACK 1/attack1_up.png.import[39m[0m
[  85% ] [90m[1msavepack[22m | Storing File: res://.godot/imported/attack2_down.png-bba653ab50be1faa0c817ac2bc73528a.ctex[39m[0m
[  85% ] [90m[1msavepack[22m | Storing File: res://assets/sprite_packs/Player/ATTACK 2/attack2_down.png.import[39m[0m
[  85% ] [90m[1msavepack[22m | Storing File: res://.godot/imported/attack2_left.png-43683e2e1ce8848912a0f7b25c8f43ed.ctex[39m[0m
[  85% ] [90m[1msavepack[22m | Storing File: res://assets/sprite_packs/Player/ATTACK 2/attack2_left.png.import[39m[0m
[  85% ] [90m[1msavepack[22m | Storing File: res://.godot/imported/attack2_right.png-223b0e7047dd37d4fa4e45dfe7ea95a8.ctex[39m[0m
[  85% ] [90m[1msavepack[22m | Storing File: res://assets/sprite_packs/Player/ATTACK 2/attack2_right.png.import[39m[0m
[  85% ] [90m[1msavepack[22m | Storing File: res://.godot/imported/attack2_up.png-b526501667f1b8bdfa29e760d04fde6c.ctex[39m[0m
[  85% ] [90m[1msavepack[22m | Storing File: res://assets/sprite_packs/Player/ATTACK 2/attack2_up.png.import[39m[0m
[  85% ] [90m[1msavepack[22m | Storing File: res://.godot/imported/idle_down.png-b46191bf960d92a68c112b481db4af20.ctex[39m[0m
[  85% ] [90m[1msavepack[22m | Storing File: res://assets/sprite_packs/Player/IDLE/idle_down.png.import[39m[0m
[  85% ] [90m[1msavepack[22m | Storing File: res://.godot/imported/idle_left.png-ec0fd41861c22f88b0445c97dee107af.ctex[39m[0m
[  85% ] [90m[1msavepack[22m | Storing File: res://assets/sprite_packs/Player/IDLE/idle_left.png.import[39m[0m
[  85% ] [90m[1msavepack[22m | Storing File: res://.godot/imported/idle_right.png-1520a70abfb0fde374e1d137fe3bb02b.ctex[39m[0m
[  85% ] [90m[1msavepack[22m | Storing File: res://assets/sprite_packs/Player/IDLE/idle_right.png.import[39m[0m
[  85% ] [90m[1msavepack[22m | Storing File: res://.godot/imported/idle_up.png-ed1fd823bd37a5be1e70afb3d116190a.ctex[39m[0m
[  85% ] [90m[1msavepack[22m | Storing File: res://assets/sprite_packs/Player/IDLE/idle_up.png.import[39m[0m
[  85% ] [90m[1msavepack[22m | Storing File: res://.godot/imported/run_down.png-a8d4a9320fcc1784f42f736a7d01f793.ctex[39m[0m
[  85% ] [90m[1msavepack[22m | Storing File: res://assets/sprite_packs/Player/RUN/run_down.png.import[39m[0m
[  85% ] [90m[1msavepack[22m | Storing File: res://.godot/imported/run_left.png-d1e0eb1c2b629b2a738162975ca4a882.ctex[39m[0m
[  85% ] [90m[1msavepack[22m | Storing File: res://assets/sprite_packs/Player/RUN/run_left.png.import[39m[0m
[  85% ] [90m[1msavepack[22m | Storing File: res://.godot/imported/run_right.png-47f05c64a18f0b2d9ce1fad45f6e6f72.ctex[39m[0m
[  85% ] [90m[1msavepack[22m | Storing File: res://assets/sprite_packs/Player/RUN/run_right.png.import[39m[0m
[  85% ] [90m[1msavepack[22m | Storing File: res://.godot/imported/run_up.png-a5ae68cb9ec4307b5ca162a85f535c16.ctex[39m[0m
[  85% ] [90m[1msavepack[22m | Storing File: res://assets/sprite_packs/Player/RUN/run_up.png.import[39m[0m
[  85% ] [90m[1msavepack[22m | Storing File: res://.godot/exported/133200997/export-207448a7d8bf7a256ef329d9651a024d-player_frames.res[39m[0m
[  85% ] [90m[1msavepack[22m | Storing File: res://.godot/imported/tavern_hub_backdrop_source.png-3f387588e5f2413a0664272e0e42e1f3.ctex[39m[0m
[  85% ] [90m[1msavepack[22m | Storing File: res://assets/tavern/sources/tavern_hub_backdrop_source.png.import[39m[0m
[  85% ] [90m[1msavepack[22m | Storing File: res://.godot/imported/tavern_props_source.png-f6f754abbb5dedbb6b92cfe99febea9c.ctex[39m[0m
[  85% ] [90m[1msavepack[22m | Storing File: res://assets/tavern/sources/tavern_props_source.png.import[39m[0m
[  86% ] [90m[1msavepack[22m | Storing File: res://.godot/imported/tavern_hub_backdrop.png-4a014c10afdca80c40bcf0103a6d13ef.ctex[39m[0m
[  86% ] [90m[1msavepack[22m | Storing File: res://assets/tavern/tavern_hub_backdrop.png.import[39m[0m
[  86% ] [90m[1msavepack[22m | Storing File: res://.godot/imported/cobblestone_1.png-75a0189fca0f08ff72e6bb1e7641078c.ctex[39m[0m
[  86% ] [90m[1msavepack[22m | Storing File: res://assets/tile_sets/Free_pixel_tiles_pack/cobblestone_1.png.import[39m[0m
[  86% ] [90m[1msavepack[22m | Storing File: res://.godot/imported/cobblestone_2.png-dbf4c3d7bd954611bd8219af5597f69d.ctex[39m[0m
[  86% ] [90m[1msavepack[22m | Storing File: res://assets/tile_sets/Free_pixel_tiles_pack/cobblestone_2.png.import[39m[0m
[  86% ] [90m[1msavepack[22m | Storing File: res://.godot/imported/cobblestone_3.png-54b024f892446bd221712d341d8d1c01.ctex[39m[0m
[  86% ] [90m[1msavepack[22m | Storing File: res://assets/tile_sets/Free_pixel_tiles_pack/cobblestone_3.png.import[39m[0m
[  86% ] [90m[1msavepack[22m | Storing File: res://.godot/imported/dirty_1.png-fc5d13988f6839dfa730fe0d07f5e587.ctex[39m[0m
[  86% ] [90m[1msavepack[22m | Storing File: res://assets/tile_sets/Free_pixel_tiles_pack/dirty_1.png.import[39m[0m
[  86% ] [90m[1msavepack[22m | Storing File: res://.godot/imported/dirty_2.png-9068beff1d8438608b92cee984cf2be2.ctex[39m[0m
[  86% ] [90m[1msavepack[22m | Storing File: res://assets/tile_sets/Free_pixel_tiles_pack/dirty_2.png.import[39m[0m
[  86% ] [90m[1msavepack[22m | Storing File: res://.godot/imported/dirty_3.png-e2faaca9e819b461233d256177924cf4.ctex[39m[0m
[  86% ] [90m[1msavepack[22m | Storing File: res://assets/tile_sets/Free_pixel_tiles_pack/dirty_3.png.import[39m[0m
[  86% ] [90m[1msavepack[22m | Storing File: res://.godot/imported/grass_1.png-b5c1f4f2e11dfd9ecbd91191bbbe278f.ctex[39m[0m
[  86% ] [90m[1msavepack[22m | Storing File: res://assets/tile_sets/Free_pixel_tiles_pack/grass_1.png.import[39m[0m
[  86% ] [90m[1msavepack[22m | Storing File: res://.godot/imported/grass_2.png-1c94bbf7000a1ddc43c9cc69b5b56c3d.ctex[39m[0m
[  86% ] [90m[1msavepack[22m | Storing File: res://assets/tile_sets/Free_pixel_tiles_pack/grass_2.png.import[39m[0m
[  86% ] [90m[1msavepack[22m | Storing File: res://.godot/imported/grass_3.png-b4736f388532d58393bc5220231b1083.ctex[39m[0m
[  86% ] [90m[1msavepack[22m | Storing File: res://assets/tile_sets/Free_pixel_tiles_pack/grass_3.png.import[39m[0m
[  86% ] [90m[1msavepack[22m | Storing File: res://.godot/imported/sand_1.png-b1b77d577a79acbc94192cd47f6ad270.ctex[39m[0m
[  86% ] [90m[1msavepack[22m | Storing File: res://assets/tile_sets/Free_pixel_tiles_pack/sand_1.png.import[39m[0m
[  86% ] [90m[1msavepack[22m | Storing File: res://.godot/imported/sand_2.png-e2454a922feab23b52cf73b056c564a8.ctex[39m[0m
[  86% ] [90m[1msavepack[22m | Storing File: res://assets/tile_sets/Free_pixel_tiles_pack/sand_2.png.import[39m[0m
[  86% ] [90m[1msavepack[22m | Storing File: res://.godot/imported/sand_3.png-dfb17d691b7c5112d554d2d85d61106a.ctex[39m[0m
[  86% ] [90m[1msavepack[22m | Storing File: res://assets/tile_sets/Free_pixel_tiles_pack/sand_3.png.import[39m[0m
[  86% ] [90m[1msavepack[22m | Storing File: res://.godot/imported/begin_button.png-443b47f1ad76d1d53cc0cbecfc5e7a06.ctex[39m[0m
[  86% ] [90m[1msavepack[22m | Storing File: res://assets/ui/buttons/begin_button.png.import[39m[0m
[  86% ] [90m[1msavepack[22m | Storing File: res://.godot/imported/fantasy_button_compact_dark.png-f30a48676f4d9d7319de4f9ab49e568c.ctex[39m[0m
[  86% ] [90m[1msavepack[22m | Storing File: res://assets/ui/buttons/fantasy_button_compact_dark.png.import[39m[0m
[  86% ] [90m[1msavepack[22m | Storing File: res://.godot/imported/fantasy_button_compact_dark_clean.png-3dccc134c938ff086269699866506f1f.ctex[39m[0m
[  86% ] [90m[1msavepack[22m | Storing File: res://assets/ui/buttons/fantasy_button_compact_dark_clean.png.import[39m[0m
[  86% ] [90m[1msavepack[22m | Storing File: res://.godot/imported/fantasy_button_dark.png-f3f6c5daba3162f5debcf8333cdbe12d.ctex[39m[0m
[  86% ] [90m[1msavepack[22m | Storing File: res://assets/ui/buttons/fantasy_button_dark.png.import[39m[0m
[  86% ] [90m[1msavepack[22m | Storing File: res://.godot/imported/fantasy_button_dark_clean.png-1a76bea8b813f850c299e9e6b63b41b1.ctex[39m[0m
[  86% ] [90m[1msavepack[22m | Storing File: res://assets/ui/buttons/fantasy_button_dark_clean.png.import[39m[0m
[  86% ] [90m[1msavepack[22m | Storing File: res://.godot/imported/fantasy_button_light.png-d966f4dce3e21f319fb5a679ca61398f.ctex[39m[0m
[  86% ] [90m[1msavepack[22m | Storing File: res://assets/ui/buttons/fantasy_button_light.png.import[39m[0m
[  87% ] [90m[1msavepack[22m | Storing File: res://.godot/imported/fantasy_button_light_clean.png-8e8ad12e864cc43692150c0ecfb3cd20.ctex[39m[0m
[  87% ] [90m[1msavepack[22m | Storing File: res://assets/ui/buttons/fantasy_button_light_clean.png.import[39m[0m
[  87% ] [90m[1msavepack[22m | Storing File: res://.godot/imported/gold_panel_sheet.png-abe56c533e2be4d072fb188bbefed942.ctex[39m[0m
[  87% ] [90m[1msavepack[22m | Storing File: res://assets/ui/character_menu/source/gold_panel_sheet.png.import[39m[0m
[  87% ] [90m[1msavepack[22m | Storing File: res://.godot/imported/close_button.png-f8c61d70492cc0c5b0c15bca08a61f43.ctex[39m[0m
[  87% ] [90m[1msavepack[22m | Storing File: res://assets/ui/character_menu/close_button.png.import[39m[0m
[  87% ] [90m[1msavepack[22m | Storing File: res://.godot/imported/menu_frame.png-5e29bf2145486b2873ea504141385e56.ctex[39m[0m
[  87% ] [90m[1msavepack[22m | Storing File: res://assets/ui/character_menu/menu_frame.png.import[39m[0m
[  87% ] [90m[1msavepack[22m | Storing File: res://.godot/imported/portrait_frame.png-fc1d3b0633b9985940b1bab4e25870e5.ctex[39m[0m
[  87% ] [90m[1msavepack[22m | Storing File: res://assets/ui/character_menu/portrait_frame.png.import[39m[0m
[  87% ] [90m[1msavepack[22m | Storing File: res://.godot/imported/relic_slot_empty.png-363a3bb194ddf8c5cf20313092626060.ctex[39m[0m
[  87% ] [90m[1msavepack[22m | Storing File: res://assets/ui/character_menu/relic_slot_empty.png.import[39m[0m
[  87% ] [90m[1msavepack[22m | Storing File: res://.godot/imported/relic_slot_selected.png-8831d15af62ef24b064a1ba415145f7a.ctex[39m[0m
[  87% ] [90m[1msavepack[22m | Storing File: res://assets/ui/character_menu/relic_slot_selected.png.import[39m[0m
[  87% ] [90m[1msavepack[22m | Storing File: res://.godot/imported/section_panel.png-247ad5c62a71106fb5b0a9fdbd036d39.ctex[39m[0m
[  87% ] [90m[1msavepack[22m | Storing File: res://assets/ui/character_menu/section_panel.png.import[39m[0m
[  87% ] [90m[1msavepack[22m | Storing File: res://.godot/imported/section_panel.webp-21df737eeb0eafd84bf8940a76788a55.ctex[39m[0m
[  87% ] [90m[1msavepack[22m | Storing File: res://assets/ui/character_menu/section_panel.webp.import[39m[0m
[  87% ] [90m[1msavepack[22m | Storing File: res://.godot/imported/side_panel.png-bafe24c9018ca81382536d308d1c1f7d.ctex[39m[0m
[  87% ] [90m[1msavepack[22m | Storing File: res://assets/ui/character_menu/side_panel.png.import[39m[0m
[  87% ] [90m[1msavepack[22m | Storing File: res://.godot/imported/stat_tile.png-8a51235b49f8f8e19a18d6ea3f1f0bd5.ctex[39m[0m
[  87% ] [90m[1msavepack[22m | Storing File: res://assets/ui/character_menu/stat_tile.png.import[39m[0m
[  87% ] [90m[1msavepack[22m | Storing File: res://.godot/imported/tip_panel.png-e42dc0014e7af576f4ccdd2093ef1f5b.ctex[39m[0m
[  87% ] [90m[1msavepack[22m | Storing File: res://assets/ui/character_menu/tip_panel.png.import[39m[0m
[  87% ] [90m[1msavepack[22m | Storing File: res://.godot/imported/healer.png-f1ecbeca17062accb84176de1e44a715.ctex[39m[0m
[  87% ] [90m[1msavepack[22m | Storing File: res://assets/ui/class_cards/healer.png.import[39m[0m
[  87% ] [90m[1msavepack[22m | Storing File: res://.godot/imported/mage.png-16dad9c690abf8bc523850097bd43e2e.ctex[39m[0m
[  87% ] [90m[1msavepack[22m | Storing File: res://assets/ui/class_cards/mage.png.import[39m[0m
[  87% ] [90m[1msavepack[22m | Storing File: res://.godot/imported/phantom.png-a7bcffe25e635395b76b719e23d51e03.ctex[39m[0m
[  87% ] [90m[1msavepack[22m | Storing File: res://assets/ui/class_cards/phantom.png.import[39m[0m
[  87% ] [90m[1msavepack[22m | Storing File: res://.godot/imported/summoner.png-b7c9bc2eae5004eb93ba89c3e2e76ec9.ctex[39m[0m
[  87% ] [90m[1msavepack[22m | Storing File: res://assets/ui/class_cards/summoner.png.import[39m[0m
[  87% ] [90m[1msavepack[22m | Storing File: res://.godot/imported/tank.png-ce40d7f3584ed295bb31d153fb6816ea.ctex[39m[0m
[  87% ] [90m[1msavepack[22m | Storing File: res://assets/ui/class_cards/tank.png.import[39m[0m
[  87% ] [90m[1msavepack[22m | Storing File: res://.godot/imported/warrior.png-d7d561ae35f1ad69ec5cbcb033e66608.ctex[39m[0m
[  87% ] [90m[1msavepack[22m | Storing File: res://assets/ui/class_cards/warrior.png.import[39m[0m
[  87% ] [90m[1msavepack[22m | Storing File: res://.godot/imported/common.png-6086916874147f3cb4078a4ade8a56f9.ctex[39m[0m
[  87% ] [90m[1msavepack[22m | Storing File: res://assets/ui/item_card/rarity/common.png.import[39m[0m
[  87% ] [90m[1msavepack[22m | Storing File: res://.godot/imported/epic.png-1e7123b956ac4e9aa51a7ea61c3ea7cb.ctex[39m[0m
[  87% ] [90m[1msavepack[22m | Storing File: res://assets/ui/item_card/rarity/epic.png.import[39m[0m
[  88% ] [90m[1msavepack[22m | Storing File: res://.godot/imported/legendary.png-fc9ffa593c58040a6eccf3186a5811d4.ctex[39m[0m
[  88% ] [90m[1msavepack[22m | Storing File: res://assets/ui/item_card/rarity/legendary.png.import[39m[0m
[  88% ] [90m[1msavepack[22m | Storing File: res://.godot/imported/rare.png-19a74eb2c1827af67b6e26e858dca75e.ctex[39m[0m
[  88% ] [90m[1msavepack[22m | Storing File: res://assets/ui/item_card/rarity/rare.png.import[39m[0m
[  88% ] [90m[1msavepack[22m | Storing File: res://.godot/imported/rarity_strip.png-928ec0b9b714a28546fd4740dd97f425.ctex[39m[0m
[  88% ] [90m[1msavepack[22m | Storing File: res://assets/ui/item_card/rarity/rarity_strip.png.import[39m[0m
[  88% ] [90m[1msavepack[22m | Storing File: res://.godot/imported/uncommon.png-4f224d3582d77a5ff88cc3eb092b971f.ctex[39m[0m
[  88% ] [90m[1msavepack[22m | Storing File: res://assets/ui/item_card/rarity/uncommon.png.import[39m[0m
[  88% ] [90m[1msavepack[22m | Storing File: res://.godot/imported/ard_background_light.png-592c307167ff7b53183004588e5c0360.ctex[39m[0m
[  88% ] [90m[1msavepack[22m | Storing File: res://assets/ui/item_card/ard_background_light.png.import[39m[0m
[  88% ] [90m[1msavepack[22m | Storing File: res://.godot/imported/artwork_frame.png-8fef148b4d30f4ba458427159b105d25.ctex[39m[0m
[  88% ] [90m[1msavepack[22m | Storing File: res://assets/ui/item_card/artwork_frame.png.import[39m[0m
[  88% ] [90m[1msavepack[22m | Storing File: res://.godot/imported/card_background.png-47a474ad0d7cacda434968df5f3b1d0e.ctex[39m[0m
[  88% ] [90m[1msavepack[22m | Storing File: res://assets/ui/item_card/card_background.png.import[39m[0m
[  88% ] [90m[1msavepack[22m | Storing File: res://.godot/imported/card_background_dark.png-5b75241851e2fdc4c096828321136b31.ctex[39m[0m
[  88% ] [90m[1msavepack[22m | Storing File: res://assets/ui/item_card/card_background_dark.png.import[39m[0m
[  88% ] [90m[1msavepack[22m | Storing File: res://.godot/imported/card_background_light.png-45b24cc21a66042130bd0e5bbf6cc5ae.ctex[39m[0m
[  88% ] [90m[1msavepack[22m | Storing File: res://assets/ui/item_card/card_background_light.png.import[39m[0m
[  88% ] [90m[1msavepack[22m | Storing File: res://.godot/imported/card_border.png-5a5d20f2964ddf3d854b5e2d9114732a.ctex[39m[0m
[  88% ] [90m[1msavepack[22m | Storing File: res://assets/ui/item_card/card_border.png.import[39m[0m
[  88% ] [90m[1msavepack[22m | Storing File: res://.godot/imported/footer_panel.png-cbf6237dc96715a85722e56de041bdb3.ctex[39m[0m
[  88% ] [90m[1msavepack[22m | Storing File: res://assets/ui/item_card/footer_panel.png.import[39m[0m
[  88% ] [90m[1msavepack[22m | Storing File: res://.godot/imported/header_panel.png-c69ab6e4c691b69d27e7ac6c1610d079.ctex[39m[0m
[  88% ] [90m[1msavepack[22m | Storing File: res://assets/ui/item_card/header_panel.png.import[39m[0m
[  88% ] [90m[1msavepack[22m | Storing File: res://.godot/imported/parchment_panel.png-421369d9a036d57c5ebbc435b18337b8.ctex[39m[0m
[  88% ] [90m[1msavepack[22m | Storing File: res://assets/ui/item_card/parchment_panel.png.import[39m[0m
[  88% ] [90m[1msavepack[22m | Storing File: res://.godot/imported/stat_panel.png-278fc60aea4f2fcdb5c1abc776bb590b.ctex[39m[0m
[  88% ] [90m[1msavepack[22m | Storing File: res://assets/ui/item_card/stat_panel.png.import[39m[0m
[  88% ] [90m[1msavepack[22m | Storing File: res://.godot/imported/Eros.png-bad2c918df597da17ffe74d84c7c54e3.ctex[39m[0m
[  88% ] [90m[1msavepack[22m | Storing File: res://assets/ui/Eros.png.import[39m[0m
[  88% ] [90m[1msavepack[22m | Storing File: res://.godot/imported/icon.svg-218a8f2b3041327d8a5756f3a245f83b.ctex[39m[0m
[  88% ] [90m[1msavepack[22m | Storing File: res://icon.svg.import[39m[0m
[  88% ] [90m[1msavepack[22m | Storing File: res://tools/normalize_generated_enemies.gdc[39m[0m
[  88% ] [90m[1msavepack[22m | Storing File: res://tools/build_player_frames.gdc[39m[0m
[  88% ] [90m[1msavepack[22m | Storing File: res://tools/build_kobold_frames.gdc[39m[0m
[  89% ] [90m[1msavepack[22m | Storing File: res://.godot/exported/133200997/export-a029e5cde0865f00f24974b3ee8f469b-root_field.res[39m[0m
[  89% ] [90m[1msavepack[22m | Storing File: res://.godot/exported/133200997/export-1df421574af3dc716cc62bd0f9ffdc43-definition.res[39m[0m
[  89% ] [90m[1msavepack[22m | Storing File: res://.godot/exported/133200997/export-2eaa68586f896c6b544ea40a45aec928-journal.res[39m[0m
[  89% ] [90m[1msavepack[22m | Storing File: res://.godot/exported/133200997/export-ff54b41714e3235aa8dde1703ff676f5-profile.res[39m[0m
[  89% ] [90m[1msavepack[22m | Storing File: res://.godot/exported/133200997/export-3a69f473fe4249992393d50d8b543b5d-feral_lunge.res[39m[0m
[  89% ] [90m[1msavepack[22m | Storing File: res://.godot/exported/133200997/export-203503b4d0d9b5fc3e51d279a221f6a6-definition.res[39m[0m
[  89% ] [90m[1msavepack[22m | Storing File: res://.godot/exported/133200997/export-252b18dec5747cb97b258f6b382b9e03-journal.res[39m[0m
[  89% ] [90m[1msavepack[22m | Storing File: res://.godot/exported/133200997/export-eedccc98db4611d9c2c418b4719bc2b8-profile.res[39m[0m
[  89% ] [90m[1msavepack[22m | Storing File: res://.godot/exported/133200997/export-8cec15f117888459b41dd5b40606a600-fire_bolt.res[39m[0m
[  89% ] [90m[1msavepack[22m | Storing File: res://.godot/exported/133200997/export-1031893931784916404f73ea2d09e716-definition.res[39m[0m
[  89% ] [90m[1msavepack[22m | Storing File: res://.godot/exported/133200997/export-e461e067724a139471cc7357051bb28c-journal.res[39m[0m
[  89% ] [90m[1msavepack[22m | Storing File: res://.godot/exported/133200997/export-91fa4de1fdb00f6bcdc14bf10751a257-profile.res[39m[0m
[  89% ] [90m[1msavepack[22m | Storing File: res://.godot/exported/133200997/export-5d0e1cb477aec65a899ec37edeed5996-frost_bolt.res[39m[0m
[  89% ] [90m[1msavepack[22m | Storing File: res://.godot/exported/133200997/export-1bc0daf0eda684d896486d8819f19a9c-definition.res[39m[0m
[  89% ] [90m[1msavepack[22m | Storing File: res://.godot/exported/133200997/export-28599f6e98ce1354b1df17975bee3d0c-journal.res[39m[0m
[  89% ] [90m[1msavepack[22m | Storing File: res://.godot/exported/133200997/export-1703ec7e8991d22825777d04f935a27a-profile.res[39m[0m
[  89% ] [90m[1msavepack[22m | Storing File: res://.godot/exported/133200997/export-2c8af9a33ca2982ececd6127edb17aba-club_strike.res[39m[0m
[  89% ] [90m[1msavepack[22m | Storing File: res://.godot/exported/133200997/export-65106feb9b000137c23387237d6b470c-definition.res[39m[0m
[  89% ] [90m[1msavepack[22m | Storing File: res://.godot/exported/133200997/export-f32b634ec37f75028ed8fb26b7b8a59f-poison_arrow.res[39m[0m
[  90% ] [90m[1msavepack[22m | Storing File: res://.godot/exported/133200997/export-df6d40e61deb6c68dfd42e8ee877f080-definition.res[39m[0m
[  90% ] [90m[1msavepack[22m | Storing File: res://.godot/exported/133200997/export-efe3fa87f3f65c9084eb31c6b90081ee-journal.res[39m[0m
[  90% ] [90m[1msavepack[22m | Storing File: res://.godot/exported/133200997/export-ea38901781a8c086687795e27d421843-profile.res[39m[0m
[  90% ] [90m[1msavepack[22m | Storing File: res://.godot/exported/133200997/export-31eea93a9d3087bb6fdfc0ef95b50149-spore_burst.res[39m[0m
[  90% ] [90m[1msavepack[22m | Storing File: res://.godot/exported/133200997/export-32ed1323d356418919267620d10921ed-definition.res[39m[0m
[  90% ] [90m[1msavepack[22m | Storing File: res://.godot/exported/133200997/export-4ac3e0a83f28e29009a7ecf5ed1fa28a-journal.res[39m[0m
[  90% ] [90m[1msavepack[22m | Storing File: res://.godot/exported/133200997/export-ace9add83e5f60445f240317f7bdd430-profile.res[39m[0m
[  90% ] [90m[1msavepack[22m | Storing File: res://.godot/exported/133200997/export-9bb45ca368c3648f0e87856f389c422a-corrupted_heart.res[39m[0m
[  90% ] [90m[1msavepack[22m | Storing File: res://.godot/exported/133200997/export-36a885595c8d16eaf7c4548ad816ebe5-kobold_guard.res[39m[0m
[  90% ] [90m[1msavepack[22m | Storing File: res://data/classes.json[39m[0m
[  90% ] [90m[1msavepack[22m | Storing File: res://data/class_progression.json[39m[0m
[  90% ] [90m[1msavepack[22m | Storing File: res://data/combat_balance.json[39m[0m
[  90% ] [90m[1msavepack[22m | Storing File: res://data/consumables.json[39m[0m
[  90% ] [90m[1msavepack[22m | Storing File: res://data/dungeons.json[39m[0m
[  90% ] [90m[1msavepack[22m | Storing File: res://data/enemy_balance.json[39m[0m
[  90% ] [90m[1msavepack[22m | Storing File: res://data/field_rooms.json[39m[0m
[  90% ] [90m[1msavepack[22m | Storing File: res://data/items.json[39m[0m
[  90% ] [90m[1msavepack[22m | Storing File: res://data/item_effects.json[39m[0m
[  90% ] [90m[1msavepack[22m | Storing File: res://data/loot_tables.json[39m[0m
[  91% ] [90m[1msavepack[22m | Storing File: res://data/merchants.json[39m[0m
[  91% ] [90m[1msavepack[22m | Storing File: res://data/progression.json[39m[0m
[  91% ] [90m[1msavepack[22m | Storing File: res://data/slasher_balance.json[39m[0m
[  91% ] [90m[1msavepack[22m | Storing File: res://data/slasher_item_effects.json[39m[0m
[  91% ] [90m[1msavepack[22m | Storing File: res://data/slasher_journal.json[39m[0m
[  91% ] [90m[1msavepack[22m | Storing File: res://data/slasher_progression.json[39m[0m
[  91% ] [90m[1msavepack[22m | Storing File: res://data/tavern_layout.json[39m[0m
[  91% ] [90m[1msavepack[22m | Storing File: res://.godot/exported/133200997/export-1002f4924b31429a624adf478fb773d1-ClassSelection.scn[39m[0m
[  91% ] [90m[1msavepack[22m | Storing File: res://.godot/exported/133200997/export-8b70e4dea513b134144ec36b2aa1bf46-BoardPiece.scn[39m[0m
[  91% ] [90m[1msavepack[22m | Storing File: res://.godot/exported/133200997/export-321c1b79af34e6e09970fc80fbb5dfb1-ExitDoor.scn[39m[0m
[  91% ] [90m[1msavepack[22m | Storing File: res://.godot/exported/133200997/export-737a6e08de2de2175b0915819874a3d5-MinimapPanel.scn[39m[0m
[  91% ] [90m[1msavepack[22m | Storing File: res://.godot/exported/133200997/export-bbe342dbf9869e04429c49ee13775dfc-Crypt.scn[39m[0m
[  91% ] [90m[1msavepack[22m | Storing File: res://.godot/exported/133200997/export-1553219fcc702a7bf1c93edace62ff85-AshenFarmstead.scn[39m[0m
[  91% ] [90m[1msavepack[22m | Storing File: res://.godot/exported/133200997/export-9b4f8ed12cfccd61eba788c0467a4b28-Forest.scn[39m[0m
[  91% ] [90m[1msavepack[22m | Storing File: res://.godot/exported/133200997/export-f221bf4194e941201dbfa1b7c1930229-EmberFoundry.scn[39m[0m
[  91% ] [90m[1msavepack[22m | Storing File: res://.godot/exported/133200997/export-68a04552abb3f12a362e1db2098e38c9-Main.scn[39m[0m
[  91% ] [90m[1msavepack[22m | Storing File: res://.godot/exported/133200997/export-cca15259f3ee77d22ea08db2c847131c-SunkenMine.scn[39m[0m
[  91% ] [90m[1msavepack[22m | Storing File: res://.godot/exported/133200997/export-f832c6b583491b63feebfef04b42dedb-ModeSelection.scn[39m[0m
[  91% ] [90m[1msavepack[22m | Storing File: res://.godot/exported/133200997/export-6f0cad6970953c4c220ca39c1d4f0480-Kobold.scn[39m[0m
[  91% ] [90m[1msavepack[22m | Storing File: res://.godot/exported/133200997/export-e70dbe268f6d9444f778a4b49a1846f7-Player.scn[39m[0m
[  92% ] [90m[1msavepack[22m | Storing File: res://.godot/exported/133200997/export-21754e466d687cf49a1a42af2ddf7185-BaseEnemy.scn[39m[0m
ERROR: Cannot open file 'res://scenes/enemies/BaseEnemy.tscn'.
   at: load (scene/resources/resource_format_text.cpp:1442)
ERROR: Failed loading resource: res://scenes/enemies/BaseEnemy.tscn.
   at: _load (core/io/resource_loader.cpp:317)
WARNING: Case mismatch opening requested file 'res://Data/enemies/dark_druid/definition.tres', stored as 'res://data/enemies/dark_druid/definition.tres' in the filesystem. This file will not open when exported to other case-sensitive platforms.
   at: open_internal (drivers/windows/file_access_windows.cpp:192)
WARNING: Case mismatch opening requested file 'res://Data/enemies/dark_druid/definition.tres', stored as 'res://data/enemies/dark_druid/definition.tres' in the filesystem. This file will not open when exported to other case-sensitive platforms.
   at: open_internal (drivers/windows/file_access_windows.cpp:192)
WARNING: Case mismatch opening requested file 'res://Data/enemies/dark_druid/profile.tres', stored as 'res://data/enemies/dark_druid/profile.tres' in the filesystem. This file will not open when exported to other case-sensitive platforms.
   at: open_internal (drivers/windows/file_access_windows.cpp:192)
WARNING: Case mismatch opening requested file 'res://Data/enemies/dark_druid/profile.tres', stored as 'res://data/enemies/dark_druid/profile.tres' in the filesystem. This file will not open when exported to other case-sensitive platforms.
   at: open_internal (drivers/windows/file_access_windows.cpp:192)
WARNING: Case mismatch opening requested file 'res://Data/enemies/dark_druid/abilities/root_field.tres', stored as 'res://data/enemies/dark_druid/abilities/root_field.tres' in the filesystem. This file will not open when exported to other case-sensitive platforms.
   at: open_internal (drivers/windows/file_access_windows.cpp:192)
WARNING: Case mismatch opening requested file 'res://Data/enemies/dark_druid/abilities/root_field.tres', stored as 'res://data/enemies/dark_druid/abilities/root_field.tres' in the filesystem. This file will not open when exported to other case-sensitive platforms.
   at: open_internal (drivers/windows/file_access_windows.cpp:192)
ERROR: Condition "sdata.is_null()" is true. Returning: nullptr
   at: instantiate (scene/resources/packed_scene.cpp:232)
ERROR: Parameter "node" is null.
   at: _export_customize (editor/export/editor_export_platform.cpp:1070)
[  92% ] [90m[1msavepack[22m | Storing File: res://scenes/scenes/enemies/DarkDruid.tscn[39m[0m
ERROR: Cannot open file 'res://scenes/enemies/BaseEnemy.tscn'.
   at: load (scene/resources/resource_format_text.cpp:1442)
ERROR: Failed loading resource: res://scenes/enemies/BaseEnemy.tscn.
   at: _load (core/io/resource_loader.cpp:317)
WARNING: Case mismatch opening requested file 'res://Data/enemies/feral_wolf/definition.tres', stored as 'res://data/enemies/feral_wolf/definition.tres' in the filesystem. This file will not open when exported to other case-sensitive platforms.
   at: open_internal (drivers/windows/file_access_windows.cpp:192)
WARNING: Case mismatch opening requested file 'res://Data/enemies/feral_wolf/definition.tres', stored as 'res://data/enemies/feral_wolf/definition.tres' in the filesystem. This file will not open when exported to other case-sensitive platforms.
   at: open_internal (drivers/windows/file_access_windows.cpp:192)
WARNING: Case mismatch opening requested file 'res://Data/enemies/feral_wolf/profile.tres', stored as 'res://data/enemies/feral_wolf/profile.tres' in the filesystem. This file will not open when exported to other case-sensitive platforms.
   at: open_internal (drivers/windows/file_access_windows.cpp:192)
WARNING: Case mismatch opening requested file 'res://Data/enemies/feral_wolf/profile.tres', stored as 'res://data/enemies/feral_wolf/profile.tres' in the filesystem. This file will not open when exported to other case-sensitive platforms.
   at: open_internal (drivers/windows/file_access_windows.cpp:192)
WARNING: Case mismatch opening requested file 'res://Data/enemies/feral_wolf/abilities/feral_lunge.tres', stored as 'res://data/enemies/feral_wolf/abilities/feral_lunge.tres' in the filesystem. This file will not open when exported to other case-sensitive platforms.
   at: open_internal (drivers/windows/file_access_windows.cpp:192)
WARNING: Case mismatch opening requested file 'res://Data/enemies/feral_wolf/abilities/feral_lunge.tres', stored as 'res://data/enemies/feral_wolf/abilities/feral_lunge.tres' in the filesystem. This file will not open when exported to other case-sensitive platforms.
   at: open_internal (drivers/windows/file_access_windows.cpp:192)
ERROR: Condition "sdata.is_null()" is true. Returning: nullptr
   at: instantiate (scene/resources/packed_scene.cpp:232)
ERROR: Parameter "node" is null.
   at: _export_customize (editor/export/editor_export_platform.cpp:1070)
[  92% ] [90m[1msavepack[22m | Storing File: res://scenes/scenes/enemies/FeralWolf.tscn[39m[0m
ERROR: Cannot open file 'res://scenes/enemies/BaseEnemy.tscn'.
   at: load (scene/resources/resource_format_text.cpp:1442)
ERROR: Failed loading resource: res://scenes/enemies/BaseEnemy.tscn.
   at: _load (core/io/resource_loader.cpp:317)
WARNING: Case mismatch opening requested file 'res://Data/enemies/fire_mage/definition.tres', stored as 'res://data/enemies/fire_mage/definition.tres' in the filesystem. This file will not open when exported to other case-sensitive platforms.
   at: open_internal (drivers/windows/file_access_windows.cpp:192)
WARNING: Case mismatch opening requested file 'res://Data/enemies/fire_mage/definition.tres', stored as 'res://data/enemies/fire_mage/definition.tres' in the filesystem. This file will not open when exported to other case-sensitive platforms.
   at: open_internal (drivers/windows/file_access_windows.cpp:192)
WARNING: Case mismatch opening requested file 'res://Data/enemies/fire_mage/profile.tres', stored as 'res://data/enemies/fire_mage/profile.tres' in the filesystem. This file will not open when exported to other case-sensitive platforms.
   at: open_internal (drivers/windows/file_access_windows.cpp:192)
WARNING: Case mismatch opening requested file 'res://Data/enemies/fire_mage/profile.tres', stored as 'res://data/enemies/fire_mage/profile.tres' in the filesystem. This file will not open when exported to other case-sensitive platforms.
   at: open_internal (drivers/windows/file_access_windows.cpp:192)
WARNING: Case mismatch opening requested file 'res://Data/enemies/fire_mage/abilities/fire_bolt.tres', stored as 'res://data/enemies/fire_mage/abilities/fire_bolt.tres' in the filesystem. This file will not open when exported to other case-sensitive platforms.
   at: open_internal (drivers/windows/file_access_windows.cpp:192)
WARNING: Case mismatch opening requested file 'res://Data/enemies/fire_mage/abilities/fire_bolt.tres', stored as 'res://data/enemies/fire_mage/abilities/fire_bolt.tres' in the filesystem. This file will not open when exported to other case-sensitive platforms.
   at: open_internal (drivers/windows/file_access_windows.cpp:192)
ERROR: Condition "sdata.is_null()" is true. Returning: nullptr
   at: instantiate (scene/resources/packed_scene.cpp:232)
ERROR: Parameter "node" is null.
   at: _export_customize (editor/export/editor_export_platform.cpp:1070)
[  92% ] [90m[1msavepack[22m | Storing File: res://scenes/scenes/enemies/FireMage.tscn[39m[0m
ERROR: Cannot open file 'res://scenes/enemies/BaseEnemy.tscn'.
   at: load (scene/resources/resource_format_text.cpp:1442)
ERROR: Failed loading resource: res://scenes/enemies/BaseEnemy.tscn.
   at: _load (core/io/resource_loader.cpp:317)
WARNING: Case mismatch opening requested file 'res://Data/enemies/ice_mage/definition.tres', stored as 'res://data/enemies/ice_mage/definition.tres' in the filesystem. This file will not open when exported to other case-sensitive platforms.
   at: open_internal (drivers/windows/file_access_windows.cpp:192)
WARNING: Case mismatch opening requested file 'res://Data/enemies/ice_mage/definition.tres', stored as 'res://data/enemies/ice_mage/definition.tres' in the filesystem. This file will not open when exported to other case-sensitive platforms.
   at: open_internal (drivers/windows/file_access_windows.cpp:192)
WARNING: Case mismatch opening requested file 'res://Data/enemies/ice_mage/profile.tres', stored as 'res://data/enemies/ice_mage/profile.tres' in the filesystem. This file will not open when exported to other case-sensitive platforms.
   at: open_internal (drivers/windows/file_access_windows.cpp:192)
WARNING: Case mismatch opening requested file 'res://Data/enemies/ice_mage/profile.tres', stored as 'res://data/enemies/ice_mage/profile.tres' in the filesystem. This file will not open when exported to other case-sensitive platforms.
   at: open_internal (drivers/windows/file_access_windows.cpp:192)
WARNING: Case mismatch opening requested file 'res://Data/enemies/ice_mage/abilities/frost_bolt.tres', stored as 'res://data/enemies/ice_mage/abilities/frost_bolt.tres' in the filesystem. This file will not open when exported to other case-sensitive platforms.
   at: open_internal (drivers/windows/file_access_windows.cpp:192)
WARNING: Case mismatch opening requested file 'res://Data/enemies/ice_mage/abilities/frost_bolt.tres', stored as 'res://data/enemies/ice_mage/abilities/frost_bolt.tres' in the filesystem. This file will not open when exported to other case-sensitive platforms.
   at: open_internal (drivers/windows/file_access_windows.cpp:192)
ERROR: Condition "sdata.is_null()" is true. Returning: nullptr
   at: instantiate (scene/resources/packed_scene.cpp:232)
ERROR: Parameter "node" is null.
   at: _export_customize (editor/export/editor_export_platform.cpp:1070)
[  92% ] [90m[1msavepack[22m | Storing File: res://scenes/scenes/enemies/IceMage.tscn[39m[0m
ERROR: Cannot open file 'res://scenes/enemies/BaseEnemy.tscn'.
   at: load (scene/resources/resource_format_text.cpp:1442)
ERROR: Failed loading resource: res://scenes/enemies/BaseEnemy.tscn.
   at: _load (core/io/resource_loader.cpp:317)
WARNING: Case mismatch opening requested file 'res://Data/enemies/poison_ranger/definition.tres', stored as 'res://data/enemies/poison_ranger/definition.tres' in the filesystem. This file will not open when exported to other case-sensitive platforms.
   at: open_internal (drivers/windows/file_access_windows.cpp:192)
WARNING: Case mismatch opening requested file 'res://Data/enemies/poison_ranger/definition.tres', stored as 'res://data/enemies/poison_ranger/definition.tres' in the filesystem. This file will not open when exported to other case-sensitive platforms.
   at: open_internal (drivers/windows/file_access_windows.cpp:192)
WARNING: Case mismatch opening requested file 'res://Data/enemies/poison_ranger/profile.tres', stored as 'res://data/enemies/poison_ranger/profile.tres' in the filesystem. This file will not open when exported to other case-sensitive platforms.
   at: open_internal (drivers/windows/file_access_windows.cpp:192)
WARNING: Case mismatch opening requested file 'res://Data/enemies/poison_ranger/profile.tres', stored as 'res://data/enemies/poison_ranger/profile.tres' in the filesystem. This file will not open when exported to other case-sensitive platforms.
   at: open_internal (drivers/windows/file_access_windows.cpp:192)
WARNING: Case mismatch opening requested file 'res://Data/enemies/poison_ranger/abilities/poison_arrow.tres', stored as 'res://data/enemies/poison_ranger/abilities/poison_arrow.tres' in the filesystem. This file will not open when exported to other case-sensitive platforms.
   at: open_internal (drivers/windows/file_access_windows.cpp:192)
WARNING: Case mismatch opening requested file 'res://Data/enemies/poison_ranger/abilities/poison_arrow.tres', stored as 'res://data/enemies/poison_ranger/abilities/poison_arrow.tres' in the filesystem. This file will not open when exported to other case-sensitive platforms.
   at: open_internal (drivers/windows/file_access_windows.cpp:192)
ERROR: Condition "sdata.is_null()" is true. Returning: nullptr
   at: instantiate (scene/resources/packed_scene.cpp:232)
ERROR: Parameter "node" is null.
   at: _export_customize (editor/export/editor_export_platform.cpp:1070)
[  92% ] [90m[1msavepack[22m | Storing File: res://scenes/scenes/enemies/PoisonRanger.tscn[39m[0m
ERROR: Cannot open file 'res://scenes/enemies/BaseEnemy.tscn'.
   at: load (scene/resources/resource_format_text.cpp:1442)
ERROR: Failed loading resource: res://scenes/enemies/BaseEnemy.tscn.
   at: _load (core/io/resource_loader.cpp:317)
WARNING: Case mismatch opening requested file 'res://Data/enemies/spore_beast/definition.tres', stored as 'res://data/enemies/spore_beast/definition.tres' in the filesystem. This file will not open when exported to other case-sensitive platforms.
   at: open_internal (drivers/windows/file_access_windows.cpp:192)
WARNING: Case mismatch opening requested file 'res://Data/enemies/spore_beast/definition.tres', stored as 'res://data/enemies/spore_beast/definition.tres' in the filesystem. This file will not open when exported to other case-sensitive platforms.
   at: open_internal (drivers/windows/file_access_windows.cpp:192)
WARNING: Case mismatch opening requested file 'res://Data/enemies/spore_beast/profile.tres', stored as 'res://data/enemies/spore_beast/profile.tres' in the filesystem. This file will not open when exported to other case-sensitive platforms.
   at: open_internal (drivers/windows/file_access_windows.cpp:192)
WARNING: Case mismatch opening requested file 'res://Data/enemies/spore_beast/profile.tres', stored as 'res://data/enemies/spore_beast/profile.tres' in the filesystem. This file will not open when exported to other case-sensitive platforms.
   at: open_internal (drivers/windows/file_access_windows.cpp:192)
WARNING: Case mismatch opening requested file 'res://Data/enemies/spore_beast/abilities/spore_burst.tres', stored as 'res://data/enemies/spore_beast/abilities/spore_burst.tres' in the filesystem. This file will not open when exported to other case-sensitive platforms.
   at: open_internal (drivers/windows/file_access_windows.cpp:192)
WARNING: Case mismatch opening requested file 'res://Data/enemies/spore_beast/abilities/spore_burst.tres', stored as 'res://data/enemies/spore_beast/abilities/spore_burst.tres' in the filesystem. This file will not open when exported to other case-sensitive platforms.
   at: open_internal (drivers/windows/file_access_windows.cpp:192)
ERROR: Condition "sdata.is_null()" is true. Returning: nullptr
   at: instantiate (scene/resources/packed_scene.cpp:232)
ERROR: Parameter "node" is null.
   at: _export_customize (editor/export/editor_export_platform.cpp:1070)
[  92% ] [90m[1msavepack[22m | Storing File: res://scenes/scenes/enemies/SporeBeast.tscn[39m[0m
[  92% ] [90m[1msavepack[22m | Storing File: res://.godot/exported/133200997/export-d585d774e812c182ffc23a47fffebe9c-StarterMap.scn[39m[0m
[  92% ] [90m[1msavepack[22m | Storing File: res://.godot/exported/133200997/export-9f6e66fa01ec5de54ff609b449940f51-PlayerMenu.scn[39m[0m
[  92% ] [90m[1msavepack[22m | Storing File: res://.godot/exported/133200997/export-ec7567bf99229951a6d84571a9ba3a67-SoulSpace.scn[39m[0m
[  92% ] [90m[1msavepack[22m | Storing File: res://.godot/exported/133200997/export-000b4d94974741b2ebe9df15aaceda79-Magic buttons.scn[39m[0m
[  92% ] [90m[1msavepack[22m | Storing File: res://.godot/exported/133200997/export-048cf0d18653d5da0b08f87b96f49e00-Main.scn[39m[0m
[  92% ] [90m[1msavepack[22m | Storing File: res://.godot/exported/133200997/export-d61e5196a2ccc868580cdb9ac2b4cdb8-Spell Creation.scn[39m[0m
[  92% ] [90m[1msavepack[22m | Storing File: res://.godot/exported/133200997/export-967ddb106c297cd95443d66ba289f42c-StartMenu.scn[39m[0m
[  92% ] [90m[1msavepack[22m | Storing File: res://.godot/exported/133200997/export-dd83b92c72811934f54c8365b2b8648e-AbyssalArchive.scn[39m[0m
[  92% ] [90m[1msavepack[22m | Storing File: res://.godot/exported/133200997/export-13caa2340fd72273f33c8b70ecff1bb9-MoonlitGrove.scn[39m[0m
[  92% ] [90m[1msavepack[22m | Storing File: res://.godot/exported/133200997/export-7fd1fa6ade1fc2b929768f21e56b3eca-SlasherArchive.scn[39m[0m
[  92% ] [90m[1msavepack[22m | Storing File: res://.godot/exported/133200997/export-389a1daace50c1cb86f7cbbc820e61b8-SlasherCrypt.scn[39m[0m
[  92% ] [90m[1msavepack[22m | Storing File: res://.godot/exported/133200997/export-c4df87ff9a2c48a6ccdca966090ce5e2-SlasherFarmstead.scn[39m[0m
[  93% ] [90m[1msavepack[22m | Storing File: res://.godot/exported/133200997/export-57827331e832d1b32df1b1c76de8063a-SlasherForest.scn[39m[0m
[  93% ] [90m[1msavepack[22m | Storing File: res://.godot/exported/133200997/export-35acc2ef51769bc4545981491aa922b8-SlasherFoundry.scn[39m[0m
[  93% ] [90m[1msavepack[22m | Storing File: res://.godot/exported/133200997/export-c9616c10a57edf8532811f2f4adc6e0e-SlasherGrove.scn[39m[0m
[  93% ] [90m[1msavepack[22m | Storing File: res://.godot/exported/133200997/export-45337909cb600652cee7e46bd6e409b7-SlasherMine.scn[39m[0m
[  93% ] [90m[1msavepack[22m | Storing File: res://.godot/exported/133200997/export-933d6e1c4e26d117e8a13114f939e232-StartScreen.scn[39m[0m
[  93% ] [90m[1msavepack[22m | Storing File: res://.godot/exported/133200997/export-0dfa86d9f52a3d33faa087ec9d5814c4-Tavern.scn[39m[0m
[  93% ] [90m[1msavepack[22m | Storing File: res://scripts/codes/combat/combat_feedback.gdc[39m[0m
[  93% ] [90m[1msavepack[22m | Storing File: res://scripts/codes/combat/damage_packet.gdc[39m[0m
[  93% ] [90m[1msavepack[22m | Storing File: res://scripts/codes/combat/enemy.gdc[39m[0m
[  93% ] [90m[1msavepack[22m | Storing File: res://scripts/codes/combat/enemy_ability.gdc[39m[0m
[  93% ] [90m[1msavepack[22m | Storing File: res://scripts/codes/combat/enemy_definition.gdc[39m[0m
[  93% ] [90m[1msavepack[22m | Storing File: res://scripts/codes/combat/enemy_profile.gdc[39m[0m
[  93% ] [90m[1msavepack[22m | Storing File: res://scripts/codes/combat/enemy_projectile.gdc[39m[0m
[  93% ] [90m[1msavepack[22m | Storing File: res://scripts/codes/combat/floating_damage_number.gdc[39m[0m
[  93% ] [90m[1msavepack[22m | Storing File: res://scripts/codes/combat/health_component.gdc[39m[0m
[  93% ] [90m[1msavepack[22m | Storing File: res://scripts/codes/combat/hit_effect.gdc[39m[0m
[  93% ] [90m[1msavepack[22m | Storing File: res://scripts/codes/combat/impact_screen_shake.gdc[39m[0m
[  93% ] [90m[1msavepack[22m | Storing File: res://scripts/codes/combat/status_component.gdc[39m[0m
[  93% ] [90m[1msavepack[22m | Storing File: res://scripts/codes/journal/enemy_journal.gdc[39m[0m
[  94% ] [90m[1msavepack[22m | Storing File: res://scripts/codes/journal/enemy_journal_entry.gdc[39m[0m
[  94% ] [90m[1msavepack[22m | Storing File: res://scripts/codes/spells/spell_caster.gdc[39m[0m
[  94% ] [90m[1msavepack[22m | Storing File: res://scripts/codes/spells/spell_effect.gdc[39m[0m
[  94% ] [90m[1msavepack[22m | Storing File: res://scripts/codes/spells/spell_impact.gdc[39m[0m
[  94% ] [90m[1msavepack[22m | Storing File: res://scripts/codes/spells/spell_rocket.gdc[39m[0m
[  94% ] [90m[1msavepack[22m | Storing File: res://scripts/codes/corruption.gdc[39m[0m
[  94% ] [90m[1msavepack[22m | Storing File: res://scripts/codes/game_state.gdc[39m[0m
[  94% ] [90m[1msavepack[22m | Storing File: res://scripts/codes/interactable.gdc[39m[0m
[  94% ] [90m[1msavepack[22m | Storing File: res://scripts/codes/main.gdc[39m[0m
[  94% ] [90m[1msavepack[22m | Storing File: res://scripts/codes/player.gdc[39m[0m
[  94% ] [90m[1msavepack[22m | Storing File: res://scripts/codes/player_menu.gdc[39m[0m
[  94% ] [90m[1msavepack[22m | Storing File: res://scripts/codes/projectile.gdc[39m[0m
[  94% ] [90m[1msavepack[22m | Storing File: res://scripts/codes/rune_library.gdc[39m[0m
[  94% ] [90m[1msavepack[22m | Storing File: res://scripts/codes/scene_manager.gdc[39m[0m
[  94% ] [90m[1msavepack[22m | Storing File: res://scripts/codes/soul_space.gdc[39m[0m
[  94% ] [90m[1msavepack[22m | Storing File: res://scripts/codes/spellCreation.gdc[39m[0m
[  94% ] [90m[1msavepack[22m | Storing File: res://scripts/codes/starter_runes.gdc[39m[0m
[  94% ] [90m[1msavepack[22m | Storing File: res://scripts/codes/start_menu.gdc[39m[0m
[  94% ] [90m[1msavepack[22m | Storing File: res://scripts/codes/world_map.gdc[39m[0m
[  95% ] [90m[1msavepack[22m | Storing File: res://scripts/components/board_piece.gdc[39m[0m
[  95% ] [90m[1msavepack[22m | Storing File: res://scripts/components/exit_door.gdc[39m[0m
[  95% ] [90m[1msavepack[22m | Storing File: res://scripts/components/minimap_panel.gdc[39m[0m
[  95% ] [90m[1msavepack[22m | Storing File: res://scripts/game/campaign_state.gdc[39m[0m
[  95% ] [90m[1msavepack[22m | Storing File: res://scripts/game/character_record.gdc[39m[0m
[  95% ] [90m[1msavepack[22m | Storing File: res://scripts/game/combat_resolver.gdc[39m[0m
[  95% ] [90m[1msavepack[22m | Storing File: res://scripts/game/dungeon_runtime_profile.gdc[39m[0m
[  95% ] [90m[1msavepack[22m | Storing File: res://scripts/game/expedition_state.gdc[39m[0m
[  95% ] [90m[1msavepack[22m | Storing File: res://scripts/game/field_dungeon_generator.gdc[39m[0m
[  95% ] [90m[1msavepack[22m | Storing File: res://scripts/game/game_balance.gdc[39m[0m
[  95% ] [90m[1msavepack[22m | Storing File: res://scripts/game/game_settings.gdc[39m[0m
[  95% ] [90m[1msavepack[22m | Storing File: res://scripts/game/gear_data.gdc[39m[0m
[  95% ] [90m[1msavepack[22m | Storing File: res://scripts/game/run_state.gdc[39m[0m
[  95% ] [90m[1msavepack[22m | Storing File: res://scripts/scenes/abyssal_archive.gdc[39m[0m
[  95% ] [90m[1msavepack[22m | Storing File: res://scripts/scenes/ashen_farmstead.gdc[39m[0m
[  95% ] [90m[1msavepack[22m | Storing File: res://scripts/scenes/class_selection.gdc[39m[0m
[  95% ] [90m[1msavepack[22m | Storing File: res://scripts/scenes/crypt.gdc[39m[0m
[  95% ] [90m[1msavepack[22m | Storing File: res://scripts/scenes/ember_foundry.gdc[39m[0m
[  95% ] [90m[1msavepack[22m | Storing File: res://scripts/scenes/forest.gdc[39m[0m
[  95% ] [90m[1msavepack[22m | Storing File: res://scripts/scenes/mode_selection.gdc[39m[0m
[  96% ] [90m[1msavepack[22m | Storing File: res://scripts/scenes/moonlit_grove.gdc[39m[0m
[  96% ] [90m[1msavepack[22m | Storing File: res://scripts/scenes/start_screen.gdc[39m[0m
[  96% ] [90m[1msavepack[22m | Storing File: res://scripts/scenes/sunken_mine.gdc[39m[0m
[  96% ] [90m[1msavepack[22m | Storing File: res://scripts/scenes/tavern.gdc[39m[0m
[  96% ] [90m[1msavepack[22m | Storing File: res://scripts/slasher/field_slasher_minimap.gdc[39m[0m
[  96% ] [90m[1msavepack[22m | Storing File: res://scripts/slasher/slasher_archive.gdc[39m[0m
[  96% ] [90m[1msavepack[22m | Storing File: res://scripts/slasher/slasher_breakable_prop.gdc[39m[0m
[  96% ] [90m[1msavepack[22m | Storing File: res://scripts/slasher/slasher_codex_menu.gdc[39m[0m
[  96% ] [90m[1msavepack[22m | Storing File: res://scripts/slasher/slasher_crypt.gdc[39m[0m
[  96% ] [90m[1msavepack[22m | Storing File: res://scripts/slasher/slasher_endless_prompt.gdc[39m[0m
[  96% ] [90m[1msavepack[22m | Storing File: res://scripts/slasher/slasher_enemy.gdc[39m[0m
[  96% ] [90m[1msavepack[22m | Storing File: res://scripts/slasher/slasher_farmstead.gdc[39m[0m
[  96% ] [90m[1msavepack[22m | Storing File: res://scripts/slasher/slasher_forest.gdc[39m[0m
[  96% ] [90m[1msavepack[22m | Storing File: res://scripts/slasher/slasher_forest_art.gdc[39m[0m
[  96% ] [90m[1msavepack[22m | Storing File: res://scripts/slasher/slasher_forest_generator.gdc[39m[0m
[  96% ] [90m[1msavepack[22m | Storing File: res://scripts/slasher/slasher_foundry.gdc[39m[0m
[  96% ] [90m[1msavepack[22m | Storing File: res://scripts/slasher/slasher_grid_pathfinder.gdc[39m[0m
[  96% ] [90m[1msavepack[22m | Storing File: res://scripts/slasher/slasher_grove.gdc[39m[0m
[  96% ] [90m[1msavepack[22m | Storing File: res://scripts/slasher/slasher_hostile_projectile.gdc[39m[0m
[  97% ] [90m[1msavepack[22m | Storing File: res://scripts/slasher/slasher_item_runtime.gdc[39m[0m
[  97% ] [90m[1msavepack[22m | Storing File: res://scripts/slasher/slasher_mine.gdc[39m[0m
[  97% ] [90m[1msavepack[22m | Storing File: res://scripts/slasher/slasher_party_companion.gdc[39m[0m
[  97% ] [90m[1msavepack[22m | Storing File: res://scripts/slasher/slasher_player.gdc[39m[0m
[  97% ] [90m[1msavepack[22m | Storing File: res://scripts/slasher/slasher_progression_overlay.gdc[39m[0m
[  97% ] [90m[1msavepack[22m | Storing File: res://scripts/slasher/slasher_projectile.gdc[39m[0m
[  97% ] [90m[1msavepack[22m | Storing File: res://scripts/slasher/slasher_relic_choice_modal.gdc[39m[0m
[  97% ] [90m[1msavepack[22m | Storing File: res://scripts/slasher/slasher_sprite_library.gdc[39m[0m
[  97% ] [90m[1msavepack[22m | Storing File: res://scripts/slasher/slasher_wolf.gdc[39m[0m
[  97% ] [90m[1msavepack[22m | Storing File: res://scripts/ui/fantasy_button.gdc[39m[0m
[  97% ] [90m[1msavepack[22m | Storing File: res://scripts/ui/game_options_panel.gdc[39m[0m
[  97% ] [90m[1msavepack[22m | Storing File: res://scripts/ui/item_reward_card.gdc[39m[0m
[  97% ] [90m[1msavepack[22m | Storing File: res://scripts/ui/merchant_shop_panel.gdc[39m[0m
[  97% ] [90m[1msavepack[22m | Storing File: res://scripts/ui/player_character_menu.gdc[39m[0m
[  97% ] [90m[1msavepack[22m | Storing File: res://scripts/main.gdc[39m[0m
[  97% ] [90m[1msavepack[22m | Storing File: res://tests/campaign_loop_test.gdc[39m[0m
[  97% ] [90m[1msavepack[22m | Storing File: res://tests/class_scene_smoke_test.gdc[39m[0m
[  97% ] [90m[1msavepack[22m | Storing File: res://tests/class_system_test.gdc[39m[0m
[  97% ] [90m[1msavepack[22m | Storing File: res://tests/combat_stats_test.gdc[39m[0m
[  98% ] [90m[1msavepack[22m | Storing File: res://tests/consumables_and_targeting_test.gdc[39m[0m
[  98% ] [90m[1msavepack[22m | Storing File: res://tests/crypt_slasher_contract_test.gdc[39m[0m
[  98% ] [90m[1msavepack[22m | Storing File: res://tests/demo_acceptance_test.gdc[39m[0m
[  98% ] [90m[1msavepack[22m | Storing File: res://tests/dungeon_action_economy_test.gdc[39m[0m
[  98% ] [90m[1msavepack[22m | Storing File: res://tests/ember_foundry_test.gdc[39m[0m
[  98% ] [90m[1msavepack[22m | Storing File: res://tests/farmstead_slasher_test.gdc[39m[0m
[  98% ] [90m[1msavepack[22m | Storing File: res://tests/field_dungeon_test.gdc[39m[0m
[  98% ] [90m[1msavepack[22m | Storing File: res://tests/merchant_economy_test.gdc[39m[0m
[  98% ] [90m[1msavepack[22m | Storing File: res://tests/multi_mode_slasher_test.gdc[39m[0m
[  98% ] [90m[1msavepack[22m | Storing File: res://tests/multi_save_test.gdc[39m[0m
[  98% ] [90m[1msavepack[22m | Storing File: res://tests/party_runtime_test.gdc[39m[0m
[  98% ] [90m[1msavepack[22m | Storing File: res://tests/release_readiness_test.gdc[39m[0m
[  98% ] [90m[1msavepack[22m | Storing File: res://tests/release_visual_capture.gdc[39m[0m
[  98% ] [90m[1msavepack[22m | Storing File: res://tests/secret_dungeons_test.gdc[39m[0m
[  98% ] [90m[1msavepack[22m | Storing File: res://tests/sunken_mine_test.gdc[39m[0m
[  98% ] [90m[1msavepack[22m | Storing File: res://tests/tavern_redesign_test.gdc[39m[0m
[  98% ] [90m[1msavepack[22m | Storing File: res://tools/build_enemy_frames.gdc[39m[0m
[  98% ] [90m[1msavepack[22m | Storing File: res://tools/build_fireball_frames.gdc[39m[0m
[  98% ] [90m[1msavepack[22m | Storing File: res://tools/build_flamethrower_frames.gdc[39m[0m
[  98% ] [90m[1msavepack[22m | Storing File: res://assets/enemies/dark_druid/frames.tres.remap[39m[0m
[  98% ] [90m[1msavepack[22m | Storing File: res://assets/enemies/feral_wolf/frames.tres.remap[39m[0m
[  98% ] [90m[1msavepack[22m | Storing File: res://assets/enemies/fire_mage/frames.tres.remap[39m[0m
[  98% ] [90m[1msavepack[22m | Storing File: res://assets/enemies/ice_mage/frames.tres.remap[39m[0m
[  98% ] [90m[1msavepack[22m | Storing File: res://assets/enemies/poison_ranger/frames.tres.remap[39m[0m
[  98% ] [90m[1msavepack[22m | Storing File: res://assets/enemies/spore_beast/frames.tres.remap[39m[0m
[  98% ] [90m[1msavepack[22m | Storing File: res://assets/sprite_packs/Kobold/kobold_frames.tres.remap[39m[0m
[  98% ] [90m[1msavepack[22m | Storing File: res://assets/sprite_packs/Kobold/kobold_profile.tres.remap[39m[0m
[  98% ] [90m[1msavepack[22m | Storing File: res://assets/sprite_packs/Player/player_frames.tres.remap[39m[0m
[  98% ] [90m[1msavepack[22m | Storing File: res://tools/normalize_generated_enemies.gd.remap[39m[0m
[  98% ] [90m[1msavepack[22m | Storing File: res://tools/build_player_frames.gd.remap[39m[0m
[  98% ] [90m[1msavepack[22m | Storing File: res://tools/build_kobold_frames.gd.remap[39m[0m
[  98% ] [90m[1msavepack[22m | Storing File: res://data/enemies/dark_druid/abilities/root_field.tres.remap[39m[0m
[  98% ] [90m[1msavepack[22m | Storing File: res://data/enemies/dark_druid/definition.tres.remap[39m[0m
[  98% ] [90m[1msavepack[22m | Storing File: res://data/enemies/dark_druid/journal.tres.remap[39m[0m
[  98% ] [90m[1msavepack[22m | Storing File: res://data/enemies/dark_druid/profile.tres.remap[39m[0m
[  98% ] [90m[1msavepack[22m | Storing File: res://data/enemies/feral_wolf/abilities/feral_lunge.tres.remap[39m[0m
[  98% ] [90m[1msavepack[22m | Storing File: res://data/enemies/feral_wolf/definition.tres.remap[39m[0m
[  98% ] [90m[1msavepack[22m | Storing File: res://data/enemies/feral_wolf/journal.tres.remap[39m[0m
[  98% ] [90m[1msavepack[22m | Storing File: res://data/enemies/feral_wolf/profile.tres.remap[39m[0m
[  98% ] [90m[1msavepack[22m | Storing File: res://data/enemies/fire_mage/abilities/fire_bolt.tres.remap[39m[0m
[  98% ] [90m[1msavepack[22m | Storing File: res://data/enemies/fire_mage/definition.tres.remap[39m[0m
[  98% ] [90m[1msavepack[22m | Storing File: res://data/enemies/fire_mage/journal.tres.remap[39m[0m
[  98% ] [90m[1msavepack[22m | Storing File: res://data/enemies/fire_mage/profile.tres.remap[39m[0m
[  98% ] [90m[1msavepack[22m | Storing File: res://data/enemies/ice_mage/abilities/frost_bolt.tres.remap[39m[0m
[  98% ] [90m[1msavepack[22m | Storing File: res://data/enemies/ice_mage/definition.tres.remap[39m[0m
[  98% ] [90m[1msavepack[22m | Storing File: res://data/enemies/ice_mage/journal.tres.remap[39m[0m
[  98% ] [90m[1msavepack[22m | Storing File: res://data/enemies/ice_mage/profile.tres.remap[39m[0m
[  98% ] [90m[1msavepack[22m | Storing File: res://data/enemies/kobold_guard/abilities/club_strike.tres.remap[39m[0m
[  98% ] [90m[1msavepack[22m | Storing File: res://data/enemies/kobold_guard/definition.tres.remap[39m[0m
[  98% ] [90m[1msavepack[22m | Storing File: res://data/enemies/poison_ranger/abilities/poison_arrow.tres.remap[39m[0m
[  98% ] [90m[1msavepack[22m | Storing File: res://data/enemies/poison_ranger/definition.tres.remap[39m[0m
[  98% ] [90m[1msavepack[22m | Storing File: res://data/enemies/poison_ranger/journal.tres.remap[39m[0m
[  98% ] [90m[1msavepack[22m | Storing File: res://data/enemies/poison_ranger/profile.tres.remap[39m[0m
[  98% ] [90m[1msavepack[22m | Storing File: res://data/enemies/spore_beast/abilities/spore_burst.tres.remap[39m[0m
[  98% ] [90m[1msavepack[22m | Storing File: res://data/enemies/spore_beast/definition.tres.remap[39m[0m
[  98% ] [90m[1msavepack[22m | Storing File: res://data/enemies/spore_beast/journal.tres.remap[39m[0m
[  98% ] [90m[1msavepack[22m | Storing File: res://data/enemies/spore_beast/profile.tres.remap[39m[0m
[  98% ] [90m[1msavepack[22m | Storing File: res://data/journal/corrupted_heart.tres.remap[39m[0m
[  98% ] [90m[1msavepack[22m | Storing File: res://data/journal/kobold_guard.tres.remap[39m[0m
[  98% ] [90m[1msavepack[22m | Storing File: res://scenes/class_selection/ClassSelection.tscn.remap[39m[0m
[  98% ] [90m[1msavepack[22m | Storing File: res://scenes/components/BoardPiece.tscn.remap[39m[0m
[  98% ] [90m[1msavepack[22m | Storing File: res://scenes/components/ExitDoor.tscn.remap[39m[0m
[  98% ] [90m[1msavepack[22m | Storing File: res://scenes/components/MinimapPanel.tscn.remap[39m[0m
[  98% ] [90m[1msavepack[22m | Storing File: res://scenes/crypt/Crypt.tscn.remap[39m[0m
[  98% ] [90m[1msavepack[22m | Storing File: res://scenes/field/AshenFarmstead.tscn.remap[39m[0m
[  98% ] [90m[1msavepack[22m | Storing File: res://scenes/forest/Forest.tscn.remap[39m[0m
[  98% ] [90m[1msavepack[22m | Storing File: res://scenes/foundry/EmberFoundry.tscn.remap[39m[0m
[  98% ] [90m[1msavepack[22m | Storing File: res://scenes/main/Main.tscn.remap[39m[0m
[  98% ] [90m[1msavepack[22m | Storing File: res://scenes/mine/SunkenMine.tscn.remap[39m[0m
[  98% ] [90m[1msavepack[22m | Storing File: res://scenes/mode_selection/ModeSelection.tscn.remap[39m[0m
[  98% ] [90m[1msavepack[22m | Storing File: res://scenes/scenes/actors/Kobold.tscn.remap[39m[0m
[  98% ] [90m[1msavepack[22m | Storing File: res://scenes/scenes/actors/Player.tscn.remap[39m[0m
[  98% ] [90m[1msavepack[22m | Storing File: res://scenes/scenes/enemies/BaseEnemy.tscn.remap[39m[0m
[  98% ] [90m[1msavepack[22m | Storing File: res://scenes/scenes/maps/StarterMap.tscn.remap[39m[0m
[  98% ] [90m[1msavepack[22m | Storing File: res://scenes/scenes/ui/PlayerMenu.tscn.remap[39m[0m
[  98% ] [90m[1msavepack[22m | Storing File: res://scenes/scenes/ui/SoulSpace.tscn.remap[39m[0m
[  98% ] [90m[1msavepack[22m | Storing File: res://scenes/scenes/Magic buttons.tscn.remap[39m[0m
[  98% ] [90m[1msavepack[22m | Storing File: res://scenes/scenes/Main.tscn.remap[39m[0m
[  98% ] [90m[1msavepack[22m | Storing File: res://scenes/scenes/Spell Creation.tscn.remap[39m[0m
[  98% ] [90m[1msavepack[22m | Storing File: res://scenes/scenes/StartMenu.tscn.remap[39m[0m
[  98% ] [90m[1msavepack[22m | Storing File: res://scenes/secret/AbyssalArchive.tscn.remap[39m[0m
[  98% ] [90m[1msavepack[22m | Storing File: res://scenes/secret/MoonlitGrove.tscn.remap[39m[0m
[  98% ] [90m[1msavepack[22m | Storing File: res://scenes/slasher/SlasherArchive.tscn.remap[39m[0m
[  98% ] [90m[1msavepack[22m | Storing File: res://scenes/slasher/SlasherCrypt.tscn.remap[39m[0m
[  98% ] [90m[1msavepack[22m | Storing File: res://scenes/slasher/SlasherFarmstead.tscn.remap[39m[0m
[  98% ] [90m[1msavepack[22m | Storing File: res://scenes/slasher/SlasherForest.tscn.remap[39m[0m
[  98% ] [90m[1msavepack[22m | Storing File: res://scenes/slasher/SlasherFoundry.tscn.remap[39m[0m
[  98% ] [90m[1msavepack[22m | Storing File: res://scenes/slasher/SlasherGrove.tscn.remap[39m[0m
[  98% ] [90m[1msavepack[22m | Storing File: res://scenes/slasher/SlasherMine.tscn.remap[39m[0m
[  98% ] [90m[1msavepack[22m | Storing File: res://scenes/start/StartScreen.tscn.remap[39m[0m
[  98% ] [90m[1msavepack[22m | Storing File: res://scenes/tavern/Tavern.tscn.remap[39m[0m
[  98% ] [90m[1msavepack[22m | Storing File: res://scripts/codes/combat/combat_feedback.gd.remap[39m[0m
[  98% ] [90m[1msavepack[22m | Storing File: res://scripts/codes/combat/damage_packet.gd.remap[39m[0m
[  98% ] [90m[1msavepack[22m | Storing File: res://scripts/codes/combat/enemy.gd.remap[39m[0m
[  98% ] [90m[1msavepack[22m | Storing File: res://scripts/codes/combat/enemy_ability.gd.remap[39m[0m
[  98% ] [90m[1msavepack[22m | Storing File: res://scripts/codes/combat/enemy_definition.gd.remap[39m[0m
[  98% ] [90m[1msavepack[22m | Storing File: res://scripts/codes/combat/enemy_profile.gd.remap[39m[0m
[  98% ] [90m[1msavepack[22m | Storing File: res://scripts/codes/combat/enemy_projectile.gd.remap[39m[0m
[  98% ] [90m[1msavepack[22m | Storing File: res://scripts/codes/combat/floating_damage_number.gd.remap[39m[0m
[  98% ] [90m[1msavepack[22m | Storing File: res://scripts/codes/combat/health_component.gd.remap[39m[0m
[  98% ] [90m[1msavepack[22m | Storing File: res://scripts/codes/combat/hit_effect.gd.remap[39m[0m
[  98% ] [90m[1msavepack[22m | Storing File: res://scripts/codes/combat/impact_screen_shake.gd.remap[39m[0m
[  98% ] [90m[1msavepack[22m | Storing File: res://scripts/codes/combat/status_component.gd.remap[39m[0m
[  98% ] [90m[1msavepack[22m | Storing File: res://scripts/codes/journal/enemy_journal.gd.remap[39m[0m
[  98% ] [90m[1msavepack[22m | Storing File: res://scripts/codes/journal/enemy_journal_entry.gd.remap[39m[0m
[  98% ] [90m[1msavepack[22m | Storing File: res://scripts/codes/spells/spell_caster.gd.remap[39m[0m
[  98% ] [90m[1msavepack[22m | Storing File: res://scripts/codes/spells/spell_effect.gd.remap[39m[0m
[  98% ] [90m[1msavepack[22m | Storing File: res://scripts/codes/spells/spell_impact.gd.remap[39m[0m
[  98% ] [90m[1msavepack[22m | Storing File: res://scripts/codes/spells/spell_rocket.gd.remap[39m[0m
[  98% ] [90m[1msavepack[22m | Storing File: res://scripts/codes/corruption.gd.remap[39m[0m
[  98% ] [90m[1msavepack[22m | Storing File: res://scripts/codes/game_state.gd.remap[39m[0m
[  98% ] [90m[1msavepack[22m | Storing File: res://scripts/codes/interactable.gd.remap[39m[0m
[  98% ] [90m[1msavepack[22m | Storing File: res://scripts/codes/main.gd.remap[39m[0m
[  98% ] [90m[1msavepack[22m | Storing File: res://scripts/codes/player.gd.remap[39m[0m
[  98% ] [90m[1msavepack[22m | Storing File: res://scripts/codes/player_menu.gd.remap[39m[0m
[  98% ] [90m[1msavepack[22m | Storing File: res://scripts/codes/projectile.gd.remap[39m[0m
[  98% ] [90m[1msavepack[22m | Storing File: res://scripts/codes/rune_library.gd.remap[39m[0m
[  98% ] [90m[1msavepack[22m | Storing File: res://scripts/codes/scene_manager.gd.remap[39m[0m
[  98% ] [90m[1msavepack[22m | Storing File: res://scripts/codes/soul_space.gd.remap[39m[0m
[  98% ] [90m[1msavepack[22m | Storing File: res://scripts/codes/spellCreation.gd.remap[39m[0m
[  98% ] [90m[1msavepack[22m | Storing File: res://scripts/codes/starter_runes.gd.remap[39m[0m
[  98% ] [90m[1msavepack[22m | Storing File: res://scripts/codes/start_menu.gd.remap[39m[0m
[  98% ] [90m[1msavepack[22m | Storing File: res://scripts/codes/world_map.gd.remap[39m[0m
[  98% ] [90m[1msavepack[22m | Storing File: res://scripts/components/board_piece.gd.remap[39m[0m
[  98% ] [90m[1msavepack[22m | Storing File: res://scripts/components/exit_door.gd.remap[39m[0m
[  98% ] [90m[1msavepack[22m | Storing File: res://scripts/components/minimap_panel.gd.remap[39m[0m
[  98% ] [90m[1msavepack[22m | Storing File: res://scripts/game/campaign_state.gd.remap[39m[0m
[  98% ] [90m[1msavepack[22m | Storing File: res://scripts/game/character_record.gd.remap[39m[0m
[  98% ] [90m[1msavepack[22m | Storing File: res://scripts/game/combat_resolver.gd.remap[39m[0m
[  98% ] [90m[1msavepack[22m | Storing File: res://scripts/game/dungeon_runtime_profile.gd.remap[39m[0m
[  98% ] [90m[1msavepack[22m | Storing File: res://scripts/game/expedition_state.gd.remap[39m[0m
[  98% ] [90m[1msavepack[22m | Storing File: res://scripts/game/field_dungeon_generator.gd.remap[39m[0m
[  98% ] [90m[1msavepack[22m | Storing File: res://scripts/game/game_balance.gd.remap[39m[0m
[  98% ] [90m[1msavepack[22m | Storing File: res://scripts/game/game_settings.gd.remap[39m[0m
[  98% ] [90m[1msavepack[22m | Storing File: res://scripts/game/gear_data.gd.remap[39m[0m
[  98% ] [90m[1msavepack[22m | Storing File: res://scripts/game/run_state.gd.remap[39m[0m
[  98% ] [90m[1msavepack[22m | Storing File: res://scripts/scenes/abyssal_archive.gd.remap[39m[0m
[  98% ] [90m[1msavepack[22m | Storing File: res://scripts/scenes/ashen_farmstead.gd.remap[39m[0m
[  98% ] [90m[1msavepack[22m | Storing File: res://scripts/scenes/class_selection.gd.remap[39m[0m
[  98% ] [90m[1msavepack[22m | Storing File: res://scripts/scenes/crypt.gd.remap[39m[0m
[  98% ] [90m[1msavepack[22m | Storing File: res://scripts/scenes/ember_foundry.gd.remap[39m[0m
[  98% ] [90m[1msavepack[22m | Storing File: res://scripts/scenes/forest.gd.remap[39m[0m
[  98% ] [90m[1msavepack[22m | Storing File: res://scripts/scenes/mode_selection.gd.remap[39m[0m
[  98% ] [90m[1msavepack[22m | Storing File: res://scripts/scenes/moonlit_grove.gd.remap[39m[0m
[  98% ] [90m[1msavepack[22m | Storing File: res://scripts/scenes/start_screen.gd.remap[39m[0m
[  98% ] [90m[1msavepack[22m | Storing File: res://scripts/scenes/sunken_mine.gd.remap[39m[0m
[  98% ] [90m[1msavepack[22m | Storing File: res://scripts/scenes/tavern.gd.remap[39m[0m
[  98% ] [90m[1msavepack[22m | Storing File: res://scripts/slasher/field_slasher_minimap.gd.remap[39m[0m
[  98% ] [90m[1msavepack[22m | Storing File: res://scripts/slasher/slasher_archive.gd.remap[39m[0m
[  98% ] [90m[1msavepack[22m | Storing File: res://scripts/slasher/slasher_breakable_prop.gd.remap[39m[0m
[  98% ] [90m[1msavepack[22m | Storing File: res://scripts/slasher/slasher_codex_menu.gd.remap[39m[0m
[  98% ] [90m[1msavepack[22m | Storing File: res://scripts/slasher/slasher_crypt.gd.remap[39m[0m
[  98% ] [90m[1msavepack[22m | Storing File: res://scripts/slasher/slasher_endless_prompt.gd.remap[39m[0m
[  98% ] [90m[1msavepack[22m | Storing File: res://scripts/slasher/slasher_enemy.gd.remap[39m[0m
[  98% ] [90m[1msavepack[22m | Storing File: res://scripts/slasher/slasher_farmstead.gd.remap[39m[0m
[  98% ] [90m[1msavepack[22m | Storing File: res://scripts/slasher/slasher_forest.gd.remap[39m[0m
[  98% ] [90m[1msavepack[22m | Storing File: res://scripts/slasher/slasher_forest_art.gd.remap[39m[0m
[  98% ] [90m[1msavepack[22m | Storing File: res://scripts/slasher/slasher_forest_generator.gd.remap[39m[0m
[  98% ] [90m[1msavepack[22m | Storing File: res://scripts/slasher/slasher_foundry.gd.remap[39m[0m
[  98% ] [90m[1msavepack[22m | Storing File: res://scripts/slasher/slasher_grid_pathfinder.gd.remap[39m[0m
[  98% ] [90m[1msavepack[22m | Storing File: res://scripts/slasher/slasher_grove.gd.remap[39m[0m
[  98% ] [90m[1msavepack[22m | Storing File: res://scripts/slasher/slasher_hostile_projectile.gd.remap[39m[0m
[  98% ] [90m[1msavepack[22m | Storing File: res://scripts/slasher/slasher_item_runtime.gd.remap[39m[0m
[  98% ] [90m[1msavepack[22m | Storing File: res://scripts/slasher/slasher_mine.gd.remap[39m[0m
[  98% ] [90m[1msavepack[22m | Storing File: res://scripts/slasher/slasher_party_companion.gd.remap[39m[0m
[  98% ] [90m[1msavepack[22m | Storing File: res://scripts/slasher/slasher_player.gd.remap[39m[0m
[  98% ] [90m[1msavepack[22m | Storing File: res://scripts/slasher/slasher_progression_overlay.gd.remap[39m[0m
[  98% ] [90m[1msavepack[22m | Storing File: res://scripts/slasher/slasher_projectile.gd.remap[39m[0m
[  98% ] [90m[1msavepack[22m | Storing File: res://scripts/slasher/slasher_relic_choice_modal.gd.remap[39m[0m
[  98% ] [90m[1msavepack[22m | Storing File: res://scripts/slasher/slasher_sprite_library.gd.remap[39m[0m
[  98% ] [90m[1msavepack[22m | Storing File: res://scripts/slasher/slasher_wolf.gd.remap[39m[0m
[  98% ] [90m[1msavepack[22m | Storing File: res://scripts/ui/fantasy_button.gd.remap[39m[0m
[  98% ] [90m[1msavepack[22m | Storing File: res://scripts/ui/game_options_panel.gd.remap[39m[0m
[  98% ] [90m[1msavepack[22m | Storing File: res://scripts/ui/item_reward_card.gd.remap[39m[0m
[  98% ] [90m[1msavepack[22m | Storing File: res://scripts/ui/merchant_shop_panel.gd.remap[39m[0m
[  98% ] [90m[1msavepack[22m | Storing File: res://scripts/ui/player_character_menu.gd.remap[39m[0m
[  98% ] [90m[1msavepack[22m | Storing File: res://scripts/main.gd.remap[39m[0m
[  98% ] [90m[1msavepack[22m | Storing File: res://tests/campaign_loop_test.gd.remap[39m[0m
[  98% ] [90m[1msavepack[22m | Storing File: res://tests/class_scene_smoke_test.gd.remap[39m[0m
[  98% ] [90m[1msavepack[22m | Storing File: res://tests/class_system_test.gd.remap[39m[0m
[  98% ] [90m[1msavepack[22m | Storing File: res://tests/combat_stats_test.gd.remap[39m[0m
[  98% ] [90m[1msavepack[22m | Storing File: res://tests/consumables_and_targeting_test.gd.remap[39m[0m
[  98% ] [90m[1msavepack[22m | Storing File: res://tests/crypt_slasher_contract_test.gd.remap[39m[0m
[  98% ] [90m[1msavepack[22m | Storing File: res://tests/demo_acceptance_test.gd.remap[39m[0m
[  98% ] [90m[1msavepack[22m | Storing File: res://tests/dungeon_action_economy_test.gd.remap[39m[0m
[  98% ] [90m[1msavepack[22m | Storing File: res://tests/ember_foundry_test.gd.remap[39m[0m
[  98% ] [90m[1msavepack[22m | Storing File: res://tests/farmstead_slasher_test.gd.remap[39m[0m
[  98% ] [90m[1msavepack[22m | Storing File: res://tests/field_dungeon_test.gd.remap[39m[0m
[  98% ] [90m[1msavepack[22m | Storing File: res://tests/merchant_economy_test.gd.remap[39m[0m
[  98% ] [90m[1msavepack[22m | Storing File: res://tests/multi_mode_slasher_test.gd.remap[39m[0m
[  98% ] [90m[1msavepack[22m | Storing File: res://tests/multi_save_test.gd.remap[39m[0m
[  98% ] [90m[1msavepack[22m | Storing File: res://tests/party_runtime_test.gd.remap[39m[0m
[  98% ] [90m[1msavepack[22m | Storing File: res://tests/release_readiness_test.gd.remap[39m[0m
[  98% ] [90m[1msavepack[22m | Storing File: res://tests/release_visual_capture.gd.remap[39m[0m
[  98% ] [90m[1msavepack[22m | Storing File: res://tests/secret_dungeons_test.gd.remap[39m[0m
[  98% ] [90m[1msavepack[22m | Storing File: res://tests/sunken_mine_test.gd.remap[39m[0m
[  98% ] [90m[1msavepack[22m | Storing File: res://tests/tavern_redesign_test.gd.remap[39m[0m
[  98% ] [90m[1msavepack[22m | Storing File: res://tools/build_enemy_frames.gd.remap[39m[0m
[  98% ] [90m[1msavepack[22m | Storing File: res://tools/build_fireball_frames.gd.remap[39m[0m
[  98% ] [90m[1msavepack[22m | Storing File: res://tools/build_flamethrower_frames.gd.remap[39m[0m
[  98% ] [90m[1msavepack[22m | Storing File: res://.godot/global_script_class_cache.cfg[39m[0m
[  98% ] [90m[1msavepack[22m | Storing File: res://icon.svg[39m[0m
[  98% ] [90m[1msavepack[22m | Storing File: res://.godot/uid_cache.bin[39m[0m
[  98% ] [90m[1msavepack[22m | Storing File: res://project.binary[39m[0m
[92m[ DONE ][39m [1msavepack[22m
[0m
